{
"type": "FeatureCollection",
"name": "barrios_santa_marta",
"crs": { "type": "name", "properties": { "name": "urn:ogc:def:crs:OGC:1.3:CRS84" } },
"features": [
{ "type": "Feature", "properties": { "name": "Localidad 3 Turística - Perla del Caribe", "barrio_id": 0 }, "geometry": { "type": "Polygon", "coordinates": [ [ [ -74.2378351, 11.1830006 ], [ -74.2374434, 11.1833788 ], [ -74.2366613, 11.1841625 ], [ -74.2343268, 11.1872009 ], [ -74.234072, 11.187635 ], [ -74.2332137, 11.1888244 ], [ -74.2328596, 11.1894585 ], [ -74.2321569, 11.1906136 ], [ -74.2323037, 11.1907248 ], [ -74.2322802, 11.1908128 ], [ -74.2322122, 11.1909079 ], [ -74.2321851, 11.1909763 ], [ -74.2320027, 11.1912646 ], [ -74.2318697, 11.1914852 ], [ -74.2316148, 11.191758 ], [ -74.231578, 11.1918607 ], [ -74.231493, 11.1919608 ], [ -74.2312248, 11.1923397 ], [ -74.2311537, 11.1924653 ], [ -74.2311088, 11.1925692 ], [ -74.2310719, 11.1926791 ], [ -74.2310531, 11.1927883 ], [ -74.2310371, 11.1929521 ], [ -74.2310519, 11.1931264 ], [ -74.2310692, 11.1932435 ], [ -74.231092, 11.1933724 ], [ -74.2311303, 11.1935026 ], [ -74.2311464, 11.1935244 ], [ -74.2311745, 11.1935395 ], [ -74.2312348, 11.1935533 ], [ -74.2314463, 11.1935728 ], [ -74.2315698, 11.1935921 ], [ -74.231609, 11.1935954 ], [ -74.2316335, 11.1936069 ], [ -74.2316496, 11.193626 ], [ -74.2316533, 11.1936483 ], [ -74.2316419, 11.1936855 ], [ -74.2315561, 11.1938158 ], [ -74.2314716, 11.1938829 ], [ -74.2313643, 11.1939513 ], [ -74.2313388, 11.1939552 ], [ -74.2310035, 11.1944486 ], [ -74.2308091, 11.1946919 ], [ -74.2306133, 11.1950498 ], [ -74.2304995, 11.1951843 ], [ -74.2304308, 11.1953611 ], [ -74.2302284, 11.1956128 ], [ -74.230113, 11.1957918 ], [ -74.2300017, 11.1959421 ], [ -74.2299072, 11.19606 ], [ -74.2298386, 11.1962284 ], [ -74.2297318, 11.1963531 ], [ -74.2297174, 11.196468 ], [ -74.2296436, 11.1965883 ], [ -74.2295983, 11.1966914 ], [ -74.2296498, 11.1968514 ], [ -74.2296583, 11.1970535 ], [ -74.2296583, 11.1972808 ], [ -74.2296197, 11.1974145 ], [ -74.2295566, 11.1975468 ], [ -74.2294604, 11.1976604 ], [ -74.2293181, 11.197789 ], [ -74.2292858, 11.1978847 ], [ -74.2292437, 11.1980097 ], [ -74.2292358, 11.1981275 ], [ -74.2292315, 11.1981455 ], [ -74.22921, 11.1982347 ], [ -74.2293356, 11.1982833 ], [ -74.229105, 11.1985937 ], [ -74.2289209, 11.1989668 ], [ -74.228798, 11.1992824 ], [ -74.2287215, 11.1995763 ], [ -74.228719, 11.1996024 ], [ -74.2286752, 11.1997313 ], [ -74.2286055, 11.1999008 ], [ -74.2285297, 11.2002892 ], [ -74.2281953, 11.2015303 ], [ -74.2281067, 11.2021381 ], [ -74.2281014, 11.2024512 ], [ -74.2280504, 11.2028616 ], [ -74.2280048, 11.2033194 ], [ -74.2280236, 11.203843 ], [ -74.2281443, 11.2049586 ], [ -74.2282864, 11.2056479 ], [ -74.2283451, 11.2058014 ], [ -74.2283795, 11.2060287 ], [ -74.2285511, 11.2063655 ], [ -74.2287228, 11.2066434 ], [ -74.2288429, 11.2068538 ], [ -74.2290527, 11.2071275 ], [ -74.2291103, 11.2071847 ], [ -74.2291809, 11.2072604 ], [ -74.2294198, 11.2074643 ], [ -74.2297442, 11.2077295 ], [ -74.2299762, 11.2074529 ], [ -74.2302471, 11.2072266 ], [ -74.2304108, 11.2071477 ], [ -74.2304993, 11.2071056 ], [ -74.2306843, 11.2070477 ], [ -74.2308667, 11.207316 ], [ -74.2309901, 11.2074213 ], [ -74.2310652, 11.2075371 ], [ -74.2311752, 11.2076344 ], [ -74.2312476, 11.2076923 ], [ -74.2313227, 11.2077475 ], [ -74.2314541, 11.207787 ], [ -74.231548, 11.2077712 ], [ -74.2316925, 11.2077295 ], [ -74.2317277, 11.2079501 ], [ -74.2317382, 11.2082927 ], [ -74.231816, 11.2084454 ], [ -74.2318973, 11.20862 ], [ -74.2320893, 11.2090046 ], [ -74.2322937, 11.2091815 ], [ -74.2324761, 11.2093077 ], [ -74.2328167, 11.2093998 ], [ -74.2331144, 11.2094551 ], [ -74.2333344, 11.2093367 ], [ -74.2335194, 11.2092946 ], [ -74.2337029, 11.2091646 ], [ -74.2338231, 11.2090299 ], [ -74.233969, 11.2089962 ], [ -74.234072, 11.2089709 ], [ -74.2342866, 11.2090467 ], [ -74.2344926, 11.2092151 ], [ -74.2346299, 11.2092572 ], [ -74.2347243, 11.2091814 ], [ -74.2348359, 11.2091056 ], [ -74.2349389, 11.2090551 ], [ -74.2350934, 11.2090299 ], [ -74.2352221, 11.2090804 ], [ -74.2353337, 11.2090888 ], [ -74.235471, 11.2090467 ], [ -74.2357028, 11.2088278 ], [ -74.2358659, 11.2087352 ], [ -74.2359345, 11.208752 ], [ -74.2359689, 11.208811 ], [ -74.2359946, 11.2088952 ], [ -74.2360118, 11.2090046 ], [ -74.2360461, 11.2090804 ], [ -74.2360804, 11.2092067 ], [ -74.2361663, 11.2092488 ], [ -74.2362016, 11.2093998 ], [ -74.2363223, 11.2095024 ], [ -74.2364618, 11.209484 ], [ -74.2365906, 11.2094472 ], [ -74.2365772, 11.2095366 ], [ -74.236435, 11.2096603 ], [ -74.2363036, 11.2097876 ], [ -74.2361234, 11.2098297 ], [ -74.2360461, 11.2099728 ], [ -74.2360058, 11.2103575 ], [ -74.2359562, 11.2104322 ], [ -74.2359259, 11.210478 ], [ -74.2358664, 11.2105456 ], [ -74.2357629, 11.2106632 ], [ -74.2355655, 11.2108148 ], [ -74.2353809, 11.210868 ], [ -74.2352307, 11.2109916 ], [ -74.2350934, 11.21116 ], [ -74.2349217, 11.2113031 ], [ -74.2348391, 11.211421 ], [ -74.2347329, 11.2115725 ], [ -74.2345012, 11.2118082 ], [ -74.2343381, 11.2120524 ], [ -74.2341492, 11.2121955 ], [ -74.2339518, 11.2122797 ], [ -74.2338059, 11.2123976 ], [ -74.2336943, 11.2124734 ], [ -74.233565, 11.2125259 ], [ -74.2334819, 11.2125597 ], [ -74.2333939, 11.2126417 ], [ -74.2333081, 11.2128522 ], [ -74.2332652, 11.2129617 ], [ -74.233211, 11.2132148 ], [ -74.2331815, 11.2133411 ], [ -74.2331708, 11.2135463 ], [ -74.2331681, 11.2137042 ], [ -74.2331734, 11.2138542 ], [ -74.2331734, 11.2140673 ], [ -74.2331622, 11.2142751 ], [ -74.233173, 11.2147037 ], [ -74.2332383, 11.2148591 ], [ -74.2332996, 11.2149067 ], [ -74.2333781, 11.2149028 ], [ -74.2334352, 11.214893 ], [ -74.233465, 11.2149329 ], [ -74.2334414, 11.2150248 ], [ -74.2333644, 11.2150892 ], [ -74.2333365, 11.2152455 ], [ -74.2333251, 11.2153096 ], [ -74.2334282, 11.2155406 ], [ -74.2338467, 11.2161931 ], [ -74.233957, 11.2163293 ], [ -74.2340124, 11.2163997 ], [ -74.2342217, 11.2166229 ], [ -74.2343488, 11.2168554 ], [ -74.2346005, 11.2167257 ], [ -74.2348966, 11.2166385 ], [ -74.2352282, 11.2165605 ], [ -74.2353163, 11.2165306 ], [ -74.2353673, 11.2165522 ], [ -74.2354099, 11.2165746 ], [ -74.2354084, 11.2166346 ], [ -74.2353836, 11.2166946 ], [ -74.235411, 11.2167756 ], [ -74.2355051, 11.2169397 ], [ -74.235561, 11.2169565 ], [ -74.2356091, 11.2169245 ], [ -74.2356128, 11.216976 ], [ -74.2356445, 11.2169759 ], [ -74.2356424, 11.2170361 ], [ -74.2358224, 11.2170245 ], [ -74.2359517, 11.2171444 ], [ -74.2360756, 11.2171797 ], [ -74.2361058, 11.2172159 ], [ -74.2361234, 11.2172355 ], [ -74.2361624, 11.2172246 ], [ -74.2361919, 11.2172236 ], [ -74.2362153, 11.2171896 ], [ -74.2362388, 11.2171806 ], [ -74.2363002, 11.2172659 ], [ -74.2364444, 11.2172073 ], [ -74.236602, 11.2172415 ], [ -74.2366221, 11.217183 ], [ -74.2367683, 11.2172119 ], [ -74.2369402, 11.2172291 ], [ -74.2369819, 11.217235 ], [ -74.2369949, 11.2172386 ], [ -74.2370224, 11.2172316 ], [ -74.237025, 11.217204 ], [ -74.2370302, 11.2171864 ], [ -74.2370023, 11.217176 ], [ -74.2369664, 11.2171689 ], [ -74.2369727, 11.2171403 ], [ -74.2369848, 11.2171199 ], [ -74.2369842, 11.2170856 ], [ -74.2369929, 11.2170422 ], [ -74.2368018, 11.2169298 ], [ -74.2369996, 11.2165917 ], [ -74.2370573, 11.2165016 ], [ -74.2370117, 11.2164666 ], [ -74.2370398, 11.2164339 ], [ -74.2373657, 11.2166575 ], [ -74.2374529, 11.2167232 ], [ -74.2374504, 11.2167892 ], [ -74.237469, 11.2168484 ], [ -74.2375018, 11.2168829 ], [ -74.2375119, 11.2169087 ], [ -74.2376076, 11.216976 ], [ -74.2376747, 11.2169957 ], [ -74.2377548, 11.2169681 ], [ -74.2378615, 11.2169957 ], [ -74.2379968, 11.217099 ], [ -74.2379217, 11.2173276 ], [ -74.2379401, 11.2174571 ], [ -74.2379203, 11.2176105 ], [ -74.237933, 11.2176211 ], [ -74.2379545, 11.2176296 ], [ -74.2379876, 11.2176816 ], [ -74.2380265, 11.2177434 ], [ -74.2380725, 11.2178493 ], [ -74.2381946, 11.2179999 ], [ -74.2382851, 11.2181809 ], [ -74.2383669, 11.2183762 ], [ -74.2384526, 11.2185054 ], [ -74.238528, 11.2186406 ], [ -74.2385747, 11.2187405 ], [ -74.2386779, 11.2189149 ], [ -74.2387055, 11.218952 ], [ -74.2388052, 11.2190698 ], [ -74.2389288, 11.2191726 ], [ -74.2390429, 11.2192479 ], [ -74.2391721, 11.219368 ], [ -74.2392781, 11.219445 ], [ -74.239448, 11.2195936 ], [ -74.2396074, 11.2197133 ], [ -74.2397684, 11.2198328 ], [ -74.2399044, 11.2199245 ], [ -74.2401331, 11.2200541 ], [ -74.2401831, 11.2200664 ], [ -74.2403142, 11.2200974 ], [ -74.2404224, 11.2200978 ], [ -74.2404878, 11.2201001 ], [ -74.240563, 11.2200797 ], [ -74.2406417, 11.2200283 ], [ -74.2406511, 11.2200209 ], [ -74.240692, 11.2200093 ], [ -74.2407309, 11.2199831 ], [ -74.2408878, 11.2198914 ], [ -74.2410573, 11.2197733 ], [ -74.2411835, 11.2195949 ], [ -74.2413463, 11.2194913 ], [ -74.2415952, 11.219466 ], [ -74.241724, 11.2198112 ], [ -74.2418012, 11.220047 ], [ -74.2417011, 11.2201362 ], [ -74.2416124, 11.2202153 ], [ -74.2416124, 11.2203762 ], [ -74.2416124, 11.2205184 ], [ -74.2416553, 11.2208552 ], [ -74.2415707, 11.2211448 ], [ -74.2413624, 11.2213394 ], [ -74.2411126, 11.221338 ], [ -74.2410733, 11.2211985 ], [ -74.2409114, 11.2213146 ], [ -74.2407291, 11.2215368 ], [ -74.2403679, 11.221655 ], [ -74.2400503, 11.2215876 ], [ -74.2399559, 11.2217055 ], [ -74.239295, 11.2216634 ], [ -74.2378616, 11.221857 ], [ -74.2373612, 11.2219094 ], [ -74.2372265, 11.2222948 ], [ -74.2368316, 11.2225053 ], [ -74.2365398, 11.2228926 ], [ -74.2363338, 11.2229683 ], [ -74.2362737, 11.2231115 ], [ -74.2360334, 11.2231367 ], [ -74.2359476, 11.2233135 ], [ -74.2359476, 11.2237008 ], [ -74.2358875, 11.2238523 ], [ -74.2350893, 11.2240375 ], [ -74.2348747, 11.2242733 ], [ -74.2349348, 11.2245343 ], [ -74.2346086, 11.2247195 ], [ -74.2342052, 11.2249552 ], [ -74.233254, 11.2256256 ], [ -74.2332598, 11.2260553 ], [ -74.2334671, 11.2264538 ], [ -74.2335429, 11.2265136 ], [ -74.2334156, 11.2269336 ], [ -74.2332353, 11.2270767 ], [ -74.2327976, 11.2276997 ], [ -74.2325916, 11.2278513 ], [ -74.2324285, 11.227986 ], [ -74.2311485, 11.228186 ], [ -74.2306887, 11.2281759 ], [ -74.2278623, 11.2283732 ], [ -74.226798, 11.2286426 ], [ -74.226326, 11.2288447 ], [ -74.2255151, 11.2291853 ], [ -74.2249743, 11.2296261 ], [ -74.2249507, 11.2297444 ], [ -74.2248489, 11.2298433 ], [ -74.2246093, 11.2304106 ], [ -74.2245759, 11.230719 ], [ -74.2245722, 11.2309497 ], [ -74.223901, 11.2307815 ], [ -74.2235899, 11.2308131 ], [ -74.2228818, 11.2308236 ], [ -74.2225707, 11.2308131 ], [ -74.2219377, 11.2306026 ], [ -74.2216587, 11.2304448 ], [ -74.2213154, 11.2302238 ], [ -74.2210472, 11.2299923 ], [ -74.2208326, 11.2298239 ], [ -74.2204785, 11.2296871 ], [ -74.2200708, 11.229666 ], [ -74.2195451, 11.2296976 ], [ -74.2190838, 11.229666 ], [ -74.2185152, 11.229666 ], [ -74.2181826, 11.2296976 ], [ -74.2178178, 11.2295924 ], [ -74.2173565, 11.2294345 ], [ -74.2169166, 11.2291083 ], [ -74.2166698, 11.2287505 ], [ -74.2166054, 11.2282769 ], [ -74.2166376, 11.2277613 ], [ -74.2166484, 11.2274561 ], [ -74.2165411, 11.2271509 ], [ -74.2164445, 11.2269615 ], [ -74.2164123, 11.2266248 ], [ -74.216423, 11.2261617 ], [ -74.2163158, 11.2258144 ], [ -74.2161548, 11.2255934 ], [ -74.215833, 11.2252777 ], [ -74.2156506, 11.2250462 ], [ -74.2155647, 11.22472 ], [ -74.215554, 11.2244569 ], [ -74.2156291, 11.2242464 ], [ -74.2158115, 11.2240465 ], [ -74.2161977, 11.2238676 ], [ -74.2165411, 11.2236781 ], [ -74.2168415, 11.2233835 ], [ -74.2170668, 11.2229415 ], [ -74.2171311, 11.2226574 ], [ -74.2170775, 11.2223416 ], [ -74.2169273, 11.2218155 ], [ -74.2167127, 11.2213103 ], [ -74.2164874, 11.220963 ], [ -74.2162621, 11.2207736 ], [ -74.2159188, 11.2206368 ], [ -74.2157364, 11.2205631 ], [ -74.2156398, 11.2204158 ], [ -74.2156184, 11.2200896 ], [ -74.2156184, 11.2197528 ], [ -74.2155755, 11.2195318 ], [ -74.215318, 11.2193845 ], [ -74.2150283, 11.2193003 ], [ -74.214803, 11.2193003 ], [ -74.2146421, 11.2191214 ], [ -74.2145991, 11.2188372 ], [ -74.2144382, 11.2185847 ], [ -74.2142987, 11.2184479 ], [ -74.2141163, 11.21829 ], [ -74.2140734, 11.2181427 ], [ -74.2141271, 11.217848 ], [ -74.2142022, 11.2175638 ], [ -74.2142344, 11.2170482 ], [ -74.2138052, 11.21608 ], [ -74.2132044, 11.2155538 ], [ -74.2127538, 11.2154906 ], [ -74.2119599, 11.2158485 ], [ -74.2115307, 11.2161431 ], [ -74.2112088, 11.2166062 ], [ -74.2109728, 11.2169009 ], [ -74.2104578, 11.216964 ], [ -74.2102862, 11.2167325 ], [ -74.2100501, 11.2163747 ], [ -74.209621, 11.2163747 ], [ -74.2094064, 11.2161642 ], [ -74.2096853, 11.2155538 ], [ -74.2096424, 11.2151749 ], [ -74.2091918, 11.2148171 ], [ -74.2088056, 11.2147961 ], [ -74.2083979, 11.2149645 ], [ -74.2079902, 11.2149013 ], [ -74.2076254, 11.2146698 ], [ -74.2070675, 11.2149855 ], [ -74.20681, 11.2158274 ], [ -74.2066169, 11.2166272 ], [ -74.2060805, 11.2176796 ], [ -74.205544, 11.2181848 ], [ -74.2051578, 11.2184794 ], [ -74.2044282, 11.2186268 ], [ -74.2039132, 11.2189425 ], [ -74.2033982, 11.2192161 ], [ -74.203012, 11.2195529 ], [ -74.2025829, 11.2201632 ], [ -74.202261, 11.2204158 ], [ -74.2018748, 11.2205842 ], [ -74.201746, 11.2202685 ], [ -74.2019391, 11.2197633 ], [ -74.2020464, 11.2192792 ], [ -74.2021322, 11.2186689 ], [ -74.2022181, 11.2182269 ], [ -74.2025614, 11.217869 ], [ -74.2029262, 11.2175323 ], [ -74.2031193, 11.2170903 ], [ -74.2028833, 11.2166062 ], [ -74.2027545, 11.2161431 ], [ -74.2027974, 11.215659 ], [ -74.2033982, 11.2150697 ], [ -74.2035699, 11.2146066 ], [ -74.2033982, 11.2142488 ], [ -74.2030335, 11.2141015 ], [ -74.2026472, 11.21387 ], [ -74.2026472, 11.213449 ], [ -74.2027116, 11.2128386 ], [ -74.202261, 11.212565 ], [ -74.2017889, 11.2125018 ], [ -74.2014241, 11.2125018 ], [ -74.2011237, 11.2128807 ], [ -74.2010379, 11.2131333 ], [ -74.2010164, 11.2135542 ], [ -74.2007804, 11.2138068 ], [ -74.2004585, 11.2138489 ], [ -74.2001152, 11.2140594 ], [ -74.2000938, 11.2146487 ], [ -74.2000294, 11.2149645 ], [ -74.199729, 11.2149013 ], [ -74.1992998, 11.2150065 ], [ -74.1990423, 11.2153223 ], [ -74.1987634, 11.2150697 ], [ -74.1984201, 11.2148592 ], [ -74.1981626, 11.2151118 ], [ -74.1981626, 11.2154696 ], [ -74.1978836, 11.2156801 ], [ -74.1977334, 11.2159537 ], [ -74.1973043, 11.2159327 ], [ -74.1967893, 11.2159747 ], [ -74.196446, 11.2157853 ], [ -74.196446, 11.2154906 ], [ -74.1961885, 11.2153012 ], [ -74.1957808, 11.2151539 ], [ -74.195416, 11.2150276 ], [ -74.1956735, 11.214754 ], [ -74.1959095, 11.2143541 ], [ -74.1953946, 11.2141857 ], [ -74.1945792, 11.2147329 ], [ -74.1940642, 11.2153223 ], [ -74.1941929, 11.2162063 ], [ -74.194665, 11.2167114 ], [ -74.1947508, 11.2173429 ], [ -74.1942358, 11.2177638 ], [ -74.1935063, 11.2175534 ], [ -74.1932059, 11.2167956 ], [ -74.1928196, 11.2158695 ], [ -74.1930771, 11.2151539 ], [ -74.1929506, 11.2149057 ], [ -74.1929193, 11.2148443 ], [ -74.1927338, 11.2144804 ], [ -74.1929913, 11.2138068 ], [ -74.1937209, 11.2136805 ], [ -74.1939784, 11.2130491 ], [ -74.1938067, 11.2123756 ], [ -74.1940642, 11.2118283 ], [ -74.1945792, 11.2114494 ], [ -74.1950942, 11.2109443 ], [ -74.194665, 11.2104391 ], [ -74.1942358, 11.210397 ], [ -74.1935921, 11.2100603 ], [ -74.1935492, 11.2092604 ], [ -74.1929559, 11.2084602 ], [ -74.1928831, 11.2083619 ], [ -74.1928626, 11.2083343 ], [ -74.1975832, 11.2033247 ], [ -74.1986407, 11.2024635 ], [ -74.1987211, 11.202398 ], [ -74.1989551, 11.2022075 ], [ -74.1990302, 11.2021464 ], [ -74.1998578, 11.2014724 ], [ -74.2011452, 11.2005042 ], [ -74.2016602, 11.1998306 ], [ -74.2041922, 11.1955366 ], [ -74.2047072, 11.1946525 ], [ -74.2051363, 11.1943157 ], [ -74.2068959, 11.1932632 ], [ -74.2120886, 11.190611 ], [ -74.2189368, 11.187093 ], [ -74.2191122, 11.1870029 ], [ -74.2190435, 11.1868956 ], [ -74.2185361, 11.1861577 ], [ -74.2185152, 11.1861273 ], [ -74.2180279, 11.185778 ], [ -74.2179573, 11.1857274 ], [ -74.2177514, 11.185503 ], [ -74.217571, 11.1853064 ], [ -74.2173635, 11.1850621 ], [ -74.2173565, 11.1850538 ], [ -74.2171633, 11.1845591 ], [ -74.2170861, 11.1843565 ], [ -74.2170353, 11.1842233 ], [ -74.2170564, 11.1842135 ], [ -74.2170684, 11.1842082 ], [ -74.2170881, 11.1841986 ], [ -74.2184888, 11.1835278 ], [ -74.2189428, 11.1841771 ], [ -74.2196636, 11.1842921 ], [ -74.223665, 11.1822015 ], [ -74.2265412, 11.1796926 ], [ -74.2267168, 11.1789218 ], [ -74.2266583, 11.178538 ], [ -74.226308, 11.1777065 ], [ -74.2249224, 11.1777939 ], [ -74.2244484, 11.1777523 ], [ -74.2242208, 11.1774931 ], [ -74.2238871, 11.1771153 ], [ -74.22274, 11.1768583 ], [ -74.2228339, 11.1761301 ], [ -74.222468, 11.1754303 ], [ -74.2218615, 11.1754525 ], [ -74.2215051, 11.1754698 ], [ -74.2206692, 11.175316 ], [ -74.2207037, 11.1735998 ], [ -74.2226082, 11.1720091 ], [ -74.2232017, 11.1726136 ], [ -74.2229902, 11.17325 ], [ -74.2222756, 11.1741397 ], [ -74.2227821, 11.1749071 ], [ -74.2237401, 11.175739 ], [ -74.2239062, 11.1758562 ], [ -74.2252492, 11.1770714 ], [ -74.2267705, 11.176477 ], [ -74.2270279, 11.1756176 ], [ -74.227712, 11.174973 ], [ -74.2283705, 11.1750971 ], [ -74.2285691, 11.176518 ], [ -74.2296985, 11.1739366 ], [ -74.2298617, 11.1731352 ], [ -74.2269588, 11.1642082 ], [ -74.2255823, 11.1627585 ], [ -74.2243983, 11.1615653 ], [ -74.2236081, 11.1612674 ], [ -74.2231549, 11.1607202 ], [ -74.2230635, 11.1601346 ], [ -74.2229129, 11.159739 ], [ -74.2222581, 11.1592956 ], [ -74.2204614, 11.1595967 ], [ -74.2177276, 11.15944 ], [ -74.2170588, 11.158863 ], [ -74.2168849, 11.1570384 ], [ -74.2163461, 11.1563724 ], [ -74.2154706, 11.156015 ], [ -74.2127635, 11.1560026 ], [ -74.212401, 11.1568347 ], [ -74.2118692, 11.157052 ], [ -74.2118871, 11.1561856 ], [ -74.2117295, 11.1558958 ], [ -74.2115692, 11.1555472 ], [ -74.2097803, 11.1556946 ], [ -74.2058343, 11.1555835 ], [ -74.2052757, 11.155275 ], [ -74.2049083, 11.1544214 ], [ -74.205098, 11.1533014 ], [ -74.2051436, 11.1525867 ], [ -74.2059961, 11.1508036 ], [ -74.2067306, 11.1503621 ], [ -74.2073024, 11.1496654 ], [ -74.2100105, 11.1418308 ], [ -74.2101483, 11.1361424 ], [ -74.2080076, 11.1344148 ], [ -74.2073355, 11.1317623 ], [ -74.2075604, 11.1306754 ], [ -74.2084709, 11.1284792 ], [ -74.209987, 11.1273445 ], [ -74.210406, 11.1265411 ], [ -74.2104005, 11.1238539 ], [ -74.2106985, 11.1234436 ], [ -74.2122544, 11.123233 ], [ -74.2182794, 11.1223412 ], [ -74.2186562, 11.1217633 ], [ -74.2194372, 11.121359 ], [ -74.2239864, 11.1201397 ], [ -74.2243362, 11.1197076 ], [ -74.2219466, 11.1087071 ], [ -74.2182752, 11.1017781 ], [ -74.2176129, 11.1004554 ], [ -74.2167663, 11.0971531 ], [ -74.2162254, 11.095046 ], [ -74.2159388, 11.0939268 ], [ -74.2157014, 11.0929833 ], [ -74.2156013, 11.0926497 ], [ -74.2149267, 11.0900537 ], [ -74.2144651, 11.0882238 ], [ -74.2142083, 11.0872187 ], [ -74.2137901, 11.0852606 ], [ -74.213817, 11.0837574 ], [ -74.2136122, 11.0785937 ], [ -74.2135875, 11.0784617 ], [ -74.213886, 11.0784336 ], [ -74.2157548, 11.0782894 ], [ -74.2155999, 11.0788497 ], [ -74.2159262, 11.0793632 ], [ -74.2161062, 11.0797441 ], [ -74.2163762, 11.0804508 ], [ -74.2167982, 11.0807435 ], [ -74.2170513, 11.0815164 ], [ -74.2171976, 11.0817869 ], [ -74.2178069, 11.0820181 ], [ -74.2181758, 11.0825264 ], [ -74.2177806, 11.0835876 ], [ -74.2178901, 11.08419 ], [ -74.2180649, 11.0851811 ], [ -74.2178228, 11.0861743 ], [ -74.2184088, 11.08645 ], [ -74.2176781, 11.0878727 ], [ -74.2177598, 11.0883937 ], [ -74.2180988, 11.0886123 ], [ -74.2180852, 11.0887501 ], [ -74.2184233, 11.0892301 ], [ -74.2184184, 11.0897529 ], [ -74.2185976, 11.0903232 ], [ -74.2189608, 11.0905893 ], [ -74.219203, 11.0914162 ], [ -74.2198229, 11.0917727 ], [ -74.2200166, 11.0918487 ], [ -74.21997, 11.09218 ], [ -74.2199633, 11.0926709 ], [ -74.2199381, 11.0926748 ], [ -74.2199469, 11.0934153 ], [ -74.2202345, 11.0941869 ], [ -74.2205265, 11.0944693 ], [ -74.2205735, 11.0945148 ], [ -74.220986, 11.0964859 ], [ -74.2210707, 11.0969847 ], [ -74.2214574, 11.097388 ], [ -74.2212612, 11.0981978 ], [ -74.2213799, 11.09889 ], [ -74.2214385, 11.0992668 ], [ -74.221658, 11.0995173 ], [ -74.2218163, 11.0997572 ], [ -74.2219371, 11.0998023 ], [ -74.2219935, 11.1001133 ], [ -74.2223449, 11.1005584 ], [ -74.2226122, 11.1005676 ], [ -74.2226734, 11.1008064 ], [ -74.2228044, 11.1010768 ], [ -74.2234912, 11.1014707 ], [ -74.2234668, 11.102369 ], [ -74.2237214, 11.1028393 ], [ -74.2242062, 11.1033485 ], [ -74.2242308, 11.103972 ], [ -74.2244416, 11.1046891 ], [ -74.2245772, 11.1047061 ], [ -74.2247806, 11.1053199 ], [ -74.2250913, 11.1061232 ], [ -74.2253256, 11.1064626 ], [ -74.2257457, 11.1069428 ], [ -74.2262837, 11.107381 ], [ -74.2266145, 11.1076482 ], [ -74.2267815, 11.1078097 ], [ -74.2277186, 11.1087112 ], [ -74.2278917, 11.1087792 ], [ -74.2289813, 11.1086872 ], [ -74.2291242, 11.1088367 ], [ -74.2291497, 11.1092704 ], [ -74.2293064, 11.1096951 ], [ -74.2295818, 11.1099563 ], [ -74.2299101, 11.1101386 ], [ -74.2301654, 11.1101998 ], [ -74.2302719, 11.1102496 ], [ -74.230394, 11.1103604 ], [ -74.2305689, 11.1107856 ], [ -74.2306348, 11.1108762 ], [ -74.2307796, 11.1110015 ], [ -74.2308591, 11.1111084 ], [ -74.2309002, 11.1112324 ], [ -74.2309362, 11.1117014 ], [ -74.2309726, 11.1118823 ], [ -74.231039, 11.1120384 ], [ -74.231161, 11.112174 ], [ -74.2313353, 11.1122464 ], [ -74.2316151, 11.1123193 ], [ -74.2317167, 11.1124151 ], [ -74.231723, 11.1125583 ], [ -74.2316805, 11.1126983 ], [ -74.2314686, 11.1132962 ], [ -74.2313656, 11.1136609 ], [ -74.2312849, 11.1139779 ], [ -74.2312642, 11.1142851 ], [ -74.2312849, 11.1145709 ], [ -74.2313417, 11.1148248 ], [ -74.2314238, 11.1150932 ], [ -74.2315423, 11.1153596 ], [ -74.2318069, 11.1157655 ], [ -74.2319991, 11.1160051 ], [ -74.2321831, 11.1161893 ], [ -74.232359, 11.1163316 ], [ -74.2325061, 11.1164246 ], [ -74.2326738, 11.1164683 ], [ -74.2328576, 11.1164772 ], [ -74.2331234, 11.1164463 ], [ -74.2332417, 11.1164204 ], [ -74.2334209, 11.116391 ], [ -74.2335444, 11.1164248 ], [ -74.2336097, 11.1165161 ], [ -74.2335851, 11.1173992 ], [ -74.2335628, 11.1175553 ], [ -74.2335075, 11.117705 ], [ -74.2334271, 11.1178399 ], [ -74.233029, 11.1184018 ], [ -74.2327995, 11.1187873 ], [ -74.2324673, 11.1193551 ], [ -74.232303, 11.1197862 ], [ -74.2321439, 11.1203671 ], [ -74.2321323, 11.1206298 ], [ -74.2321796, 11.1208359 ], [ -74.2322979, 11.1210242 ], [ -74.2324594, 11.1210767 ], [ -74.2325535, 11.1211775 ], [ -74.2325554, 11.1213181 ], [ -74.2321693, 11.1218031 ], [ -74.2318713, 11.1222723 ], [ -74.2316815, 11.1227982 ], [ -74.2315269, 11.1233053 ], [ -74.2314598, 11.1234888 ], [ -74.2314328, 11.123582 ], [ -74.2314108, 11.1238519 ], [ -74.231408, 11.124241 ], [ -74.2314463, 11.1246375 ], [ -74.2315096, 11.1251101 ], [ -74.231601, 11.125381 ], [ -74.231734, 11.1256244 ], [ -74.2319052, 11.1258278 ], [ -74.232056, 11.125967 ], [ -74.2322375, 11.126059 ], [ -74.2324426, 11.1261006 ], [ -74.2326897, 11.1260614 ], [ -74.2331028, 11.1258753 ], [ -74.2331636, 11.1259101 ], [ -74.2331712, 11.1259731 ], [ -74.2327275, 11.1263738 ], [ -74.2324428, 11.126683 ], [ -74.2321842, 11.1270392 ], [ -74.2321087, 11.1271226 ], [ -74.2318226, 11.1273875 ], [ -74.2315669, 11.1276303 ], [ -74.2313325, 11.1278746 ], [ -74.2308458, 11.1283957 ], [ -74.2306084, 11.128661 ], [ -74.2303592, 11.1290363 ], [ -74.2299952, 11.129821 ], [ -74.2300132, 11.1299476 ], [ -74.2292852, 11.1309373 ], [ -74.2292917, 11.1310125 ], [ -74.229357, 11.1310622 ], [ -74.2293701, 11.1311663 ], [ -74.2289242, 11.1321152 ], [ -74.2288572, 11.1324074 ], [ -74.2288913, 11.1326292 ], [ -74.2293443, 11.1329147 ], [ -74.2293558, 11.1330347 ], [ -74.2290202, 11.1336526 ], [ -74.228631, 11.1342758 ], [ -74.2284114, 11.134765 ], [ -74.2282977, 11.1351525 ], [ -74.2282216, 11.1356453 ], [ -74.2282109, 11.1361715 ], [ -74.2282619, 11.1365882 ], [ -74.2284071, 11.1368101 ], [ -74.2286264, 11.1369052 ], [ -74.2287834, 11.1369279 ], [ -74.2288757, 11.1370004 ], [ -74.2288711, 11.1372223 ], [ -74.2287095, 11.1376096 ], [ -74.2279782, 11.1386407 ], [ -74.2273998, 11.1397303 ], [ -74.227203, 11.1403289 ], [ -74.2266872, 11.1431538 ], [ -74.2265695, 11.1452213 ], [ -74.2265613, 11.1480147 ], [ -74.2267308, 11.1495249 ], [ -74.2270533, 11.1512438 ], [ -74.2281936, 11.1557612 ], [ -74.229028, 11.1584585 ], [ -74.2294042, 11.1594427 ], [ -74.229738, 11.160439 ], [ -74.2298696, 11.1611863 ], [ -74.2299125, 11.1614563 ], [ -74.230039, 11.1622527 ], [ -74.2300812, 11.1625182 ], [ -74.230152, 11.162964 ], [ -74.2301844, 11.163168 ], [ -74.2300386, 11.1636632 ], [ -74.2300652, 11.1643119 ], [ -74.2301696, 11.1644896 ], [ -74.2303517, 11.1645367 ], [ -74.2304198, 11.1645414 ], [ -74.2305366, 11.1651333 ], [ -74.2306319, 11.1651797 ], [ -74.2307252, 11.1658391 ], [ -74.2307257, 11.1660823 ], [ -74.2307876, 11.1663158 ], [ -74.2308655, 11.1666098 ], [ -74.2309099, 11.1667772 ], [ -74.2309769, 11.1670299 ], [ -74.2310337, 11.1672443 ], [ -74.2310404, 11.1672695 ], [ -74.2311531, 11.1674559 ], [ -74.2312802, 11.1676662 ], [ -74.2314518, 11.1677146 ], [ -74.2316987, 11.1681398 ], [ -74.231741, 11.1682127 ], [ -74.2318397, 11.1682543 ], [ -74.2318905, 11.1683793 ], [ -74.2319298, 11.1684759 ], [ -74.232016, 11.1686878 ], [ -74.2322783, 11.1688925 ], [ -74.2324626, 11.1690219 ], [ -74.2325206, 11.1690714 ], [ -74.2328549, 11.168923 ], [ -74.2329052, 11.1689224 ], [ -74.2329387, 11.1689632 ], [ -74.2330487, 11.1693158 ], [ -74.2333344, 11.169825 ], [ -74.2334926, 11.1700894 ], [ -74.2336589, 11.1703144 ], [ -74.2338574, 11.1704789 ], [ -74.234115, 11.1702694 ], [ -74.2341882, 11.1703451 ], [ -74.2341457, 11.1703909 ], [ -74.2342914, 11.1708257 ], [ -74.2343894, 11.1712068 ], [ -74.2344699, 11.171546 ], [ -74.2345376, 11.1718324 ], [ -74.2346107, 11.1721216 ], [ -74.2347134, 11.1724807 ], [ -74.2348102, 11.172753 ], [ -74.234901, 11.1729724 ], [ -74.2350017, 11.1732106 ], [ -74.2351144, 11.1734558 ], [ -74.2352341, 11.1736779 ], [ -74.2353726, 11.1739098 ], [ -74.2355577, 11.1741666 ], [ -74.2357808, 11.1744331 ], [ -74.2360255, 11.1746839 ], [ -74.2363564, 11.1749772 ], [ -74.2366453, 11.1751809 ], [ -74.2367951, 11.175217 ], [ -74.2369527, 11.175203 ], [ -74.2371067, 11.1751536 ], [ -74.2372366, 11.1750492 ], [ -74.2373546, 11.174874 ], [ -74.2374438, 11.1748347 ], [ -74.2375369, 11.1748529 ], [ -74.2376065, 11.1749136 ], [ -74.2377001, 11.1750222 ], [ -74.237792, 11.1751045 ], [ -74.2379087, 11.1751861 ], [ -74.2380006, 11.1752474 ], [ -74.2383458, 11.1754589 ], [ -74.2384326, 11.1755053 ], [ -74.2385532, 11.1755632 ], [ -74.2387033, 11.1756189 ], [ -74.2387983, 11.1756504 ], [ -74.2389233, 11.175689 ], [ -74.2390613, 11.1757182 ], [ -74.2391935, 11.1757341 ], [ -74.2393154, 11.1757326 ], [ -74.2394364, 11.1757067 ], [ -74.2395429, 11.1756688 ], [ -74.2396534, 11.1756016 ], [ -74.239741, 11.1755329 ], [ -74.240077, 11.1752295 ], [ -74.2401506, 11.1751802 ], [ -74.2402268, 11.1751444 ], [ -74.240315, 11.1751364 ], [ -74.2404105, 11.1751786 ], [ -74.2405265, 11.1752415 ], [ -74.2405923, 11.1752715 ], [ -74.2411167, 11.1755155 ], [ -74.2411839, 11.1755729 ], [ -74.2412307, 11.1756505 ], [ -74.2412581, 11.1757446 ], [ -74.2412527, 11.1758365 ], [ -74.2412187, 11.1759091 ], [ -74.2409089, 11.1762845 ], [ -74.2406252, 11.1766151 ], [ -74.2404858, 11.1767869 ], [ -74.2404229, 11.1768678 ], [ -74.2403733, 11.1769581 ], [ -74.240388, 11.1770503 ], [ -74.2404114, 11.1771348 ], [ -74.2404458, 11.177201 ], [ -74.2405185, 11.1773045 ], [ -74.240543, 11.1773688 ], [ -74.2405373, 11.1774336 ], [ -74.2405127, 11.1774872 ], [ -74.2404562, 11.177524 ], [ -74.2403898, 11.1775429 ], [ -74.2402536, 11.1776574 ], [ -74.240102, 11.1778607 ], [ -74.2399814, 11.1780922 ], [ -74.2398995, 11.1783142 ], [ -74.2398654, 11.1784644 ], [ -74.2398869, 11.1785764 ], [ -74.2399944, 11.1786935 ], [ -74.2400381, 11.1787513 ], [ -74.2400691, 11.1788208 ], [ -74.2400745, 11.1788794 ], [ -74.2400675, 11.178939 ], [ -74.2400549, 11.1790027 ], [ -74.2399466, 11.1795087 ], [ -74.23994, 11.1795647 ], [ -74.2399676, 11.1802597 ], [ -74.2399522, 11.180423 ], [ -74.2399089, 11.1805775 ], [ -74.2396938, 11.1810377 ], [ -74.2394681, 11.1814021 ], [ -74.2388123, 11.1820639 ], [ -74.2384267, 11.1824076 ], [ -74.2381638, 11.1826379 ], [ -74.2378351, 11.1830006 ] ] ] } },
{ "type": "Feature", "properties": { "name": "Localidad 1 Cultural Tayrona - San Pedro Alejandrino", "barrio_id": 1 }, "geometry": { "type": "Polygon", "coordinates": [ [ [ -74.2245722, 11.2309497 ], [ -74.2245664, 11.2313114 ], [ -74.2242707, 11.2319525 ], [ -74.224192, 11.2321231 ], [ -74.2240088, 11.2320819 ], [ -74.223659, 11.232345 ], [ -74.2229356, 11.2326668 ], [ -74.2221632, 11.2332561 ], [ -74.2217508, 11.2337478 ], [ -74.2217254, 11.233778 ], [ -74.2212503, 11.2344549 ], [ -74.2210045, 11.2348051 ], [ -74.2209478, 11.2348965 ], [ -74.2203256, 11.2358986 ], [ -74.2196417, 11.2352329 ], [ -74.2191696, 11.2350014 ], [ -74.2187512, 11.2346751 ], [ -74.2180646, 11.2343068 ], [ -74.2174208, 11.2341069 ], [ -74.2167235, 11.2339806 ], [ -74.2159081, 11.2340753 ], [ -74.2153609, 11.2342647 ], [ -74.2150498, 11.2342858 ], [ -74.2147172, 11.2342437 ], [ -74.2140949, 11.2341279 ], [ -74.2136443, 11.2342226 ], [ -74.21314, 11.2343068 ], [ -74.2124963, 11.2342437 ], [ -74.2120671, 11.2341595 ], [ -74.2116702, 11.2339596 ], [ -74.211359, 11.2338543 ], [ -74.211123, 11.2337175 ], [ -74.2108226, 11.2335807 ], [ -74.2102754, 11.2334124 ], [ -74.2098248, 11.2332966 ], [ -74.2094708, 11.2332335 ], [ -74.2089343, 11.2331072 ], [ -74.2086125, 11.2329388 ], [ -74.2083442, 11.2326652 ], [ -74.2082155, 11.2323074 ], [ -74.2080653, 11.2318654 ], [ -74.2078829, 11.2316129 ], [ -74.2076039, 11.231434 ], [ -74.2071319, 11.2310025 ], [ -74.2069709, 11.2308131 ], [ -74.2068422, 11.2304763 ], [ -74.2066598, 11.2302027 ], [ -74.2065203, 11.2300344 ], [ -74.2061985, 11.2299186 ], [ -74.2054153, 11.2298239 ], [ -74.2051685, 11.2295398 ], [ -74.2047715, 11.2291399 ], [ -74.2045784, 11.2289189 ], [ -74.204557, 11.228761 ], [ -74.204557, 11.2284558 ], [ -74.204557, 11.2281507 ], [ -74.2044497, 11.2278244 ], [ -74.2043102, 11.2275824 ], [ -74.2040742, 11.2273088 ], [ -74.2039025, 11.2272877 ], [ -74.2036235, 11.2273088 ], [ -74.2033875, 11.2274982 ], [ -74.2031086, 11.2277402 ], [ -74.2029154, 11.2280349 ], [ -74.2029691, 11.2283401 ], [ -74.2031515, 11.22874 ], [ -74.2032158, 11.2289925 ], [ -74.2032266, 11.2293609 ], [ -74.2030764, 11.2296029 ], [ -74.2028618, 11.2297502 ], [ -74.2027116, 11.229887 ], [ -74.2025507, 11.2301185 ], [ -74.2024219, 11.2303922 ], [ -74.202261, 11.2304869 ], [ -74.2020893, 11.2304448 ], [ -74.2016602, 11.2302659 ], [ -74.2013705, 11.2301185 ], [ -74.2011559, 11.2298765 ], [ -74.2012417, 11.2296134 ], [ -74.2013919, 11.2294661 ], [ -74.2016816, 11.2294135 ], [ -74.2019498, 11.2292977 ], [ -74.2022073, 11.2291925 ], [ -74.2022288, 11.2289715 ], [ -74.2020893, 11.2288031 ], [ -74.2014349, 11.22854 ], [ -74.2007053, 11.2282138 ], [ -74.200201, 11.2279191 ], [ -74.1999757, 11.2276245 ], [ -74.1996217, 11.2270246 ], [ -74.1993749, 11.2268878 ], [ -74.1990101, 11.2268352 ], [ -74.1987419, 11.2268457 ], [ -74.1984844, 11.2270773 ], [ -74.1978407, 11.2278455 ], [ -74.197315, 11.2282664 ], [ -74.1969609, 11.2285821 ], [ -74.1968, 11.2288768 ], [ -74.1967356, 11.2291714 ], [ -74.1968429, 11.2295292 ], [ -74.1968966, 11.2298028 ], [ -74.1968322, 11.230087 ], [ -74.1966176, 11.2304237 ], [ -74.1963387, 11.2308552 ], [ -74.196167, 11.2310341 ], [ -74.1958773, 11.2311814 ], [ -74.1956091, 11.2312761 ], [ -74.1952658, 11.2314761 ], [ -74.195019, 11.2315392 ], [ -74.1947615, 11.231434 ], [ -74.1946435, 11.2313077 ], [ -74.1944289, 11.2311498 ], [ -74.1941071, 11.2310341 ], [ -74.1936994, 11.230992 ], [ -74.193238, 11.2310551 ], [ -74.1928947, 11.2311288 ], [ -74.1925943, 11.2311393 ], [ -74.192251, 11.2310236 ], [ -74.1919506, 11.230792 ], [ -74.1917253, 11.2305395 ], [ -74.1915536, 11.230329 ], [ -74.1915321, 11.2300765 ], [ -74.1916609, 11.2299502 ], [ -74.1919077, 11.2298344 ], [ -74.1920686, 11.229645 ], [ -74.1922617, 11.2294345 ], [ -74.1925299, 11.2293714 ], [ -74.1929162, 11.2292872 ], [ -74.1931951, 11.229182 ], [ -74.193356, 11.2290241 ], [ -74.1933239, 11.2288663 ], [ -74.1931844, 11.2287715 ], [ -74.1929591, 11.2287189 ], [ -74.1926587, 11.2286663 ], [ -74.1924012, 11.2285716 ], [ -74.1922724, 11.2284032 ], [ -74.1922724, 11.2281928 ], [ -74.1923046, 11.2279402 ], [ -74.1923905, 11.2277192 ], [ -74.1925085, 11.2274877 ], [ -74.1924548, 11.2273088 ], [ -74.1923046, 11.2270983 ], [ -74.1921222, 11.2270773 ], [ -74.1918004, 11.227172 ], [ -74.1914463, 11.2273088 ], [ -74.1912103, 11.2275298 ], [ -74.1908133, 11.2278665 ], [ -74.1905344, 11.2280244 ], [ -74.1903412, 11.228098 ], [ -74.190191, 11.2280139 ], [ -74.190073, 11.2279191 ], [ -74.1899014, 11.2277508 ], [ -74.1896653, 11.2276455 ], [ -74.1894186, 11.2275613 ], [ -74.1891503, 11.2274877 ], [ -74.188925, 11.2274666 ], [ -74.1887426, 11.2274772 ], [ -74.1885281, 11.227614 ], [ -74.1882384, 11.2278139 ], [ -74.1879273, 11.2281612 ], [ -74.1878092, 11.2283822 ], [ -74.1877556, 11.2289925 ], [ -74.1877341, 11.2299397 ], [ -74.1878414, 11.2302659 ], [ -74.187938, 11.2305079 ], [ -74.187938, 11.2306658 ], [ -74.1878414, 11.2308026 ], [ -74.1876268, 11.230771 ], [ -74.187423, 11.2306763 ], [ -74.1870689, 11.2306026 ], [ -74.1865754, 11.2305605 ], [ -74.1861892, 11.2307289 ], [ -74.1858459, 11.2308868 ], [ -74.1855884, 11.2310025 ], [ -74.185406, 11.2310025 ], [ -74.1851592, 11.230992 ], [ -74.1849983, 11.2308973 ], [ -74.1847837, 11.2307815 ], [ -74.1844726, 11.2306131 ], [ -74.1840434, 11.2304974 ], [ -74.1837216, 11.2304763 ], [ -74.1834748, 11.2305395 ], [ -74.1832173, 11.2307394 ], [ -74.1830349, 11.2308131 ], [ -74.1827345, 11.2308131 ], [ -74.1824556, 11.2308131 ], [ -74.1822946, 11.2309288 ], [ -74.1820693, 11.2311077 ], [ -74.1818118, 11.2312025 ], [ -74.1815651, 11.2312025 ], [ -74.1813612, 11.2310972 ], [ -74.1811788, 11.2310025 ], [ -74.1810823, 11.2308973 ], [ -74.1809857, 11.2306658 ], [ -74.1808033, 11.2305395 ], [ -74.1805458, 11.2304974 ], [ -74.1802347, 11.2304763 ], [ -74.1798163, 11.2305184 ], [ -74.179312, 11.2306342 ], [ -74.1788077, 11.2307605 ], [ -74.1785395, 11.2307605 ], [ -74.1783249, 11.2306131 ], [ -74.1781533, 11.2304027 ], [ -74.1778636, 11.2301606 ], [ -74.1777134, 11.2299817 ], [ -74.1774988, 11.2297081 ], [ -74.1772306, 11.2294871 ], [ -74.1769302, 11.229424 ], [ -74.1766405, 11.2293714 ], [ -74.1762865, 11.229424 ], [ -74.1759861, 11.2294661 ], [ -74.1757178, 11.2293609 ], [ -74.1754711, 11.2293503 ], [ -74.1752243, 11.2294345 ], [ -74.1750419, 11.2295819 ], [ -74.1748595, 11.229866 ], [ -74.1747522, 11.2301396 ], [ -74.1745591, 11.2304027 ], [ -74.1743016, 11.2306026 ], [ -74.1740441, 11.2306868 ], [ -74.1737652, 11.2307605 ], [ -74.1735077, 11.2307394 ], [ -74.1732931, 11.2307184 ], [ -74.1729713, 11.2306658 ], [ -74.1726172, 11.2307605 ], [ -74.1723168, 11.2309394 ], [ -74.1721881, 11.2311709 ], [ -74.1720808, 11.2315813 ], [ -74.1719198, 11.2321075 ], [ -74.1718876, 11.2324126 ], [ -74.1718447, 11.2326652 ], [ -74.1717589, 11.2328651 ], [ -74.1715658, 11.2330125 ], [ -74.1713834, 11.2329809 ], [ -74.1712761, 11.2328862 ], [ -74.1711474, 11.232802 ], [ -74.1709328, 11.2327389 ], [ -74.1707075, 11.2327915 ], [ -74.1703534, 11.2329283 ], [ -74.170053, 11.2330651 ], [ -74.1699135, 11.2331914 ], [ -74.1695702, 11.2333808 ], [ -74.1693449, 11.2334545 ], [ -74.1691411, 11.2334439 ], [ -74.1689909, 11.2333492 ], [ -74.1687656, 11.233265 ], [ -74.1685939, 11.2333282 ], [ -74.1684651, 11.2335702 ], [ -74.1684973, 11.2337807 ], [ -74.168551, 11.2340543 ], [ -74.1685939, 11.2345699 ], [ -74.1686475, 11.2348646 ], [ -74.1687334, 11.2351276 ], [ -74.1687119, 11.2353697 ], [ -74.1686046, 11.2355801 ], [ -74.1684115, 11.2356433 ], [ -74.1680789, 11.2356222 ], [ -74.1677249, 11.2355486 ], [ -74.1675103, 11.2354223 ], [ -74.1673601, 11.2352539 ], [ -74.1671991, 11.2349488 ], [ -74.1670811, 11.2347067 ], [ -74.1669417, 11.2345278 ], [ -74.1667271, 11.2343384 ], [ -74.166652, 11.2341385 ], [ -74.1667163, 11.2339596 ], [ -74.1669095, 11.2337491 ], [ -74.1670168, 11.2336018 ], [ -74.1671133, 11.2333913 ], [ -74.1671026, 11.2330546 ], [ -74.1670275, 11.2326021 ], [ -74.1670275, 11.2323179 ], [ -74.1670704, 11.2320443 ], [ -74.167167, 11.2317181 ], [ -74.1672421, 11.2314024 ], [ -74.1672528, 11.2311498 ], [ -74.1672206, 11.2308447 ], [ -74.1671348, 11.2306447 ], [ -74.1669953, 11.2304448 ], [ -74.1667378, 11.2304343 ], [ -74.1664696, 11.2305184 ], [ -74.1658902, 11.2303711 ], [ -74.1654396, 11.2303922 ], [ -74.164989, 11.2305395 ], [ -74.1647315, 11.2307289 ], [ -74.1643238, 11.2309183 ], [ -74.1639161, 11.2309183 ], [ -74.1635728, 11.2310446 ], [ -74.1630149, 11.2309815 ], [ -74.1615558, 11.2311709 ], [ -74.1607189, 11.2317181 ], [ -74.159528, 11.2332124 ], [ -74.1593242, 11.2333071 ], [ -74.1592598, 11.2335071 ], [ -74.1592383, 11.233707 ], [ -74.159174, 11.2338228 ], [ -74.1592383, 11.233928 ], [ -74.1593564, 11.2340543 ], [ -74.1594315, 11.23417 ], [ -74.1594315, 11.2343174 ], [ -74.1593027, 11.234391 ], [ -74.1590989, 11.2344436 ], [ -74.1591096, 11.2342647 ], [ -74.1590023, 11.2340017 ], [ -74.1587985, 11.2340648 ], [ -74.1586804, 11.2339385 ], [ -74.1583157, 11.2340858 ], [ -74.158144, 11.2341806 ], [ -74.1580904, 11.2343068 ], [ -74.1579723, 11.234391 ], [ -74.1579187, 11.2345173 ], [ -74.1578114, 11.2346015 ], [ -74.1577149, 11.2349172 ], [ -74.1575861, 11.2351487 ], [ -74.1573823, 11.2351171 ], [ -74.1573286, 11.2352118 ], [ -74.1572106, 11.2353697 ], [ -74.1570819, 11.2352855 ], [ -74.1569638, 11.2353802 ], [ -74.1568244, 11.2355591 ], [ -74.1566098, 11.2360011 ], [ -74.1565776, 11.2362431 ], [ -74.1564167, 11.23618 ], [ -74.1563094, 11.2362221 ], [ -74.1562128, 11.2363799 ], [ -74.1566205, 11.2368955 ], [ -74.1563845, 11.2372533 ], [ -74.1562665, 11.2375269 ], [ -74.1562343, 11.2376637 ], [ -74.1560948, 11.2378216 ], [ -74.1559982, 11.2380952 ], [ -74.1557944, 11.2385792 ], [ -74.1556549, 11.2387687 ], [ -74.1555262, 11.2389581 ], [ -74.1554725, 11.2392948 ], [ -74.155376, 11.2395684 ], [ -74.1553009, 11.239842 ], [ -74.1552901, 11.240042 ], [ -74.1551721, 11.2401261 ], [ -74.1550112, 11.2401261 ], [ -74.1548824, 11.2399893 ], [ -74.1547644, 11.239842 ], [ -74.154582, 11.2396631 ], [ -74.1545069, 11.239379 ], [ -74.1544104, 11.2395368 ], [ -74.1542709, 11.2397368 ], [ -74.1541636, 11.2398736 ], [ -74.1539276, 11.2401051 ], [ -74.1537345, 11.2403892 ], [ -74.153595, 11.2405155 ], [ -74.1533697, 11.2406312 ], [ -74.1531658, 11.2406733 ], [ -74.1530585, 11.2407891 ], [ -74.1529298, 11.2407996 ], [ -74.152844, 11.2406102 ], [ -74.1527152, 11.2405892 ], [ -74.1524792, 11.2404524 ], [ -74.1520608, 11.2404839 ], [ -74.1517818, 11.2405786 ], [ -74.151535, 11.2404734 ], [ -74.1516423, 11.2408101 ], [ -74.1517389, 11.2408628 ], [ -74.1518569, 11.240968 ], [ -74.1519535, 11.2410522 ], [ -74.1519749, 11.2412205 ], [ -74.1521037, 11.2412626 ], [ -74.1521359, 11.2413994 ], [ -74.1522217, 11.2415678 ], [ -74.1522324, 11.2417467 ], [ -74.1521788, 11.2418519 ], [ -74.15205, 11.2417888 ], [ -74.1517925, 11.2417783 ], [ -74.1517067, 11.2417151 ], [ -74.1515565, 11.2417572 ], [ -74.1515029, 11.2418835 ], [ -74.1514921, 11.2420518 ], [ -74.1515565, 11.2421886 ], [ -74.1515243, 11.2423044 ], [ -74.1514385, 11.2424517 ], [ -74.1514063, 11.2426096 ], [ -74.150945, 11.242557 ], [ -74.1504407, 11.2424202 ], [ -74.1500867, 11.2423149 ], [ -74.1496897, 11.2421571 ], [ -74.1494107, 11.242136 ], [ -74.1493678, 11.2422518 ], [ -74.1494429, 11.2423465 ], [ -74.1494751, 11.2424833 ], [ -74.1494215, 11.2426306 ], [ -74.1493785, 11.2427885 ], [ -74.1494215, 11.2429568 ], [ -74.1494644, 11.2430831 ], [ -74.1494107, 11.2432199 ], [ -74.1493249, 11.2433041 ], [ -74.149282, 11.2431462 ], [ -74.1491532, 11.2431883 ], [ -74.1490245, 11.2430831 ], [ -74.1489065, 11.2431357 ], [ -74.1487831, 11.2432252 ], [ -74.1487026, 11.2431988 ], [ -74.1486329, 11.2431673 ], [ -74.1486222, 11.243041 ], [ -74.1485149, 11.2429936 ], [ -74.1483861, 11.2429516 ], [ -74.1482306, 11.2429621 ], [ -74.1481715, 11.2430778 ], [ -74.1481233, 11.2431883 ], [ -74.148016, 11.2430884 ], [ -74.1479623, 11.2432146 ], [ -74.1478658, 11.2432304 ], [ -74.1477692, 11.2431568 ], [ -74.1476083, 11.2431989 ], [ -74.1474581, 11.2432515 ], [ -74.1472864, 11.2432936 ], [ -74.1471899, 11.2434198 ], [ -74.1470611, 11.2437145 ], [ -74.1471255, 11.2438302 ], [ -74.1470397, 11.2441459 ], [ -74.1467607, 11.2440302 ], [ -74.1467714, 11.2442091 ], [ -74.14675, 11.2443564 ], [ -74.146632, 11.24443 ], [ -74.1465676, 11.2445984 ], [ -74.1465032, 11.2447878 ], [ -74.1465032, 11.2449351 ], [ -74.146632, 11.2449562 ], [ -74.1467714, 11.2450088 ], [ -74.1466963, 11.2451351 ], [ -74.1465354, 11.2451982 ], [ -74.146353, 11.2452403 ], [ -74.1462135, 11.2453245 ], [ -74.1460633, 11.2453876 ], [ -74.1459131, 11.245335 ], [ -74.1457737, 11.2453455 ], [ -74.1456556, 11.2453666 ], [ -74.1455376, 11.2454087 ], [ -74.1453338, 11.2453771 ], [ -74.1452265, 11.245314 ], [ -74.1451299, 11.2451982 ], [ -74.1447866, 11.2455875 ], [ -74.1443789, 11.245577 ], [ -74.143939, 11.2457454 ], [ -74.1438425, 11.2455244 ], [ -74.1435635, 11.2457454 ], [ -74.1434026, 11.2458401 ], [ -74.1432631, 11.2459138 ], [ -74.1430807, 11.2458506 ], [ -74.1429412, 11.2457559 ], [ -74.1427481, 11.2456296 ], [ -74.1426087, 11.2455034 ], [ -74.1424906, 11.2452719 ], [ -74.1422868, 11.2451982 ], [ -74.142158, 11.2450824 ], [ -74.1420078, 11.2450614 ], [ -74.1418362, 11.2449772 ], [ -74.141686, 11.2449351 ], [ -74.1417933, 11.2446826 ], [ -74.1418254, 11.2445037 ], [ -74.1417503, 11.2443985 ], [ -74.1417611, 11.2442301 ], [ -74.1416645, 11.243967 ], [ -74.1416967, 11.2438407 ], [ -74.1417933, 11.2436303 ], [ -74.1418576, 11.2434514 ], [ -74.1419864, 11.2432936 ], [ -74.1419864, 11.2431147 ], [ -74.1421473, 11.2425464 ], [ -74.142201, 11.2423254 ], [ -74.1421902, 11.2419782 ], [ -74.1421902, 11.241652 ], [ -74.1424906, 11.2411469 ], [ -74.1426194, 11.2409364 ], [ -74.1426516, 11.2405786 ], [ -74.1423941, 11.2399578 ], [ -74.1430807, 11.2396316 ], [ -74.143821, 11.2391791 ], [ -74.1442287, 11.2390212 ], [ -74.1445506, 11.2387687 ], [ -74.1448832, 11.238453 ], [ -74.1449797, 11.2382636 ], [ -74.1449046, 11.2379479 ], [ -74.1444004, 11.2369061 ], [ -74.1441965, 11.2365272 ], [ -74.1439497, 11.2361515 ], [ -74.1438854, 11.2360537 ], [ -74.1434455, 11.2356117 ], [ -74.1432309, 11.2353697 ], [ -74.1430807, 11.235075 ], [ -74.1429627, 11.2350329 ], [ -74.1428661, 11.2348225 ], [ -74.1431666, 11.2344226 ], [ -74.1433382, 11.2343279 ], [ -74.1432953, 11.2342121 ], [ -74.1430593, 11.2341279 ], [ -74.1425872, 11.2341385 ], [ -74.1422761, 11.2341911 ], [ -74.1420186, 11.2340543 ], [ -74.1410825, 11.2331946 ], [ -74.1417289, 11.2330019 ], [ -74.14204, 11.2328546 ], [ -74.1424906, 11.2325074 ], [ -74.1428554, 11.2320759 ], [ -74.1426408, 11.2319391 ], [ -74.1423404, 11.2315813 ], [ -74.1422331, 11.2312445 ], [ -74.1421151, 11.2310604 ], [ -74.1419917, 11.2307763 ], [ -74.1418362, 11.2300291 ], [ -74.1411227, 11.2301501 ], [ -74.1410154, 11.2298397 ], [ -74.1411817, 11.2298134 ], [ -74.1411442, 11.2296292 ], [ -74.1411334, 11.2295503 ], [ -74.1414392, 11.2294661 ], [ -74.1412568, 11.2291451 ], [ -74.1410315, 11.2293661 ], [ -74.1409242, 11.2292819 ], [ -74.141112, 11.2290925 ], [ -74.1402215, 11.2285874 ], [ -74.1404039, 11.2282927 ], [ -74.1399854, 11.2277034 ], [ -74.1403556, 11.2272825 ], [ -74.1404897, 11.2273824 ], [ -74.1405433, 11.2274193 ], [ -74.1406399, 11.227414 ], [ -74.140774, 11.2274035 ], [ -74.1409081, 11.2273667 ], [ -74.1410208, 11.2273035 ], [ -74.1411817, 11.2271825 ], [ -74.1411495, 11.2271299 ], [ -74.1411388, 11.2268194 ], [ -74.1414231, 11.226509 ], [ -74.1415626, 11.2263827 ], [ -74.1416591, 11.2263196 ], [ -74.1418308, 11.2259986 ], [ -74.1419113, 11.2260144 ], [ -74.1420186, 11.2260144 ], [ -74.1420776, 11.2260302 ], [ -74.142099, 11.2259197 ], [ -74.142099, 11.2257776 ], [ -74.1420883, 11.2255145 ], [ -74.1420668, 11.2252988 ], [ -74.1420776, 11.2252199 ], [ -74.1421205, 11.225083 ], [ -74.1421741, 11.2249778 ], [ -74.142201, 11.2248831 ], [ -74.1422117, 11.2247358 ], [ -74.142217, 11.22462 ], [ -74.1422385, 11.2245463 ], [ -74.1423297, 11.2244832 ], [ -74.1424584, 11.2244358 ], [ -74.1432738, 11.2240623 ], [ -74.1433275, 11.224157 ], [ -74.1433543, 11.2242096 ], [ -74.1434294, 11.2242675 ], [ -74.1434991, 11.2242938 ], [ -74.1436172, 11.2243201 ], [ -74.1436976, 11.2243832 ], [ -74.1438049, 11.2245569 ], [ -74.1440141, 11.2244306 ], [ -74.1441536, 11.2243517 ], [ -74.1441804, 11.2242675 ], [ -74.1441697, 11.2241728 ], [ -74.1441536, 11.224078 ], [ -74.144218, 11.2240465 ], [ -74.1441912, 11.2236308 ], [ -74.1446739, 11.2235308 ], [ -74.1449207, 11.2232256 ], [ -74.1450065, 11.2234045 ], [ -74.1450977, 11.2233309 ], [ -74.145146, 11.2234045 ], [ -74.1452372, 11.2233203 ], [ -74.1454464, 11.2234782 ], [ -74.1455269, 11.2235256 ], [ -74.1456235, 11.223515 ], [ -74.1457254, 11.2234466 ], [ -74.1457576, 11.2233677 ], [ -74.1458005, 11.2233098 ], [ -74.1458648, 11.2233098 ], [ -74.1458756, 11.223394 ], [ -74.1459185, 11.223494 ], [ -74.1459721, 11.2235729 ], [ -74.1461653, 11.2234729 ], [ -74.1462618, 11.2234045 ], [ -74.1463262, 11.2233256 ], [ -74.1464174, 11.2232572 ], [ -74.1466588, 11.2231783 ], [ -74.1468304, 11.2231309 ], [ -74.1470021, 11.2231783 ], [ -74.1471791, 11.2232625 ], [ -74.1472864, 11.2232362 ], [ -74.147222, 11.2232204 ], [ -74.1471791, 11.2231783 ], [ -74.1472167, 11.2231257 ], [ -74.1472167, 11.2230572 ], [ -74.1472596, 11.2229888 ], [ -74.1475225, 11.2226889 ], [ -74.1475868, 11.22271 ], [ -74.1476834, 11.2227047 ], [ -74.1477478, 11.2226626 ], [ -74.147855, 11.2226784 ], [ -74.1479838, 11.22271 ], [ -74.148075, 11.222731 ], [ -74.1481555, 11.2227626 ], [ -74.1482735, 11.2227573 ], [ -74.1483271, 11.2228152 ], [ -74.14837, 11.2229204 ], [ -74.1484237, 11.2230046 ], [ -74.1486543, 11.2230152 ], [ -74.148708, 11.2229468 ], [ -74.1493142, 11.2225574 ], [ -74.1494644, 11.2226942 ], [ -74.1498184, 11.2226784 ], [ -74.149915, 11.2227521 ], [ -74.1500652, 11.2227626 ], [ -74.1501188, 11.2228731 ], [ -74.150328, 11.2228731 ], [ -74.1504085, 11.2229994 ], [ -74.1504782, 11.2229152 ], [ -74.1505104, 11.2227942 ], [ -74.1505534, 11.2226837 ], [ -74.1505963, 11.2225574 ], [ -74.150666, 11.2225469 ], [ -74.1508377, 11.2226047 ], [ -74.1509074, 11.2224995 ], [ -74.151004, 11.22241 ], [ -74.1511113, 11.2221996 ], [ -74.1511595, 11.222168 ], [ -74.1512185, 11.2221364 ], [ -74.1512775, 11.2220733 ], [ -74.1513741, 11.222047 ], [ -74.1514599, 11.2220207 ], [ -74.1514814, 11.2219575 ], [ -74.1514438, 11.2218839 ], [ -74.1515404, 11.2218155 ], [ -74.151578, 11.2218839 ], [ -74.1517603, 11.2216997 ], [ -74.1517067, 11.2216102 ], [ -74.1518784, 11.2214682 ], [ -74.1519213, 11.2215208 ], [ -74.1520929, 11.2213787 ], [ -74.1520178, 11.2212735 ], [ -74.1520768, 11.2212314 ], [ -74.1522056, 11.2213419 ], [ -74.1523773, 11.221184 ], [ -74.1523343, 11.2211156 ], [ -74.1523826, 11.2210788 ], [ -74.1524309, 11.2210051 ], [ -74.1523933, 11.2209472 ], [ -74.152329, 11.2208946 ], [ -74.1522646, 11.220842 ], [ -74.1523182, 11.2207105 ], [ -74.1523022, 11.2204947 ], [ -74.1523612, 11.2204737 ], [ -74.1524094, 11.2204 ], [ -74.1524202, 11.2203053 ], [ -74.152388, 11.2202211 ], [ -74.1523182, 11.2201737 ], [ -74.1522968, 11.2200738 ], [ -74.1523075, 11.2199843 ], [ -74.1523933, 11.219958 ], [ -74.1525167, 11.2199159 ], [ -74.1525972, 11.2199159 ], [ -74.1526562, 11.219858 ], [ -74.152742, 11.2198265 ], [ -74.152801, 11.2197738 ], [ -74.1528761, 11.2197738 ], [ -74.1529512, 11.2197581 ], [ -74.153021, 11.2197528 ], [ -74.1530961, 11.2197423 ], [ -74.1530746, 11.2196739 ], [ -74.1530639, 11.2196055 ], [ -74.1530746, 11.2195423 ], [ -74.1530746, 11.2194687 ], [ -74.1529995, 11.2194423 ], [ -74.1529673, 11.2193897 ], [ -74.1530156, 11.2193266 ], [ -74.15308, 11.2193003 ], [ -74.1531497, 11.2193055 ], [ -74.1531819, 11.2192424 ], [ -74.1532195, 11.219195 ], [ -74.1532731, 11.2191529 ], [ -74.153257, 11.2190635 ], [ -74.1532356, 11.2189846 ], [ -74.1533053, 11.2189793 ], [ -74.1533858, 11.218953 ], [ -74.153375, 11.2190267 ], [ -74.1534126, 11.2190793 ], [ -74.1533911, 11.2191477 ], [ -74.153434, 11.2191845 ], [ -74.1534716, 11.2192371 ], [ -74.1535038, 11.2192845 ], [ -74.1535628, 11.2193161 ], [ -74.1536218, 11.2193371 ], [ -74.1537452, 11.2191687 ], [ -74.1536915, 11.2191266 ], [ -74.1536754, 11.219053 ], [ -74.1536754, 11.218853 ], [ -74.1537398, 11.2187215 ], [ -74.1537988, 11.2185952 ], [ -74.1538739, 11.2184847 ], [ -74.1538578, 11.2184268 ], [ -74.1537988, 11.2184584 ], [ -74.1537076, 11.2184321 ], [ -74.1537023, 11.2183794 ], [ -74.1536808, 11.2183058 ], [ -74.1536433, 11.2182426 ], [ -74.1536272, 11.2181269 ], [ -74.1535682, 11.21809 ], [ -74.1536218, 11.2180058 ], [ -74.1537237, 11.2179164 ], [ -74.1538149, 11.2178796 ], [ -74.1539437, 11.2178269 ], [ -74.1538096, 11.2176954 ], [ -74.1537291, 11.2175954 ], [ -74.1537613, 11.2175323 ], [ -74.1538793, 11.2175638 ], [ -74.1539168, 11.2174902 ], [ -74.1539598, 11.2173902 ], [ -74.1540456, 11.2173481 ], [ -74.1541582, 11.2173323 ], [ -74.154169, 11.2171797 ], [ -74.1541153, 11.2171376 ], [ -74.1540295, 11.2171008 ], [ -74.1539705, 11.2170429 ], [ -74.1538525, 11.2170324 ], [ -74.1538364, 11.2169482 ], [ -74.1537827, 11.2168956 ], [ -74.1538096, 11.216843 ], [ -74.1538256, 11.2167693 ], [ -74.1537666, 11.2166272 ], [ -74.1536379, 11.2166693 ], [ -74.1535413, 11.2162905 ], [ -74.1536272, 11.2160905 ], [ -74.1534662, 11.2161326 ], [ -74.1533375, 11.2161221 ], [ -74.1533482, 11.2159958 ], [ -74.153316, 11.2158695 ], [ -74.1532409, 11.2156801 ], [ -74.1533804, 11.2157222 ], [ -74.1535628, 11.215859 ], [ -74.1537237, 11.2159326 ], [ -74.1539168, 11.2159326 ], [ -74.1541314, 11.2159326 ], [ -74.1540671, 11.2158379 ], [ -74.1540456, 11.2156906 ], [ -74.1541422, 11.215638 ], [ -74.1543567, 11.215659 ], [ -74.1544962, 11.2157011 ], [ -74.1546142, 11.2156906 ], [ -74.154743, 11.2157958 ], [ -74.1547752, 11.2155959 ], [ -74.1548717, 11.2155433 ], [ -74.1548932, 11.2153959 ], [ -74.1550005, 11.2153117 ], [ -74.1551292, 11.2153117 ], [ -74.1552258, 11.2153644 ], [ -74.1554618, 11.2153433 ], [ -74.1555476, 11.2152696 ], [ -74.1556656, 11.2152907 ], [ -74.1558266, 11.2154275 ], [ -74.1564489, 11.2153117 ], [ -74.1566849, 11.215217 ], [ -74.1565561, 11.2151539 ], [ -74.1567278, 11.2148908 ], [ -74.1567063, 11.2147855 ], [ -74.1571355, 11.2140909 ], [ -74.1574037, 11.2138068 ], [ -74.1575539, 11.2138594 ], [ -74.1576719, 11.2137647 ], [ -74.1578758, 11.2136489 ], [ -74.1579938, 11.2135227 ], [ -74.1576612, 11.2132175 ], [ -74.1570926, 11.2130385 ], [ -74.1573072, 11.2125544 ], [ -74.1583049, 11.2128912 ], [ -74.1587019, 11.211902 ], [ -74.1589594, 11.2112179 ], [ -74.1595066, 11.2113863 ], [ -74.159646, 11.2111863 ], [ -74.1596782, 11.2109969 ], [ -74.1596246, 11.2108495 ], [ -74.1594637, 11.2106917 ], [ -74.1594422, 11.2105759 ], [ -74.1593456, 11.2103444 ], [ -74.1593242, 11.2100918 ], [ -74.1593027, 11.2097656 ], [ -74.1592705, 11.2095235 ], [ -74.1593671, 11.2093551 ], [ -74.1595817, 11.2091025 ], [ -74.1597748, 11.2089552 ], [ -74.1598392, 11.20885 ], [ -74.1599894, 11.2087447 ], [ -74.1601718, 11.2085658 ], [ -74.160161, 11.2083869 ], [ -74.1600752, 11.208208 ], [ -74.1598177, 11.2081764 ], [ -74.15941, 11.2081975 ], [ -74.1594958, 11.2074292 ], [ -74.1592705, 11.2074187 ], [ -74.1593027, 11.2066925 ], [ -74.1592491, 11.2065557 ], [ -74.1588092, 11.2065557 ], [ -74.1587126, 11.2058821 ], [ -74.1585946, 11.2057664 ], [ -74.1585624, 11.2054611 ], [ -74.1584015, 11.2054506 ], [ -74.1583371, 11.2053243 ], [ -74.1590881, 11.205177 ], [ -74.1590238, 11.204956 ], [ -74.1591096, 11.2048507 ], [ -74.1592705, 11.2049349 ], [ -74.1593564, 11.2048192 ], [ -74.1594637, 11.2046929 ], [ -74.1597104, 11.2046508 ], [ -74.1595924, 11.2043035 ], [ -74.1600859, 11.2042193 ], [ -74.1599894, 11.2039667 ], [ -74.1600216, 11.2036825 ], [ -74.1598284, 11.2035562 ], [ -74.1599518, 11.2033457 ], [ -74.1600806, 11.2032616 ], [ -74.1601986, 11.2032247 ], [ -74.1603059, 11.20323 ], [ -74.1603434, 11.2030879 ], [ -74.1603971, 11.2029932 ], [ -74.1603971, 11.202909 ], [ -74.1603595, 11.2027616 ], [ -74.160322, 11.2026301 ], [ -74.1602683, 11.2025143 ], [ -74.1602361, 11.2023986 ], [ -74.1601664, 11.2023091 ], [ -74.160102, 11.2021986 ], [ -74.160102, 11.2020723 ], [ -74.1601396, 11.2020039 ], [ -74.1602576, 11.2019039 ], [ -74.1605741, 11.2020355 ], [ -74.1609228, 11.2021249 ], [ -74.16125, 11.202288 ], [ -74.1615611, 11.2023512 ], [ -74.1617167, 11.2023512 ], [ -74.1617703, 11.2023144 ], [ -74.161765, 11.2021828 ], [ -74.1616952, 11.2020512 ], [ -74.1611105, 11.2013514 ], [ -74.1610569, 11.2014093 ], [ -74.160955, 11.2014461 ], [ -74.1608208, 11.2014461 ], [ -74.1607028, 11.2013251 ], [ -74.1607565, 11.2012777 ], [ -74.1606867, 11.2012198 ], [ -74.1606277, 11.2011777 ], [ -74.1606063, 11.201104 ], [ -74.1605419, 11.2010514 ], [ -74.1605097, 11.200983 ], [ -74.1604507, 11.2009409 ], [ -74.1603702, 11.2010041 ], [ -74.1603005, 11.2010093 ], [ -74.1602844, 11.2009462 ], [ -74.1603541, 11.2008567 ], [ -74.1604024, 11.2007146 ], [ -74.16044, 11.2005515 ], [ -74.1600269, 11.2001042 ], [ -74.1609764, 11.1994254 ], [ -74.1610891, 11.1993254 ], [ -74.161132, 11.1992149 ], [ -74.1611856, 11.1991728 ], [ -74.1611856, 11.1991149 ], [ -74.1612232, 11.199057 ], [ -74.1612232, 11.1989518 ], [ -74.1612554, 11.198836 ], [ -74.161368, 11.1987255 ], [ -74.1614485, 11.1986939 ], [ -74.1615236, 11.1987202 ], [ -74.1616201, 11.1987518 ], [ -74.1616952, 11.1987202 ], [ -74.1617757, 11.1986413 ], [ -74.1618615, 11.198515 ], [ -74.1619581, 11.1984466 ], [ -74.1620815, 11.1984466 ], [ -74.1622156, 11.1984887 ], [ -74.16228, 11.1985518 ], [ -74.1623712, 11.1985782 ], [ -74.1624034, 11.1985045 ], [ -74.1624034, 11.1983887 ], [ -74.1624785, 11.198294 ], [ -74.1626233, 11.1982098 ], [ -74.1627574, 11.1981835 ], [ -74.1638678, 11.1974783 ], [ -74.1645974, 11.19701 ], [ -74.1646993, 11.1969363 ], [ -74.1647637, 11.1969153 ], [ -74.1647637, 11.1971679 ], [ -74.1654182, 11.1984361 ], [ -74.1655737, 11.1992359 ], [ -74.165681, 11.1994622 ], [ -74.1657722, 11.1996306 ], [ -74.1659224, 11.1997937 ], [ -74.1660458, 11.1999937 ], [ -74.166137, 11.2002147 ], [ -74.1661906, 11.2004515 ], [ -74.166196, 11.2006147 ], [ -74.1661853, 11.2008199 ], [ -74.1661745, 11.200983 ], [ -74.1662657, 11.2012198 ], [ -74.1664535, 11.2017618 ], [ -74.1665715, 11.2021039 ], [ -74.1666788, 11.2023722 ], [ -74.1667539, 11.2025301 ], [ -74.1668612, 11.2027143 ], [ -74.1669095, 11.2028774 ], [ -74.1669577, 11.2030932 ], [ -74.1669577, 11.2032352 ], [ -74.1670972, 11.203651 ], [ -74.1671938, 11.2039667 ], [ -74.1672528, 11.2041298 ], [ -74.1674191, 11.2043561 ], [ -74.1675425, 11.2046192 ], [ -74.1676337, 11.2048349 ], [ -74.1676658, 11.2049665 ], [ -74.1676873, 11.2051033 ], [ -74.167757, 11.205277 ], [ -74.1678107, 11.2054769 ], [ -74.1678321, 11.2056401 ], [ -74.1677892, 11.2058611 ], [ -74.1677249, 11.2062557 ], [ -74.1677034, 11.2064189 ], [ -74.1676605, 11.2065346 ], [ -74.1675371, 11.2066346 ], [ -74.1673279, 11.2067925 ], [ -74.1671777, 11.2069135 ], [ -74.1670919, 11.2070503 ], [ -74.1666842, 11.2074239 ], [ -74.1664589, 11.2076028 ], [ -74.1663945, 11.2077028 ], [ -74.1663837, 11.2079975 ], [ -74.1664213, 11.2082448 ], [ -74.1664696, 11.2085132 ], [ -74.166491, 11.2088394 ], [ -74.1664374, 11.2091236 ], [ -74.1664589, 11.2094393 ], [ -74.1665769, 11.2097866 ], [ -74.1666627, 11.2101444 ], [ -74.1667593, 11.2102286 ], [ -74.1668558, 11.2103654 ], [ -74.1670275, 11.2105864 ], [ -74.1675317, 11.21106 ], [ -74.168154, 11.210597 ], [ -74.16942, 11.2096603 ], [ -74.1705144, 11.2091341 ], [ -74.1715872, 11.208671 ], [ -74.172703, 11.2083764 ], [ -74.1735399, 11.2081027 ], [ -74.1741192, 11.2078607 ], [ -74.1743767, 11.2077133 ], [ -74.1750312, 11.2071135 ], [ -74.1774559, 11.2042824 ], [ -74.1805673, 11.2007252 ], [ -74.1810501, 11.2001568 ], [ -74.1816723, 11.1996938 ], [ -74.1829813, 11.198915 ], [ -74.1854811, 11.1975678 ], [ -74.1887426, 11.1958523 ], [ -74.1906631, 11.1948209 ], [ -74.1914141, 11.1943999 ], [ -74.1919398, 11.1939578 ], [ -74.1925514, 11.1933579 ], [ -74.1931951, 11.1923686 ], [ -74.1948259, 11.1881166 ], [ -74.1951263, 11.1873377 ], [ -74.1953194, 11.1865273 ], [ -74.1953409, 11.1855379 ], [ -74.1951692, 11.1833066 ], [ -74.1950834, 11.1823909 ], [ -74.1950941, 11.1816437 ], [ -74.1952658, 11.1810437 ], [ -74.1955233, 11.1805069 ], [ -74.1962636, 11.1798123 ], [ -74.1990423, 11.1778967 ], [ -74.2009628, 11.177844 ], [ -74.2012417, 11.1778019 ], [ -74.201628, 11.1777598 ], [ -74.2019928, 11.1777283 ], [ -74.2025185, 11.1776441 ], [ -74.2028833, 11.1777704 ], [ -74.20313, 11.177823 ], [ -74.2035699, 11.1779914 ], [ -74.203924, 11.1781072 ], [ -74.2042565, 11.1782335 ], [ -74.2045033, 11.178465 ], [ -74.2046213, 11.1788018 ], [ -74.2046642, 11.1790966 ], [ -74.2046642, 11.1794649 ], [ -74.2046106, 11.1798649 ], [ -74.2046213, 11.1801596 ], [ -74.2046642, 11.1805069 ], [ -74.2047286, 11.1806964 ], [ -74.2049968, 11.1809385 ], [ -74.2051363, 11.1810542 ], [ -74.2052865, 11.1811384 ], [ -74.2055011, 11.1812437 ], [ -74.2056298, 11.1814016 ], [ -74.2057479, 11.1816437 ], [ -74.2058873, 11.1818542 ], [ -74.2060161, 11.1821068 ], [ -74.2062199, 11.1822752 ], [ -74.2064881, 11.1824541 ], [ -74.206692, 11.182612 ], [ -74.2071319, 11.1827593 ], [ -74.2074001, 11.1828014 ], [ -74.2075932, 11.1828119 ], [ -74.2078507, 11.1827067 ], [ -74.2080438, 11.1825699 ], [ -74.2081833, 11.1824015 ], [ -74.2082691, 11.1821489 ], [ -74.208355, 11.1820015 ], [ -74.2085481, 11.1819068 ], [ -74.2086983, 11.1819384 ], [ -74.2088056, 11.1820857 ], [ -74.2088592, 11.1822646 ], [ -74.2090094, 11.1823594 ], [ -74.2092133, 11.1823804 ], [ -74.2094278, 11.1823594 ], [ -74.2095244, 11.1822646 ], [ -74.2095941, 11.1821015 ], [ -74.2096424, 11.181991 ], [ -74.2097658, 11.1818542 ], [ -74.209857, 11.1818015 ], [ -74.2100608, 11.181791 ], [ -74.210211, 11.1818226 ], [ -74.2103612, 11.181912 ], [ -74.2104685, 11.1820015 ], [ -74.2105436, 11.1821015 ], [ -74.2106456, 11.1822594 ], [ -74.2107314, 11.1823699 ], [ -74.2108816, 11.1824383 ], [ -74.211005, 11.182433 ], [ -74.2110747, 11.1823857 ], [ -74.2111284, 11.1822541 ], [ -74.211182, 11.1821436 ], [ -74.2113268, 11.1820857 ], [ -74.2114288, 11.1820962 ], [ -74.2115361, 11.1821173 ], [ -74.2116487, 11.1821699 ], [ -74.211756, 11.1822067 ], [ -74.2118847, 11.1821962 ], [ -74.2120296, 11.1821225 ], [ -74.2121691, 11.1820804 ], [ -74.2122924, 11.1820962 ], [ -74.2124319, 11.1821225 ], [ -74.2125982, 11.1822173 ], [ -74.2127162, 11.1822909 ], [ -74.2128396, 11.1823278 ], [ -74.2129791, 11.1823173 ], [ -74.2131347, 11.182191 ], [ -74.2132849, 11.1820278 ], [ -74.2134082, 11.1819857 ], [ -74.2135477, 11.182012 ], [ -74.2136979, 11.1821173 ], [ -74.2138106, 11.1822436 ], [ -74.2138696, 11.1823594 ], [ -74.2138964, 11.1826225 ], [ -74.2139983, 11.1827804 ], [ -74.214052, 11.182933 ], [ -74.214052, 11.1831172 ], [ -74.2139983, 11.1833066 ], [ -74.2139447, 11.1835224 ], [ -74.2140412, 11.1837592 ], [ -74.2142719, 11.1840907 ], [ -74.2144918, 11.1843381 ], [ -74.2149317, 11.1846644 ], [ -74.2152482, 11.1849801 ], [ -74.215554, 11.1851485 ], [ -74.2158008, 11.1852117 ], [ -74.2161012, 11.1848433 ], [ -74.2161656, 11.1845486 ], [ -74.216305, 11.184317 ], [ -74.2164767, 11.1841276 ], [ -74.2167235, 11.1841171 ], [ -74.2168591, 11.1841633 ], [ -74.2170353, 11.1842233 ], [ -74.2170861, 11.1843565 ], [ -74.2171633, 11.1845591 ], [ -74.2173565, 11.1850538 ], [ -74.2173635, 11.1850621 ], [ -74.217571, 11.1853064 ], [ -74.2177514, 11.185503 ], [ -74.2179573, 11.1857274 ], [ -74.2180279, 11.185778 ], [ -74.2185152, 11.1861273 ], [ -74.2185361, 11.1861577 ], [ -74.2190435, 11.1868956 ], [ -74.2191122, 11.1870029 ], [ -74.2189368, 11.187093 ], [ -74.2120886, 11.190611 ], [ -74.2068959, 11.1932632 ], [ -74.2051363, 11.1943157 ], [ -74.2047072, 11.1946525 ], [ -74.2041922, 11.1955366 ], [ -74.2016602, 11.1998306 ], [ -74.2011452, 11.2005042 ], [ -74.1998578, 11.2014724 ], [ -74.1990302, 11.2021464 ], [ -74.1989551, 11.2022075 ], [ -74.1987211, 11.202398 ], [ -74.1986407, 11.2024635 ], [ -74.1975832, 11.2033247 ], [ -74.1928626, 11.2083343 ], [ -74.1928831, 11.2083619 ], [ -74.1929559, 11.2084602 ], [ -74.1935492, 11.2092604 ], [ -74.1935921, 11.2100603 ], [ -74.1942358, 11.210397 ], [ -74.194665, 11.2104391 ], [ -74.1950942, 11.2109443 ], [ -74.1945792, 11.2114494 ], [ -74.1940642, 11.2118283 ], [ -74.1938067, 11.2123756 ], [ -74.1939784, 11.2130491 ], [ -74.1937209, 11.2136805 ], [ -74.1929913, 11.2138068 ], [ -74.1927338, 11.2144804 ], [ -74.1929193, 11.2148443 ], [ -74.1929506, 11.2149057 ], [ -74.1930771, 11.2151539 ], [ -74.1928196, 11.2158695 ], [ -74.1932059, 11.2167956 ], [ -74.1935063, 11.2175534 ], [ -74.1942358, 11.2177638 ], [ -74.1947508, 11.2173429 ], [ -74.194665, 11.2167114 ], [ -74.1941929, 11.2162063 ], [ -74.1940642, 11.2153223 ], [ -74.1945792, 11.2147329 ], [ -74.1953946, 11.2141857 ], [ -74.1959095, 11.2143541 ], [ -74.1956735, 11.214754 ], [ -74.195416, 11.2150276 ], [ -74.1957808, 11.2151539 ], [ -74.1961885, 11.2153012 ], [ -74.196446, 11.2154906 ], [ -74.196446, 11.2157853 ], [ -74.1967893, 11.2159747 ], [ -74.1973043, 11.2159327 ], [ -74.1977334, 11.2159537 ], [ -74.1978836, 11.2156801 ], [ -74.1981626, 11.2154696 ], [ -74.1981626, 11.2151118 ], [ -74.1984201, 11.2148592 ], [ -74.1987634, 11.2150697 ], [ -74.1990423, 11.2153223 ], [ -74.1992998, 11.2150065 ], [ -74.199729, 11.2149013 ], [ -74.2000294, 11.2149645 ], [ -74.2000938, 11.2146487 ], [ -74.2001152, 11.2140594 ], [ -74.2004585, 11.2138489 ], [ -74.2007804, 11.2138068 ], [ -74.2010164, 11.2135542 ], [ -74.2010379, 11.2131333 ], [ -74.2011237, 11.2128807 ], [ -74.2014241, 11.2125018 ], [ -74.2017889, 11.2125018 ], [ -74.202261, 11.212565 ], [ -74.2027116, 11.2128386 ], [ -74.2026472, 11.213449 ], [ -74.2026472, 11.21387 ], [ -74.2030335, 11.2141015 ], [ -74.2033982, 11.2142488 ], [ -74.2035699, 11.2146066 ], [ -74.2033982, 11.2150697 ], [ -74.2027974, 11.215659 ], [ -74.2027545, 11.2161431 ], [ -74.2028833, 11.2166062 ], [ -74.2031193, 11.2170903 ], [ -74.2029262, 11.2175323 ], [ -74.2025614, 11.217869 ], [ -74.2022181, 11.2182269 ], [ -74.2021322, 11.2186689 ], [ -74.2020464, 11.2192792 ], [ -74.2019391, 11.2197633 ], [ -74.201746, 11.2202685 ], [ -74.2018748, 11.2205842 ], [ -74.202261, 11.2204158 ], [ -74.2025829, 11.2201632 ], [ -74.203012, 11.2195529 ], [ -74.2033982, 11.2192161 ], [ -74.2039132, 11.2189425 ], [ -74.2044282, 11.2186268 ], [ -74.2051578, 11.2184794 ], [ -74.205544, 11.2181848 ], [ -74.2060805, 11.2176796 ], [ -74.2066169, 11.2166272 ], [ -74.20681, 11.2158274 ], [ -74.2070675, 11.2149855 ], [ -74.2076254, 11.2146698 ], [ -74.2079902, 11.2149013 ], [ -74.2083979, 11.2149645 ], [ -74.2088056, 11.2147961 ], [ -74.2091918, 11.2148171 ], [ -74.2096424, 11.2151749 ], [ -74.2096853, 11.2155538 ], [ -74.2094064, 11.2161642 ], [ -74.209621, 11.2163747 ], [ -74.2100501, 11.2163747 ], [ -74.2102862, 11.2167325 ], [ -74.2104578, 11.216964 ], [ -74.2109728, 11.2169009 ], [ -74.2112088, 11.2166062 ], [ -74.2115307, 11.2161431 ], [ -74.2119599, 11.2158485 ], [ -74.2127538, 11.2154906 ], [ -74.2132044, 11.2155538 ], [ -74.2138052, 11.21608 ], [ -74.2142344, 11.2170482 ], [ -74.2142022, 11.2175638 ], [ -74.2141271, 11.217848 ], [ -74.2140734, 11.2181427 ], [ -74.2141163, 11.21829 ], [ -74.2142987, 11.2184479 ], [ -74.2144382, 11.2185847 ], [ -74.2145991, 11.2188372 ], [ -74.2146421, 11.2191214 ], [ -74.214803, 11.2193003 ], [ -74.2150283, 11.2193003 ], [ -74.215318, 11.2193845 ], [ -74.2155755, 11.2195318 ], [ -74.2156184, 11.2197528 ], [ -74.2156184, 11.2200896 ], [ -74.2156398, 11.2204158 ], [ -74.2157364, 11.2205631 ], [ -74.2159188, 11.2206368 ], [ -74.2162621, 11.2207736 ], [ -74.2164874, 11.220963 ], [ -74.2167127, 11.2213103 ], [ -74.2169273, 11.2218155 ], [ -74.2170775, 11.2223416 ], [ -74.2171311, 11.2226574 ], [ -74.2170668, 11.2229415 ], [ -74.2168415, 11.2233835 ], [ -74.2165411, 11.2236781 ], [ -74.2161977, 11.2238676 ], [ -74.2158115, 11.2240465 ], [ -74.2156291, 11.2242464 ], [ -74.215554, 11.2244569 ], [ -74.2155647, 11.22472 ], [ -74.2156506, 11.2250462 ], [ -74.215833, 11.2252777 ], [ -74.2161548, 11.2255934 ], [ -74.2163158, 11.2258144 ], [ -74.216423, 11.2261617 ], [ -74.2164123, 11.2266248 ], [ -74.2164445, 11.2269615 ], [ -74.2165411, 11.2271509 ], [ -74.2166484, 11.2274561 ], [ -74.2166376, 11.2277613 ], [ -74.2166054, 11.2282769 ], [ -74.2166698, 11.2287505 ], [ -74.2169166, 11.2291083 ], [ -74.2173565, 11.2294345 ], [ -74.2178178, 11.2295924 ], [ -74.2181826, 11.2296976 ], [ -74.2185152, 11.229666 ], [ -74.2190838, 11.229666 ], [ -74.2195451, 11.2296976 ], [ -74.2200708, 11.229666 ], [ -74.2204785, 11.2296871 ], [ -74.2208326, 11.2298239 ], [ -74.2210472, 11.2299923 ], [ -74.2213154, 11.2302238 ], [ -74.2216587, 11.2304448 ], [ -74.2219377, 11.2306026 ], [ -74.2225707, 11.2308131 ], [ -74.2228818, 11.2308236 ], [ -74.2235899, 11.2308131 ], [ -74.223901, 11.2307815 ], [ -74.2245722, 11.2309497 ] ] ] } },
{ "type": "Feature", "properties": { "name": "Localidad 2 Histórica - Rodrigo de Bastidas", "barrio_id": 2 }, "geometry": { "type": "Polygon", "coordinates": [ [ [ -74.2203256, 11.2358986 ], [ -74.2184356, 11.237664 ], [ -74.2179655, 11.2382135 ], [ -74.2173556, 11.2393014 ], [ -74.2171297, 11.2397907 ], [ -74.2171002, 11.2401564 ], [ -74.2171603, 11.2403298 ], [ -74.2180948, 11.2406743 ], [ -74.2183646, 11.2406421 ], [ -74.2185967, 11.2406609 ], [ -74.2188011, 11.2407271 ], [ -74.2190322, 11.2408682 ], [ -74.2192302, 11.2410784 ], [ -74.2193823, 11.2415058 ], [ -74.2193882, 11.2418213 ], [ -74.2189053, 11.2431525 ], [ -74.2186044, 11.2435364 ], [ -74.2182623, 11.2437601 ], [ -74.2179172, 11.2438146 ], [ -74.21785, 11.2437515 ], [ -74.2178339, 11.2436704 ], [ -74.2178822, 11.2435938 ], [ -74.2179479, 11.2435901 ], [ -74.2180079, 11.243611 ], [ -74.2181834, 11.2436081 ], [ -74.2183881, 11.2435307 ], [ -74.2185781, 11.243416 ], [ -74.2187039, 11.2431693 ], [ -74.218853, 11.2428337 ], [ -74.2192231, 11.2418906 ], [ -74.21925, 11.2417613 ], [ -74.2192654, 11.2415615 ], [ -74.2192436, 11.2413979 ], [ -74.2192101, 11.2413861 ], [ -74.218562, 11.2411338 ], [ -74.2185282, 11.2411207 ], [ -74.2180442, 11.2409322 ], [ -74.2180136, 11.2409203 ], [ -74.2173082, 11.2406457 ], [ -74.2172713, 11.2406631 ], [ -74.2171896, 11.2406302 ], [ -74.2171602, 11.2406184 ], [ -74.2168056, 11.2404758 ], [ -74.2167888, 11.2404872 ], [ -74.2167037, 11.2405449 ], [ -74.2165867, 11.2405048 ], [ -74.2159816, 11.2417318 ], [ -74.2175835, 11.2426514 ], [ -74.2172578, 11.243401 ], [ -74.2172102, 11.2434456 ], [ -74.2171606, 11.2434233 ], [ -74.2171751, 11.2433625 ], [ -74.2172971, 11.2430867 ], [ -74.2171461, 11.2430218 ], [ -74.2169931, 11.2428899 ], [ -74.2168856, 11.2427013 ], [ -74.2168608, 11.2425817 ], [ -74.2168629, 11.2425046 ], [ -74.2164797, 11.242233 ], [ -74.216377, 11.2421896 ], [ -74.2161381, 11.2423475 ], [ -74.2159001, 11.2425257 ], [ -74.2155973, 11.2428742 ], [ -74.2152235, 11.2435264 ], [ -74.2150467, 11.243996 ], [ -74.2147526, 11.2450287 ], [ -74.2146564, 11.2462295 ], [ -74.2148407, 11.2464197 ], [ -74.2148982, 11.2465019 ], [ -74.2155383, 11.246545 ], [ -74.2155311, 11.2466349 ], [ -74.2149439, 11.2465977 ], [ -74.2146165, 11.2474802 ], [ -74.2145476, 11.2478415 ], [ -74.2146351, 11.2478653 ], [ -74.2146972, 11.2479028 ], [ -74.2146023, 11.2479807 ], [ -74.2144575, 11.2479684 ], [ -74.214444, 11.2480689 ], [ -74.2163062, 11.2489124 ], [ -74.2150704, 11.2515777 ], [ -74.2150264, 11.2515581 ], [ -74.2149857, 11.2516813 ], [ -74.214966, 11.2518321 ], [ -74.2149801, 11.2520025 ], [ -74.215025, 11.2521812 ], [ -74.2159906, 11.2540598 ], [ -74.216925, 11.2540899 ], [ -74.2174141, 11.2533844 ], [ -74.2174619, 11.2532469 ], [ -74.2175028, 11.2532137 ], [ -74.2175548, 11.253218 ], [ -74.2175929, 11.253192 ], [ -74.2176165, 11.2531526 ], [ -74.2176158, 11.2530852 ], [ -74.2175873, 11.2530487 ], [ -74.217906, 11.2526772 ], [ -74.218031, 11.251995 ], [ -74.2180537, 11.2519063 ], [ -74.2180957, 11.2518563 ], [ -74.2180687, 11.2518363 ], [ -74.2176642, 11.2522664 ], [ -74.2174781, 11.2520901 ], [ -74.2193882, 11.2500594 ], [ -74.2195823, 11.2502331 ], [ -74.2192958, 11.2505468 ], [ -74.2193642, 11.2506695 ], [ -74.2194934, 11.2507311 ], [ -74.2198803, 11.2508097 ], [ -74.2200224, 11.2507966 ], [ -74.2201581, 11.250737 ], [ -74.220256, 11.2506414 ], [ -74.2203398, 11.2504587 ], [ -74.2204186, 11.2503609 ], [ -74.2205287, 11.2503004 ], [ -74.220889, 11.2502788 ], [ -74.2208809, 11.2507403 ], [ -74.2209076, 11.250881 ], [ -74.2210236, 11.2511395 ], [ -74.2210565, 11.2513155 ], [ -74.221005, 11.2515218 ], [ -74.2209987, 11.2517634 ], [ -74.2210279, 11.2519339 ], [ -74.221108, 11.2520947 ], [ -74.2212181, 11.2521725 ], [ -74.2214577, 11.2521385 ], [ -74.2215233, 11.2521961 ], [ -74.2215062, 11.2522743 ], [ -74.2212473, 11.25269 ], [ -74.2212012, 11.2527488 ], [ -74.2205618, 11.253427 ], [ -74.2204574, 11.2534843 ], [ -74.2203288, 11.2535224 ], [ -74.2202216, 11.2535914 ], [ -74.219811, 11.2541615 ], [ -74.2197652, 11.2541822 ], [ -74.2197265, 11.2541622 ], [ -74.219634, 11.2539684 ], [ -74.2195454, 11.2539439 ], [ -74.2194422, 11.2539726 ], [ -74.2183849, 11.2553024 ], [ -74.2182713, 11.2551361 ], [ -74.2181069, 11.2551225 ], [ -74.218047, 11.2550045 ], [ -74.2180416, 11.2550014 ], [ -74.2180053, 11.25498 ], [ -74.2179559, 11.2549899 ], [ -74.2179265, 11.2550264 ], [ -74.2179401, 11.2550874 ], [ -74.2177491, 11.2553606 ], [ -74.2175426, 11.2554156 ], [ -74.2175006, 11.2555668 ], [ -74.2171697, 11.2554345 ], [ -74.2170572, 11.2557398 ], [ -74.2168875, 11.2555145 ], [ -74.2166722, 11.2555849 ], [ -74.2163302, 11.2554056 ], [ -74.2163037, 11.2553289 ], [ -74.216229, 11.2552568 ], [ -74.2161113, 11.2552147 ], [ -74.2159936, 11.255227 ], [ -74.215891, 11.2553001 ], [ -74.2158109, 11.2554588 ], [ -74.2156473, 11.2555017 ], [ -74.215479, 11.2554805 ], [ -74.2154424, 11.255393 ], [ -74.214648, 11.2555389 ], [ -74.2144969, 11.2554505 ], [ -74.2139872, 11.255702 ], [ -74.2139127, 11.2557518 ], [ -74.2138564, 11.2558348 ], [ -74.2136878, 11.2565068 ], [ -74.213492, 11.2567289 ], [ -74.2132324, 11.2566734 ], [ -74.2131964, 11.256686 ], [ -74.2128725, 11.2571172 ], [ -74.212901, 11.2573787 ], [ -74.2127833, 11.2573875 ], [ -74.2114435, 11.2568909 ], [ -74.2112966, 11.2569597 ], [ -74.2108084, 11.2562203 ], [ -74.2102382, 11.2555664 ], [ -74.2100864, 11.2554632 ], [ -74.2098912, 11.2554384 ], [ -74.2097033, 11.2555027 ], [ -74.2095515, 11.255651 ], [ -74.2092876, 11.2561233 ], [ -74.2090121, 11.2563094 ], [ -74.2086344, 11.2562476 ], [ -74.2077115, 11.2564251 ], [ -74.2074103, 11.2565403 ], [ -74.2071395, 11.2567118 ], [ -74.2069355, 11.2569266 ], [ -74.2068574, 11.2571244 ], [ -74.2068728, 11.2573107 ], [ -74.2069867, 11.257468 ], [ -74.2072648, 11.2576191 ], [ -74.2071531, 11.2577106 ], [ -74.2070782, 11.2577517 ], [ -74.2069817, 11.2577464 ], [ -74.2069066, 11.2576938 ], [ -74.2068636, 11.2576044 ], [ -74.2067725, 11.2575728 ], [ -74.2066974, 11.2575465 ], [ -74.2066062, 11.2575097 ], [ -74.2065579, 11.2574308 ], [ -74.2064774, 11.2573834 ], [ -74.2062789, 11.2573413 ], [ -74.206118, 11.2573203 ], [ -74.2060643, 11.2572834 ], [ -74.2060858, 11.2572098 ], [ -74.2060858, 11.2571046 ], [ -74.2060375, 11.256973 ], [ -74.2059195, 11.2568783 ], [ -74.2058015, 11.2568362 ], [ -74.2056781, 11.2568152 ], [ -74.2055601, 11.2567994 ], [ -74.2054582, 11.2568099 ], [ -74.2053831, 11.2568573 ], [ -74.2053402, 11.2569415 ], [ -74.2053026, 11.2570414 ], [ -74.2052275, 11.2571309 ], [ -74.2051524, 11.2572151 ], [ -74.2050451, 11.2572624 ], [ -74.2049593, 11.2572256 ], [ -74.2049056, 11.2571414 ], [ -74.2048091, 11.2570256 ], [ -74.2045569, 11.2568415 ], [ -74.2045409, 11.2569836 ], [ -74.2045623, 11.2571467 ], [ -74.2043531, 11.2571414 ], [ -74.2043907, 11.2569625 ], [ -74.2044161, 11.256848 ], [ -74.2042987, 11.2567942 ], [ -74.204384, 11.2566218 ], [ -74.2044162, 11.2565594 ], [ -74.2045147, 11.25637 ], [ -74.2045462, 11.2562838 ], [ -74.2045355, 11.2562102 ], [ -74.2045891, 11.2561312 ], [ -74.2045999, 11.2560418 ], [ -74.2045623, 11.2558997 ], [ -74.2044604, 11.2557945 ], [ -74.2043853, 11.2558103 ], [ -74.2042941, 11.2557945 ], [ -74.2042995, 11.2558682 ], [ -74.2042083, 11.2558945 ], [ -74.2041814, 11.2557893 ], [ -74.2041814, 11.2556946 ], [ -74.2040098, 11.2556735 ], [ -74.2040205, 11.2554578 ], [ -74.2038381, 11.255442 ], [ -74.2036504, 11.2554105 ], [ -74.2036182, 11.2555315 ], [ -74.2036182, 11.2556051 ], [ -74.2036504, 11.2556946 ], [ -74.2035431, 11.2557472 ], [ -74.203468, 11.2558366 ], [ -74.2034251, 11.2559418 ], [ -74.2033178, 11.2559313 ], [ -74.203248, 11.2557682 ], [ -74.2032909, 11.2556893 ], [ -74.2033124, 11.2555999 ], [ -74.2032158, 11.2555157 ], [ -74.2031568, 11.2554631 ], [ -74.2030281, 11.2554578 ], [ -74.2027438, 11.2553736 ], [ -74.2026848, 11.2553105 ], [ -74.2025882, 11.255321 ], [ -74.2024863, 11.2552894 ], [ -74.2024005, 11.2553473 ], [ -74.2024219, 11.2554631 ], [ -74.202556, 11.2554578 ], [ -74.2025828, 11.2556051 ], [ -74.2025936, 11.2556893 ], [ -74.2025024, 11.2557051 ], [ -74.2024863, 11.255763 ], [ -74.2024702, 11.2559155 ], [ -74.2024005, 11.2560102 ], [ -74.202379, 11.2560997 ], [ -74.2023736, 11.2561996 ], [ -74.2023307, 11.2563049 ], [ -74.2022449, 11.2563206 ], [ -74.2022073, 11.2563785 ], [ -74.2022234, 11.2565574 ], [ -74.2021483, 11.2565574 ], [ -74.2020893, 11.2564522 ], [ -74.2020571, 11.2563206 ], [ -74.2020303, 11.2562417 ], [ -74.201923, 11.256126 ], [ -74.2017782, 11.2560418 ], [ -74.2017084, 11.2559681 ], [ -74.2016172, 11.2558892 ], [ -74.2015207, 11.2557524 ], [ -74.2014188, 11.2554841 ], [ -74.2013866, 11.2553052 ], [ -74.2012471, 11.2553263 ], [ -74.2012954, 11.2554841 ], [ -74.2011184, 11.2555525 ], [ -74.201054, 11.2556419 ], [ -74.2010754, 11.2557366 ], [ -74.2010164, 11.2558471 ], [ -74.200995, 11.2559313 ], [ -74.2010379, 11.2559892 ], [ -74.200995, 11.2560628 ], [ -74.2010057, 11.2561944 ], [ -74.2010325, 11.2563206 ], [ -74.2010808, 11.2564259 ], [ -74.201113, 11.2565521 ], [ -74.2011184, 11.2566679 ], [ -74.2010057, 11.2566626 ], [ -74.2009521, 11.256489 ], [ -74.2009306, 11.2563996 ], [ -74.200877, 11.2563206 ], [ -74.2008072, 11.256268 ], [ -74.2007321, 11.2562733 ], [ -74.2006463, 11.2562628 ], [ -74.2006409, 11.2561628 ], [ -74.2005712, 11.2560365 ], [ -74.2006517, 11.2559944 ], [ -74.2005765, 11.2558419 ], [ -74.2004103, 11.2558945 ], [ -74.2003083, 11.2559629 ], [ -74.2002225, 11.2561312 ], [ -74.2001849, 11.2563049 ], [ -74.2001796, 11.2564311 ], [ -74.2002279, 11.2564732 ], [ -74.2003083, 11.25661 ], [ -74.200303, 11.2567205 ], [ -74.2002761, 11.2568205 ], [ -74.2003137, 11.2569415 ], [ -74.2004263, 11.2571414 ], [ -74.2005229, 11.2572729 ], [ -74.2004854, 11.2573413 ], [ -74.2003727, 11.2572361 ], [ -74.2003298, 11.2572782 ], [ -74.2002493, 11.2572834 ], [ -74.2002279, 11.2573624 ], [ -74.2002654, 11.2574255 ], [ -74.2001903, 11.2574939 ], [ -74.2001098, 11.2574571 ], [ -74.2000562, 11.2573203 ], [ -74.1999757, 11.2571256 ], [ -74.1998577, 11.2569625 ], [ -74.1997826, 11.2569467 ], [ -74.1996914, 11.2569152 ], [ -74.1996378, 11.257052 ], [ -74.1994876, 11.2570414 ], [ -74.1993964, 11.2570151 ], [ -74.199391, 11.2568468 ], [ -74.199214, 11.2567889 ], [ -74.1990852, 11.2567521 ], [ -74.1990262, 11.2567942 ], [ -74.1989189, 11.2567363 ], [ -74.1988599, 11.2567942 ], [ -74.1988385, 11.2568625 ], [ -74.1987258, 11.2569152 ], [ -74.1986722, 11.2570151 ], [ -74.1986507, 11.2570835 ], [ -74.1985917, 11.2571361 ], [ -74.1984952, 11.257173 ], [ -74.1983932, 11.2572571 ], [ -74.1984254, 11.2573624 ], [ -74.1984254, 11.2575255 ], [ -74.1983879, 11.2576044 ], [ -74.1984093, 11.2576728 ], [ -74.1983879, 11.257899 ], [ -74.1983879, 11.2579937 ], [ -74.1983396, 11.2580568 ], [ -74.198302, 11.25812 ], [ -74.1983181, 11.2581936 ], [ -74.1982967, 11.2582515 ], [ -74.1982269, 11.2581621 ], [ -74.1981787, 11.2579674 ], [ -74.1981196, 11.2579569 ], [ -74.1980606, 11.2578201 ], [ -74.198184, 11.2577727 ], [ -74.1981733, 11.2576728 ], [ -74.1979641, 11.2576359 ], [ -74.1979426, 11.2575781 ], [ -74.1980231, 11.2575149 ], [ -74.1980177, 11.2574308 ], [ -74.1979319, 11.2573466 ], [ -74.1979104, 11.2572677 ], [ -74.1977924, 11.2572782 ], [ -74.1976959, 11.2572677 ], [ -74.1976154, 11.2573045 ], [ -74.1975296, 11.2573045 ], [ -74.1975135, 11.2574097 ], [ -74.197374, 11.2575044 ], [ -74.197315, 11.2574308 ], [ -74.1972989, 11.2573624 ], [ -74.1972292, 11.2573098 ], [ -74.1972292, 11.2572414 ], [ -74.1972345, 11.2571467 ], [ -74.1973043, 11.2571098 ], [ -74.1973686, 11.2570888 ], [ -74.1974384, 11.257052 ], [ -74.1974169, 11.2569625 ], [ -74.1973686, 11.2568152 ], [ -74.1973472, 11.2566942 ], [ -74.1972828, 11.2565627 ], [ -74.1971916, 11.2565153 ], [ -74.1970736, 11.2565469 ], [ -74.1969985, 11.2565995 ], [ -74.1968536, 11.2568047 ], [ -74.1966981, 11.2570467 ], [ -74.1966391, 11.2571361 ], [ -74.1965425, 11.257173 ], [ -74.1964513, 11.2572203 ], [ -74.1963762, 11.257173 ], [ -74.1963279, 11.2570362 ], [ -74.1963011, 11.2569204 ], [ -74.1962475, 11.256973 ], [ -74.196167, 11.2569888 ], [ -74.1960812, 11.2570256 ], [ -74.1960168, 11.2570625 ], [ -74.1959471, 11.2570256 ], [ -74.1958022, 11.2571993 ], [ -74.1957325, 11.2572834 ], [ -74.1956842, 11.257173 ], [ -74.1956842, 11.2570467 ], [ -74.1956252, 11.2570256 ], [ -74.1956091, 11.2570835 ], [ -74.1956198, 11.2572045 ], [ -74.1955179, 11.2571993 ], [ -74.1953087, 11.2571835 ], [ -74.195239, 11.2571414 ], [ -74.1951639, 11.2571835 ], [ -74.1950995, 11.2572571 ], [ -74.1949493, 11.2572992 ], [ -74.1948688, 11.2574886 ], [ -74.1948742, 11.2575676 ], [ -74.1946971, 11.2576096 ], [ -74.1947079, 11.2574939 ], [ -74.1947132, 11.2573729 ], [ -74.1946489, 11.2571572 ], [ -74.1945738, 11.2571993 ], [ -74.1944987, 11.2571519 ], [ -74.1944021, 11.2571519 ], [ -74.1944236, 11.2570835 ], [ -74.1943485, 11.257094 ], [ -74.1942519, 11.2571203 ], [ -74.1941983, 11.2571098 ], [ -74.1942143, 11.2569836 ], [ -74.1942626, 11.2569204 ], [ -74.1942197, 11.2568257 ], [ -74.1941446, 11.2568573 ], [ -74.1940481, 11.2567784 ], [ -74.1940212, 11.2567258 ], [ -74.1939354, 11.2567415 ], [ -74.1938657, 11.2566995 ], [ -74.1939193, 11.2566731 ], [ -74.1939032, 11.2565837 ], [ -74.1938496, 11.25651 ], [ -74.1938174, 11.2564206 ], [ -74.1937798, 11.2562417 ], [ -74.1937584, 11.2561418 ], [ -74.1936672, 11.2559997 ], [ -74.1937101, 11.2559418 ], [ -74.1937155, 11.255884 ], [ -74.1937798, 11.2558577 ], [ -74.1937906, 11.255542 ], [ -74.1938281, 11.2554736 ], [ -74.1939193, 11.2554631 ], [ -74.1938978, 11.2552737 ], [ -74.1934204, 11.2552947 ], [ -74.1933775, 11.2553894 ], [ -74.193399, 11.2554578 ], [ -74.1933346, 11.2556051 ], [ -74.1932809, 11.2557419 ], [ -74.1932112, 11.2557472 ], [ -74.193179, 11.2559524 ], [ -74.1932166, 11.2560628 ], [ -74.1932702, 11.2561102 ], [ -74.1932327, 11.256247 ], [ -74.193179, 11.2566574 ], [ -74.1931737, 11.2567468 ], [ -74.1931629, 11.2569099 ], [ -74.1933668, 11.2569836 ], [ -74.1933614, 11.2571151 ], [ -74.1934097, 11.2571993 ], [ -74.1934472, 11.2573045 ], [ -74.1934741, 11.2573887 ], [ -74.1934902, 11.2574992 ], [ -74.1935813, 11.2577149 ], [ -74.1936296, 11.2578254 ], [ -74.1936886, 11.2578832 ], [ -74.1936886, 11.2579937 ], [ -74.1935438, 11.2579832 ], [ -74.1934955, 11.257778 ], [ -74.1934741, 11.2577043 ], [ -74.1934472, 11.2576096 ], [ -74.1934151, 11.2575412 ], [ -74.1933292, 11.2574623 ], [ -74.1932702, 11.2573992 ], [ -74.1932005, 11.2573729 ], [ -74.1930288, 11.2572571 ], [ -74.192943, 11.2572151 ], [ -74.1929376, 11.2574202 ], [ -74.1927445, 11.257415 ], [ -74.1926748, 11.2575518 ], [ -74.1926748, 11.2576465 ], [ -74.1926855, 11.2577938 ], [ -74.1927177, 11.2579148 ], [ -74.192782, 11.2580305 ], [ -74.192884, 11.2581252 ], [ -74.1929805, 11.2581989 ], [ -74.193061, 11.2581989 ], [ -74.1931737, 11.2581884 ], [ -74.1932756, 11.2581621 ], [ -74.1933614, 11.2582252 ], [ -74.1933721, 11.2582989 ], [ -74.1934311, 11.2583357 ], [ -74.1934258, 11.2584093 ], [ -74.1933078, 11.2584409 ], [ -74.1932166, 11.2585093 ], [ -74.1931683, 11.258583 ], [ -74.192943, 11.2585409 ], [ -74.1929108, 11.2587145 ], [ -74.1928464, 11.2588355 ], [ -74.192825, 11.2589407 ], [ -74.192782, 11.2589986 ], [ -74.1927767, 11.259067 ], [ -74.1927552, 11.2591406 ], [ -74.1926748, 11.259188 ], [ -74.192605, 11.259209 ], [ -74.1924977, 11.2592301 ], [ -74.1924226, 11.2592511 ], [ -74.1923851, 11.2591933 ], [ -74.1924173, 11.2591354 ], [ -74.1924763, 11.2590617 ], [ -74.1924602, 11.2589881 ], [ -74.1924924, 11.2589144 ], [ -74.1925782, 11.2586356 ], [ -74.1926104, 11.2585514 ], [ -74.1925836, 11.2584672 ], [ -74.1924763, 11.258462 ], [ -74.1924548, 11.2583936 ], [ -74.1923904, 11.2583673 ], [ -74.1922617, 11.2582989 ], [ -74.192192, 11.2583409 ], [ -74.192133, 11.2584462 ], [ -74.1920954, 11.2585514 ], [ -74.1920257, 11.2585356 ], [ -74.1920686, 11.2584356 ], [ -74.1920364, 11.2583673 ], [ -74.1920096, 11.2582989 ], [ -74.1919881, 11.2582042 ], [ -74.1919237, 11.2581515 ], [ -74.191854, 11.2582147 ], [ -74.1917574, 11.2581884 ], [ -74.1916555, 11.2580937 ], [ -74.1917092, 11.2580095 ], [ -74.1917843, 11.2580095 ], [ -74.1917896, 11.2579148 ], [ -74.1918325, 11.2578464 ], [ -74.1919345, 11.2577254 ], [ -74.1919398, 11.2575518 ], [ -74.1919237, 11.2574781 ], [ -74.1918433, 11.2574255 ], [ -74.1917735, 11.2573624 ], [ -74.1919452, 11.2573518 ], [ -74.1919828, 11.2572782 ], [ -74.1920525, 11.2571151 ], [ -74.1921598, 11.257073 ], [ -74.1921169, 11.256952 ], [ -74.1921115, 11.2568415 ], [ -74.1921651, 11.2567258 ], [ -74.1922402, 11.2566679 ], [ -74.1922993, 11.2565206 ], [ -74.1922456, 11.2564627 ], [ -74.1921437, 11.2564837 ], [ -74.1920793, 11.2563838 ], [ -74.1920096, 11.2563575 ], [ -74.1919237, 11.2563522 ], [ -74.1918755, 11.2564153 ], [ -74.1918004, 11.2563838 ], [ -74.1918486, 11.2562259 ], [ -74.1917735, 11.2560628 ], [ -74.1917038, 11.2560313 ], [ -74.1916609, 11.2559892 ], [ -74.191559, 11.2559629 ], [ -74.1916394, 11.2558208 ], [ -74.1915643, 11.2557366 ], [ -74.1914517, 11.2557419 ], [ -74.1913712, 11.2557051 ], [ -74.1912478, 11.2557682 ], [ -74.1911674, 11.255805 ], [ -74.1911137, 11.2560365 ], [ -74.190985, 11.2562049 ], [ -74.1908562, 11.2563469 ], [ -74.1907972, 11.2564732 ], [ -74.1908294, 11.2565311 ], [ -74.1908938, 11.2565048 ], [ -74.1909313, 11.2566153 ], [ -74.1906846, 11.256731 ], [ -74.1908884, 11.2573466 ], [ -74.1907865, 11.2573413 ], [ -74.1907543, 11.2574255 ], [ -74.190647, 11.2574623 ], [ -74.1904914, 11.2576991 ], [ -74.1903788, 11.257678 ], [ -74.1903305, 11.2577464 ], [ -74.1901267, 11.2577833 ], [ -74.1900516, 11.2577622 ], [ -74.190073, 11.2576096 ], [ -74.1900569, 11.2575097 ], [ -74.1900998, 11.257415 ], [ -74.1900408, 11.2573887 ], [ -74.1899926, 11.2574413 ], [ -74.1899067, 11.2575149 ], [ -74.1898477, 11.2574992 ], [ -74.1899228, 11.2573518 ], [ -74.1899121, 11.2572466 ], [ -74.1897941, 11.2572098 ], [ -74.1897833, 11.2571519 ], [ -74.1896546, 11.257094 ], [ -74.1896009, 11.2572571 ], [ -74.1892737, 11.2571098 ], [ -74.1893596, 11.2570256 ], [ -74.1894454, 11.2569309 ], [ -74.1894454, 11.256852 ], [ -74.1894937, 11.2567573 ], [ -74.1894883, 11.2566521 ], [ -74.1894239, 11.2565574 ], [ -74.1893488, 11.2565311 ], [ -74.1892147, 11.2565364 ], [ -74.1891879, 11.256468 ], [ -74.1891718, 11.2563785 ], [ -74.1892684, 11.2563259 ], [ -74.1893542, 11.2561944 ], [ -74.1892898, 11.2561786 ], [ -74.1893113, 11.2560944 ], [ -74.1892415, 11.2560628 ], [ -74.1892898, 11.2559366 ], [ -74.1891557, 11.2559576 ], [ -74.1889465, 11.2560891 ], [ -74.1888285, 11.2561628 ], [ -74.1887426, 11.256147 ], [ -74.1888124, 11.2560786 ], [ -74.1888607, 11.256005 ], [ -74.1890431, 11.2558945 ], [ -74.1889894, 11.255805 ], [ -74.1890752, 11.2557314 ], [ -74.1891342, 11.2556525 ], [ -74.1891396, 11.2555104 ], [ -74.1891879, 11.2554315 ], [ -74.189145, 11.2553684 ], [ -74.1890484, 11.2553631 ], [ -74.1890001, 11.2554683 ], [ -74.1889143, 11.255542 ], [ -74.1888499, 11.2555893 ], [ -74.1887802, 11.2556525 ], [ -74.188689, 11.2557156 ], [ -74.188512, 11.255763 ], [ -74.1884315, 11.2558103 ], [ -74.1883564, 11.2557682 ], [ -74.1882974, 11.2555052 ], [ -74.1881901, 11.2555052 ], [ -74.1882169, 11.2556051 ], [ -74.1880345, 11.2556577 ], [ -74.1879702, 11.2555104 ], [ -74.1878843, 11.2556683 ], [ -74.1878468, 11.2557472 ], [ -74.1877341, 11.2558419 ], [ -74.1877717, 11.255884 ], [ -74.1877341, 11.2559418 ], [ -74.1876698, 11.2559208 ], [ -74.1875947, 11.2558945 ], [ -74.187482, 11.2558524 ], [ -74.1873908, 11.2558366 ], [ -74.1872728, 11.2559313 ], [ -74.1872835, 11.2558103 ], [ -74.1871226, 11.2556367 ], [ -74.1872031, 11.255563 ], [ -74.1872728, 11.2555472 ], [ -74.1873962, 11.2555578 ], [ -74.187482, 11.2555946 ], [ -74.1875088, 11.2556788 ], [ -74.1876376, 11.255663 ], [ -74.187659, 11.2555788 ], [ -74.1877019, 11.2555052 ], [ -74.1876698, 11.2553 ], [ -74.1876268, 11.2552158 ], [ -74.1875678, 11.2551369 ], [ -74.1874874, 11.2551158 ], [ -74.1874766, 11.2550474 ], [ -74.1874391, 11.2549738 ], [ -74.1875035, 11.254837 ], [ -74.1875786, 11.2547844 ], [ -74.1876805, 11.2547686 ], [ -74.187761, 11.2547896 ], [ -74.1878092, 11.254716 ], [ -74.1879219, 11.2546949 ], [ -74.1879219, 11.2547844 ], [ -74.1881847, 11.2547317 ], [ -74.1882491, 11.2546476 ], [ -74.1882491, 11.2545213 ], [ -74.1882974, 11.2544739 ], [ -74.1883296, 11.2543792 ], [ -74.188292, 11.2543319 ], [ -74.1882974, 11.2542582 ], [ -74.1882223, 11.2542004 ], [ -74.1881633, 11.254274 ], [ -74.188115, 11.2543898 ], [ -74.1880131, 11.2544056 ], [ -74.1879487, 11.2543898 ], [ -74.1878951, 11.254374 ], [ -74.1877985, 11.2541793 ], [ -74.1877395, 11.2540741 ], [ -74.1876161, 11.2539846 ], [ -74.1875893, 11.253911 ], [ -74.1875249, 11.2538373 ], [ -74.1874713, 11.2536848 ], [ -74.1868705, 11.2537321 ], [ -74.1868436, 11.2536637 ], [ -74.1869831, 11.2535953 ], [ -74.1870207, 11.2535006 ], [ -74.1870314, 11.2533796 ], [ -74.187085, 11.2533323 ], [ -74.1871387, 11.2532902 ], [ -74.1872406, 11.2533217 ], [ -74.1873211, 11.2533112 ], [ -74.1873747, 11.2533901 ], [ -74.1874766, 11.2533954 ], [ -74.1875947, 11.2533533 ], [ -74.1877127, 11.2532691 ], [ -74.1877931, 11.2531955 ], [ -74.1878897, 11.2530166 ], [ -74.1878629, 11.2529429 ], [ -74.1878897, 11.2528745 ], [ -74.1878629, 11.252622 ], [ -74.1879433, 11.2525483 ], [ -74.1879916, 11.2524484 ], [ -74.1879702, 11.2523431 ], [ -74.1879165, 11.2522169 ], [ -74.1879755, 11.2522326 ], [ -74.188115, 11.2522379 ], [ -74.1882384, 11.25218 ], [ -74.1882438, 11.2521011 ], [ -74.1883135, 11.2520538 ], [ -74.1883779, 11.2519801 ], [ -74.1884422, 11.2518801 ], [ -74.1885227, 11.2517591 ], [ -74.188292, 11.2517328 ], [ -74.1883189, 11.2516539 ], [ -74.1884798, 11.2516223 ], [ -74.1885656, 11.2516013 ], [ -74.1886246, 11.2515013 ], [ -74.1886085, 11.2512383 ], [ -74.1886729, 11.2512383 ], [ -74.1887856, 11.2512856 ], [ -74.1889036, 11.2513435 ], [ -74.1889572, 11.2513224 ], [ -74.1891128, 11.251354 ], [ -74.1892093, 11.2513593 ], [ -74.1892201, 11.2512698 ], [ -74.1891396, 11.2512119 ], [ -74.1890806, 11.251133 ], [ -74.1889465, 11.2510594 ], [ -74.1888499, 11.2509384 ], [ -74.1887748, 11.2508963 ], [ -74.1886729, 11.25077 ], [ -74.1885334, 11.2506174 ], [ -74.1885442, 11.2505385 ], [ -74.1886193, 11.2504806 ], [ -74.1887051, 11.2504754 ], [ -74.1888768, 11.2504596 ], [ -74.1890162, 11.2504227 ], [ -74.1891396, 11.2503491 ], [ -74.1892523, 11.2503386 ], [ -74.1892952, 11.2502123 ], [ -74.1892308, 11.250065 ], [ -74.1892362, 11.2499703 ], [ -74.1891718, 11.249944 ], [ -74.1892147, 11.249823 ], [ -74.1888928, 11.2496809 ], [ -74.1888017, 11.2496704 ], [ -74.1887158, 11.2496283 ], [ -74.1886836, 11.2495388 ], [ -74.1885978, 11.2494704 ], [ -74.1885817, 11.2495862 ], [ -74.1885227, 11.2496651 ], [ -74.1884852, 11.2497283 ], [ -74.1883725, 11.2496651 ], [ -74.1882813, 11.249723 ], [ -74.1881472, 11.2497388 ], [ -74.1880882, 11.2498072 ], [ -74.1880292, 11.2497335 ], [ -74.1879433, 11.2496651 ], [ -74.1879809, 11.249602 ], [ -74.1879165, 11.2495599 ], [ -74.1877985, 11.2496178 ], [ -74.1877985, 11.2494968 ], [ -74.1878843, 11.2493494 ], [ -74.1880345, 11.2493231 ], [ -74.188115, 11.2492179 ], [ -74.1881633, 11.24926 ], [ -74.1883564, 11.2490495 ], [ -74.1883993, 11.2489338 ], [ -74.1883993, 11.2485971 ], [ -74.1883564, 11.2485655 ], [ -74.1882652, 11.2485076 ], [ -74.1882491, 11.2484024 ], [ -74.1881901, 11.2482866 ], [ -74.1880989, 11.2483445 ], [ -74.1880506, 11.2484129 ], [ -74.1879112, 11.2484234 ], [ -74.1878039, 11.2484077 ], [ -74.1878146, 11.2483077 ], [ -74.1880614, 11.2479499 ], [ -74.1879004, 11.2479236 ], [ -74.1879219, 11.2478552 ], [ -74.1879058, 11.2477552 ], [ -74.1878092, 11.2477079 ], [ -74.1877073, 11.2477289 ], [ -74.1876215, 11.2478026 ], [ -74.1875464, 11.2478763 ], [ -74.1873908, 11.2477342 ], [ -74.187246, 11.2478184 ], [ -74.187187, 11.2477289 ], [ -74.1870958, 11.2477921 ], [ -74.1870368, 11.2479552 ], [ -74.1870046, 11.2480288 ], [ -74.1869348, 11.2479604 ], [ -74.1868061, 11.2478973 ], [ -74.1866076, 11.2478289 ], [ -74.1866827, 11.2477763 ], [ -74.1866612, 11.2477079 ], [ -74.1867149, 11.2476448 ], [ -74.1867256, 11.2475711 ], [ -74.1867095, 11.2475185 ], [ -74.186672, 11.2471397 ], [ -74.1866291, 11.247087 ], [ -74.1863769, 11.247066 ], [ -74.1863769, 11.2472186 ], [ -74.1863233, 11.2473501 ], [ -74.1862804, 11.247408 ], [ -74.1861999, 11.2473343 ], [ -74.1860497, 11.247166 ], [ -74.1859102, 11.2471712 ], [ -74.1858083, 11.2470976 ], [ -74.1857225, 11.2470555 ], [ -74.1856313, 11.247087 ], [ -74.1856957, 11.2471397 ], [ -74.1856688, 11.2471923 ], [ -74.1855723, 11.2471502 ], [ -74.1854543, 11.2472975 ], [ -74.1853577, 11.2474027 ], [ -74.1852719, 11.2475185 ], [ -74.1853201, 11.2475974 ], [ -74.1853684, 11.2476868 ], [ -74.1852987, 11.2476921 ], [ -74.1853148, 11.2477605 ], [ -74.1854328, 11.2477973 ], [ -74.1855079, 11.2478605 ], [ -74.1855776, 11.2479762 ], [ -74.185524, 11.2480499 ], [ -74.185524, 11.2481498 ], [ -74.1855991, 11.2482235 ], [ -74.1857064, 11.2482603 ], [ -74.1857868, 11.2482445 ], [ -74.1858137, 11.2483129 ], [ -74.1857493, 11.2483603 ], [ -74.1857225, 11.2484287 ], [ -74.185642, 11.2483919 ], [ -74.1855454, 11.2484603 ], [ -74.1856098, 11.2486023 ], [ -74.1856957, 11.2486286 ], [ -74.1857654, 11.2487549 ], [ -74.1858298, 11.2488812 ], [ -74.1859102, 11.248897 ], [ -74.1859317, 11.2490443 ], [ -74.1858405, 11.2490969 ], [ -74.1857654, 11.2491442 ], [ -74.1857868, 11.2492389 ], [ -74.185819, 11.2493915 ], [ -74.1858673, 11.2494968 ], [ -74.1859907, 11.2495651 ], [ -74.1859371, 11.2496178 ], [ -74.1857439, 11.2495231 ], [ -74.1856957, 11.2494284 ], [ -74.185642, 11.2492653 ], [ -74.1856635, 11.2491653 ], [ -74.1855991, 11.2491179 ], [ -74.1853952, 11.2490969 ], [ -74.1852611, 11.2490548 ], [ -74.1853362, 11.2489917 ], [ -74.1852719, 11.2487707 ], [ -74.1852075, 11.2486549 ], [ -74.1851056, 11.2486707 ], [ -74.1849446, 11.2486181 ], [ -74.1851056, 11.2484708 ], [ -74.1849876, 11.2483235 ], [ -74.1847944, 11.2483656 ], [ -74.1846442, 11.2482498 ], [ -74.1845799, 11.2479867 ], [ -74.1844404, 11.2480394 ], [ -74.1844404, 11.2482603 ], [ -74.1844618, 11.2484813 ], [ -74.1845477, 11.2486392 ], [ -74.1844726, 11.2488601 ], [ -74.1844082, 11.2490495 ], [ -74.1843546, 11.2492916 ], [ -74.1844297, 11.2494915 ], [ -74.1845369, 11.2495967 ], [ -74.1845584, 11.2498072 ], [ -74.1843438, 11.2498598 ], [ -74.1842151, 11.2500282 ], [ -74.1840756, 11.249944 ], [ -74.1838503, 11.2500176 ], [ -74.1837323, 11.249944 ], [ -74.1836143, 11.2496809 ], [ -74.1834855, 11.249502 ], [ -74.1834962, 11.2493863 ], [ -74.1836465, 11.2491548 ], [ -74.1837645, 11.249018 ], [ -74.1837859, 11.2488075 ], [ -74.1835928, 11.2486392 ], [ -74.1833353, 11.2484497 ], [ -74.1834641, 11.2481341 ], [ -74.1832066, 11.2480288 ], [ -74.1832602, 11.2478184 ], [ -74.1834855, 11.247871 ], [ -74.1837001, 11.2478499 ], [ -74.1838396, 11.2477342 ], [ -74.183979, 11.2475237 ], [ -74.1842044, 11.2473028 ], [ -74.1845155, 11.2471028 ], [ -74.1846013, 11.2469976 ], [ -74.1845906, 11.2468713 ], [ -74.1846335, 11.246503 ], [ -74.1847086, 11.2464189 ], [ -74.1845477, 11.2460611 ], [ -74.1841936, 11.2454928 ], [ -74.1840541, 11.245556 ], [ -74.1838503, 11.2455349 ], [ -74.183625, 11.2455034 ], [ -74.183389, 11.2455349 ], [ -74.1833139, 11.2454507 ], [ -74.1831422, 11.2452719 ], [ -74.1827989, 11.245356 ], [ -74.1828311, 11.2456612 ], [ -74.1829383, 11.2457664 ], [ -74.1830671, 11.2459453 ], [ -74.1831422, 11.2461242 ], [ -74.1830027, 11.2461979 ], [ -74.1828954, 11.2460926 ], [ -74.1827774, 11.2461347 ], [ -74.1828096, 11.2462505 ], [ -74.182756, 11.2463768 ], [ -74.1827667, 11.2465767 ], [ -74.1826379, 11.2465714 ], [ -74.1825306, 11.2466398 ], [ -74.1824341, 11.2465451 ], [ -74.1822624, 11.2463873 ], [ -74.1820103, 11.2461663 ], [ -74.1819352, 11.2460979 ], [ -74.1819567, 11.2460242 ], [ -74.1820693, 11.246019 ], [ -74.1822356, 11.2459927 ], [ -74.1821766, 11.2458769 ], [ -74.1820639, 11.2457506 ], [ -74.1818869, 11.2456191 ], [ -74.1818065, 11.2454981 ], [ -74.1815651, 11.2454665 ], [ -74.1814363, 11.2454876 ], [ -74.1813612, 11.245556 ], [ -74.1813719, 11.2456875 ], [ -74.1813237, 11.2457717 ], [ -74.1812378, 11.2458506 ], [ -74.1812968, 11.2459611 ], [ -74.1814524, 11.2460505 ], [ -74.1815811, 11.2460926 ], [ -74.1816831, 11.2461768 ], [ -74.1817689, 11.2462926 ], [ -74.1818816, 11.246361 ], [ -74.1820049, 11.2464188 ], [ -74.1821283, 11.2464872 ], [ -74.1822624, 11.2465714 ], [ -74.1823214, 11.2466503 ], [ -74.1823429, 11.2467924 ], [ -74.1822785, 11.2468713 ], [ -74.1821766, 11.2469134 ], [ -74.1819513, 11.2470081 ], [ -74.1817153, 11.247187 ], [ -74.1815758, 11.2475027 ], [ -74.1815114, 11.2478184 ], [ -74.1816831, 11.2481762 ], [ -74.1818011, 11.248355 ], [ -74.1819084, 11.2485339 ], [ -74.1820371, 11.2486602 ], [ -74.1820908, 11.2488391 ], [ -74.1819728, 11.2488496 ], [ -74.1819191, 11.2489969 ], [ -74.1819191, 11.2492284 ], [ -74.1820157, 11.2493442 ], [ -74.1820908, 11.2495441 ], [ -74.1820371, 11.2496493 ], [ -74.1820157, 11.2498177 ], [ -74.1820693, 11.2500597 ], [ -74.1819728, 11.250186 ], [ -74.1818118, 11.2500702 ], [ -74.1818655, 11.2498808 ], [ -74.1817689, 11.2497756 ], [ -74.1816509, 11.2496599 ], [ -74.1816509, 11.2494599 ], [ -74.1816938, 11.2493231 ], [ -74.1816723, 11.2491758 ], [ -74.1816402, 11.2489443 ], [ -74.1817153, 11.248818 ], [ -74.1816723, 11.2485339 ], [ -74.1813183, 11.2481446 ], [ -74.1811252, 11.2481341 ], [ -74.1809535, 11.2484182 ], [ -74.1808462, 11.2487549 ], [ -74.1809428, 11.2488391 ], [ -74.1808891, 11.2490075 ], [ -74.1807604, 11.2491442 ], [ -74.1806853, 11.2494494 ], [ -74.1806638, 11.2496599 ], [ -74.1806531, 11.2498808 ], [ -74.1807175, 11.2501229 ], [ -74.1807819, 11.2502912 ], [ -74.180814, 11.2505227 ], [ -74.1808784, 11.2507542 ], [ -74.1809213, 11.2509857 ], [ -74.1810393, 11.2512909 ], [ -74.1811144, 11.2515329 ], [ -74.1810823, 11.2517644 ], [ -74.1809964, 11.2519959 ], [ -74.1809321, 11.2521432 ], [ -74.1807604, 11.2523326 ], [ -74.1806531, 11.2524273 ], [ -74.1805351, 11.2523852 ], [ -74.1803098, 11.2521958 ], [ -74.1801489, 11.252059 ], [ -74.179945, 11.2520064 ], [ -74.1797948, 11.2520906 ], [ -74.1796017, 11.2520906 ], [ -74.1796231, 11.2519222 ], [ -74.1795373, 11.2517644 ], [ -74.17943, 11.2515855 ], [ -74.1792798, 11.2514487 ], [ -74.1791189, 11.2514592 ], [ -74.1790652, 11.251596 ], [ -74.1789043, 11.2515645 ], [ -74.1787648, 11.2517223 ], [ -74.1787541, 11.2515645 ], [ -74.178797, 11.2514382 ], [ -74.1788721, 11.2511646 ], [ -74.1788828, 11.2509857 ], [ -74.1789687, 11.2507963 ], [ -74.1789687, 11.2506174 ], [ -74.1790974, 11.2504385 ], [ -74.1791618, 11.250186 ], [ -74.1791082, 11.2499334 ], [ -74.1792476, 11.2497651 ], [ -74.1794944, 11.2495862 ], [ -74.179709, 11.2495652 ], [ -74.1798377, 11.2494389 ], [ -74.179709, 11.2493021 ], [ -74.1795158, 11.2492074 ], [ -74.1792262, 11.2491337 ], [ -74.1791403, 11.2489864 ], [ -74.1789258, 11.2489443 ], [ -74.1787326, 11.2488075 ], [ -74.1785932, 11.2488917 ], [ -74.1783035, 11.2488812 ], [ -74.1782713, 11.2490601 ], [ -74.178282, 11.2492284 ], [ -74.1781855, 11.2493231 ], [ -74.1780567, 11.2493652 ], [ -74.1780245, 11.2495441 ], [ -74.1780567, 11.249723 ], [ -74.178046, 11.249944 ], [ -74.1778743, 11.2499019 ], [ -74.1776812, 11.249744 ], [ -74.1775203, 11.249502 ], [ -74.1773701, 11.2496283 ], [ -74.1774023, 11.2498598 ], [ -74.1773594, 11.249965 ], [ -74.177413, 11.2500597 ], [ -74.1774774, 11.2502176 ], [ -74.1775203, 11.2504175 ], [ -74.1774023, 11.2504701 ], [ -74.1768444, 11.2498598 ], [ -74.1765976, 11.2500071 ], [ -74.1766405, 11.2501649 ], [ -74.1768122, 11.2503754 ], [ -74.1768551, 11.2505438 ], [ -74.1766298, 11.2505227 ], [ -74.1764689, 11.2504175 ], [ -74.1763187, 11.2504175 ], [ -74.1761577, 11.2505017 ], [ -74.1762114, 11.2506806 ], [ -74.1762865, 11.2508174 ], [ -74.1762114, 11.2509331 ], [ -74.1762543, 11.251112 ], [ -74.1761041, 11.2510489 ], [ -74.1759646, 11.2510909 ], [ -74.1758466, 11.2512172 ], [ -74.1757715, 11.2511225 ], [ -74.1757929, 11.2508594 ], [ -74.1756642, 11.2507647 ], [ -74.1753852, 11.2507963 ], [ -74.1752565, 11.2509015 ], [ -74.1753101, 11.251112 ], [ -74.1751921, 11.2512277 ], [ -74.175514, 11.251596 ], [ -74.1755462, 11.2517328 ], [ -74.175632, 11.2518591 ], [ -74.1758037, 11.2518907 ], [ -74.1759431, 11.2518591 ], [ -74.1761148, 11.2518486 ], [ -74.1762328, 11.2519328 ], [ -74.1764152, 11.2519643 ], [ -74.1763616, 11.2520801 ], [ -74.1764045, 11.2522484 ], [ -74.1763508, 11.2524168 ], [ -74.1764581, 11.2525852 ], [ -74.1764689, 11.2527325 ], [ -74.1766083, 11.2528587 ], [ -74.1764045, 11.2530271 ], [ -74.1762972, 11.2531429 ], [ -74.1761792, 11.253227 ], [ -74.1758788, 11.2528061 ], [ -74.1754925, 11.2529745 ], [ -74.1750205, 11.2533112 ], [ -74.1750205, 11.2534375 ], [ -74.175117, 11.2536269 ], [ -74.175235, 11.2537952 ], [ -74.1753316, 11.253911 ], [ -74.1752565, 11.2540057 ], [ -74.1750848, 11.2539847 ], [ -74.1748273, 11.2540057 ], [ -74.174645, 11.2540478 ], [ -74.1746771, 11.2537321 ], [ -74.1745269, 11.2536479 ], [ -74.1744304, 11.2538163 ], [ -74.1743231, 11.2537637 ], [ -74.1744304, 11.2533743 ], [ -74.1743553, 11.2531849 ], [ -74.1744304, 11.2530166 ], [ -74.1744626, 11.2527851 ], [ -74.1743338, 11.2526167 ], [ -74.1743767, 11.2524378 ], [ -74.1744948, 11.2522484 ], [ -74.1743553, 11.2521642 ], [ -74.1742802, 11.2520485 ], [ -74.1740978, 11.2519222 ], [ -74.1740441, 11.2516697 ], [ -74.1739905, 11.2513856 ], [ -74.1738296, 11.2512698 ], [ -74.1737437, 11.2514066 ], [ -74.1738296, 11.2516486 ], [ -74.1737867, 11.251817 ], [ -74.1738725, 11.252038 ], [ -74.1740012, 11.252259 ], [ -74.1738939, 11.2523957 ], [ -74.1740227, 11.2525957 ], [ -74.1740656, 11.2527535 ], [ -74.1740656, 11.2530797 ], [ -74.1736579, 11.2531639 ], [ -74.1736364, 11.2533533 ], [ -74.1735721, 11.2535322 ], [ -74.1735828, 11.2537216 ], [ -74.1736043, 11.2538794 ], [ -74.173615, 11.2540478 ], [ -74.1736364, 11.2542582 ], [ -74.1734755, 11.2542372 ], [ -74.173336, 11.2541846 ], [ -74.1733253, 11.253911 ], [ -74.1732395, 11.2537216 ], [ -74.1732931, 11.2535217 ], [ -74.1732609, 11.2525852 ], [ -74.1730785, 11.2525957 ], [ -74.1729498, 11.252522 ], [ -74.1727245, 11.2524063 ], [ -74.1725528, 11.2524905 ], [ -74.1725636, 11.2526483 ], [ -74.1725528, 11.252764 ], [ -74.172585, 11.2530061 ], [ -74.1726709, 11.2532376 ], [ -74.1725314, 11.2531955 ], [ -74.1723168, 11.2531955 ], [ -74.1721666, 11.2533428 ], [ -74.1720486, 11.2533217 ], [ -74.1718662, 11.2533743 ], [ -74.1715658, 11.2534585 ], [ -74.1715551, 11.2532902 ], [ -74.1714478, 11.2530376 ], [ -74.171834, 11.252522 ], [ -74.1717482, 11.2524378 ], [ -74.1720379, 11.2522274 ], [ -74.1723168, 11.2519748 ], [ -74.1724026, 11.2518275 ], [ -74.172231, 11.2517223 ], [ -74.1719627, 11.2516486 ], [ -74.1717804, 11.2515539 ], [ -74.1715765, 11.2515539 ], [ -74.1714263, 11.2514487 ], [ -74.1712761, 11.2513856 ], [ -74.1712225, 11.2515645 ], [ -74.1711474, 11.2516907 ], [ -74.1709221, 11.2517644 ], [ -74.1708148, 11.2516171 ], [ -74.1706431, 11.2517749 ], [ -74.17045, 11.251796 ], [ -74.1702032, 11.2518696 ], [ -74.169935, 11.2519012 ], [ -74.1697312, 11.2520485 ], [ -74.1696346, 11.2523221 ], [ -74.1694737, 11.2524799 ], [ -74.1693342, 11.2526588 ], [ -74.1692913, 11.2528798 ], [ -74.1693342, 11.2530587 ], [ -74.1694844, 11.253227 ], [ -74.169699, 11.2533428 ], [ -74.1699243, 11.2535532 ], [ -74.1701174, 11.2537216 ], [ -74.1703427, 11.2539636 ], [ -74.1706216, 11.2538058 ], [ -74.1708362, 11.2536479 ], [ -74.1709542, 11.2537532 ], [ -74.1709221, 11.2539005 ], [ -74.1707933, 11.2540267 ], [ -74.1706646, 11.2541846 ], [ -74.1706431, 11.2544582 ], [ -74.1707718, 11.2547528 ], [ -74.1708577, 11.2550053 ], [ -74.1709221, 11.2551947 ], [ -74.1707718, 11.2552894 ], [ -74.1705895, 11.2551737 ], [ -74.1705036, 11.2550369 ], [ -74.1703963, 11.2548685 ], [ -74.1702461, 11.2548054 ], [ -74.1701174, 11.2547212 ], [ -74.1699565, 11.2546055 ], [ -74.1700208, 11.2544687 ], [ -74.169935, 11.2542372 ], [ -74.1697955, 11.25389 ], [ -74.1695809, 11.25389 ], [ -74.16942, 11.2538689 ], [ -74.169184, 11.2537847 ], [ -74.1693986, 11.2535322 ], [ -74.1692698, 11.2534691 ], [ -74.169066, 11.2535006 ], [ -74.1689372, 11.2533954 ], [ -74.1688407, 11.2533112 ], [ -74.1688836, 11.2531955 ], [ -74.1688085, 11.2530587 ], [ -74.1686905, 11.2530692 ], [ -74.1685295, 11.2530271 ], [ -74.1684759, 11.2528167 ], [ -74.1683149, 11.2527325 ], [ -74.1681433, 11.2527851 ], [ -74.1679824, 11.2528272 ], [ -74.1678214, 11.2528587 ], [ -74.1676498, 11.252964 ], [ -74.1675747, 11.2528272 ], [ -74.167403, 11.2526272 ], [ -74.1673708, 11.2524168 ], [ -74.1672313, 11.252259 ], [ -74.1670382, 11.2523431 ], [ -74.1668344, 11.2524378 ], [ -74.1665554, 11.2524063 ], [ -74.1668773, 11.2527325 ], [ -74.1670275, 11.2528693 ], [ -74.1670811, 11.2530587 ], [ -74.1670811, 11.2532586 ], [ -74.1671777, 11.2534375 ], [ -74.167285, 11.2535848 ], [ -74.1672206, 11.2538268 ], [ -74.1671562, 11.2539952 ], [ -74.1669738, 11.2540794 ], [ -74.1668558, 11.2539952 ], [ -74.1668236, 11.2536058 ], [ -74.1667163, 11.2533217 ], [ -74.1665447, 11.2530376 ], [ -74.1662872, 11.2528377 ], [ -74.1660404, 11.2526588 ], [ -74.1658151, 11.2527535 ], [ -74.1657722, 11.2529955 ], [ -74.1659439, 11.2532586 ], [ -74.1659224, 11.253427 ], [ -74.1657829, 11.2535532 ], [ -74.1656327, 11.2536164 ], [ -74.1654825, 11.2535427 ], [ -74.1653109, 11.253448 ], [ -74.1650105, 11.2533638 ], [ -74.1647637, 11.2533323 ], [ -74.1645169, 11.2534691 ], [ -74.1643775, 11.253669 ], [ -74.164238, 11.2538479 ], [ -74.1640771, 11.2540794 ], [ -74.1643667, 11.2543319 ], [ -74.1645062, 11.2545213 ], [ -74.1646457, 11.2546055 ], [ -74.1648924, 11.2546476 ], [ -74.1648924, 11.2547844 ], [ -74.1648066, 11.2550264 ], [ -74.1648495, 11.2551947 ], [ -74.1650105, 11.2553526 ], [ -74.164989, 11.2554789 ], [ -74.1650212, 11.255784 ], [ -74.1650212, 11.2561102 ], [ -74.1649997, 11.2563312 ], [ -74.1650963, 11.2564995 ], [ -74.1652143, 11.2566258 ], [ -74.1653538, 11.2567626 ], [ -74.165504, 11.2569099 ], [ -74.1656649, 11.256973 ], [ -74.1657293, 11.2570888 ], [ -74.1656757, 11.2572677 ], [ -74.1656113, 11.2574255 ], [ -74.1655684, 11.2575833 ], [ -74.1652358, 11.2576044 ], [ -74.1652036, 11.2574781 ], [ -74.1652358, 11.2573098 ], [ -74.1651392, 11.2570677 ], [ -74.1650212, 11.2569415 ], [ -74.1649139, 11.2568468 ], [ -74.1647744, 11.2567731 ], [ -74.1647959, 11.2566468 ], [ -74.1646993, 11.2565732 ], [ -74.1646242, 11.2564364 ], [ -74.1644955, 11.2564154 ], [ -74.1642487, 11.2560681 ], [ -74.1640449, 11.2560365 ], [ -74.1638839, 11.2559103 ], [ -74.1637337, 11.2558682 ], [ -74.1634762, 11.2558156 ], [ -74.1634548, 11.2556893 ], [ -74.1632938, 11.2555736 ], [ -74.1629827, 11.255542 ], [ -74.1628003, 11.255542 ], [ -74.1626179, 11.2554473 ], [ -74.1624785, 11.2554578 ], [ -74.1623175, 11.2554999 ], [ -74.1622102, 11.255321 ], [ -74.1621137, 11.2552263 ], [ -74.161942, 11.2552789 ], [ -74.1616953, 11.2553736 ], [ -74.1615665, 11.2554262 ], [ -74.1614485, 11.255542 ], [ -74.1612661, 11.2555104 ], [ -74.1611266, 11.2555209 ], [ -74.1609979, 11.2556788 ], [ -74.160794, 11.255763 ], [ -74.1606546, 11.2558577 ], [ -74.1603649, 11.2557524 ], [ -74.1605365, 11.2555525 ], [ -74.1606546, 11.2552789 ], [ -74.1605044, 11.2552368 ], [ -74.1603649, 11.2549948 ], [ -74.1602039, 11.2550159 ], [ -74.1600216, 11.2550053 ], [ -74.1597641, 11.2550053 ], [ -74.1594851, 11.2551737 ], [ -74.1593135, 11.2552789 ], [ -74.1591203, 11.2553841 ], [ -74.1590023, 11.2554578 ], [ -74.1588307, 11.2555209 ], [ -74.1586697, 11.2555209 ], [ -74.1585946, 11.2553315 ], [ -74.1585946, 11.2551737 ], [ -74.1585195, 11.2549422 ], [ -74.1588307, 11.2547423 ], [ -74.1585624, 11.2547318 ], [ -74.1582406, 11.2549422 ], [ -74.158026, 11.2550053 ], [ -74.1578221, 11.2549317 ], [ -74.1575325, 11.2549001 ], [ -74.1573393, 11.2548159 ], [ -74.1575647, 11.2542898 ], [ -74.1577149, 11.2538689 ], [ -74.1578114, 11.2536374 ], [ -74.15779, 11.2534375 ], [ -74.1577685, 11.2531534 ], [ -74.1578007, 11.2528798 ], [ -74.1578865, 11.2524589 ], [ -74.1579402, 11.2521853 ], [ -74.1579294, 11.2519433 ], [ -74.1578114, 11.2517749 ], [ -74.1575968, 11.2516171 ], [ -74.1574466, 11.2515539 ], [ -74.156996, 11.2517118 ], [ -74.1566849, 11.2518275 ], [ -74.1568887, 11.2516066 ], [ -74.1570175, 11.2514487 ], [ -74.1571677, 11.2512698 ], [ -74.1573608, 11.2512172 ], [ -74.1575647, 11.2512383 ], [ -74.1577149, 11.251133 ], [ -74.1578007, 11.2509121 ], [ -74.1578651, 11.2507121 ], [ -74.1580153, 11.2505122 ], [ -74.1582191, 11.2505543 ], [ -74.1583693, 11.2504912 ], [ -74.1585946, 11.2503649 ], [ -74.1587126, 11.250207 ], [ -74.1589809, 11.2501229 ], [ -74.159174, 11.2501544 ], [ -74.1592705, 11.2502702 ], [ -74.1593886, 11.2504385 ], [ -74.1595709, 11.2504491 ], [ -74.1597211, 11.2503017 ], [ -74.1598392, 11.2501123 ], [ -74.1598606, 11.2498808 ], [ -74.1598606, 11.2496388 ], [ -74.159807, 11.2494915 ], [ -74.1598177, 11.2492705 ], [ -74.1599143, 11.2490706 ], [ -74.1600537, 11.2488391 ], [ -74.1602469, 11.248776 ], [ -74.1605044, 11.2484813 ], [ -74.1606331, 11.2483656 ], [ -74.1605795, 11.2481025 ], [ -74.1605902, 11.247871 ], [ -74.1604722, 11.2476079 ], [ -74.1603327, 11.2475448 ], [ -74.1601932, 11.2473975 ], [ -74.1602254, 11.2472502 ], [ -74.1602254, 11.2470081 ], [ -74.1603649, 11.2470923 ], [ -74.1605473, 11.2471239 ], [ -74.1606867, 11.2471975 ], [ -74.1608155, 11.2470607 ], [ -74.1612661, 11.2473554 ], [ -74.1613412, 11.2472502 ], [ -74.1613412, 11.2468819 ], [ -74.1612554, 11.2467556 ], [ -74.1612983, 11.2464925 ], [ -74.1613197, 11.2462084 ], [ -74.1615343, 11.2461242 ], [ -74.1615236, 11.246019 ], [ -74.1615987, 11.2459138 ], [ -74.1616845, 11.2457875 ], [ -74.1616845, 11.245577 ], [ -74.1619313, 11.245577 ], [ -74.1620278, 11.2453771 ], [ -74.1621673, 11.2453034 ], [ -74.1622853, 11.2452719 ], [ -74.1622853, 11.2451456 ], [ -74.1625214, 11.245114 ], [ -74.1626501, 11.2450298 ], [ -74.1627681, 11.2451035 ], [ -74.1628969, 11.2451772 ], [ -74.1630149, 11.2452298 ], [ -74.1631544, 11.2452403 ], [ -74.1634119, 11.2452508 ], [ -74.1635728, 11.2453245 ], [ -74.1635835, 11.2451561 ], [ -74.1637123, 11.2451561 ], [ -74.1638732, 11.2450193 ], [ -74.1640127, 11.2448615 ], [ -74.1640127, 11.2447247 ], [ -74.1640449, 11.2445353 ], [ -74.1642058, 11.244409 ], [ -74.1643238, 11.2443038 ], [ -74.164474, 11.2442406 ], [ -74.1646457, 11.2442722 ], [ -74.1648603, 11.2443353 ], [ -74.1650426, 11.2442617 ], [ -74.1651821, 11.2441985 ], [ -74.1653001, 11.2440617 ], [ -74.1652787, 11.2439039 ], [ -74.1651714, 11.2437881 ], [ -74.1650534, 11.2436934 ], [ -74.1649354, 11.2436303 ], [ -74.1647422, 11.2435882 ], [ -74.1645813, 11.2435672 ], [ -74.1644311, 11.2435145 ], [ -74.164356, 11.2434198 ], [ -74.1645491, 11.2433672 ], [ -74.1645813, 11.2432515 ], [ -74.1644848, 11.2431252 ], [ -74.1644633, 11.2429779 ], [ -74.1643667, 11.2428516 ], [ -74.1642702, 11.2426832 ], [ -74.1642594, 11.2425359 ], [ -74.164356, 11.2424517 ], [ -74.1645599, 11.2424622 ], [ -74.1647101, 11.2425043 ], [ -74.1648173, 11.242557 ], [ -74.1649568, 11.2426411 ], [ -74.1650963, 11.2426306 ], [ -74.165268, 11.2426096 ], [ -74.1654074, 11.2426832 ], [ -74.1655469, 11.2426622 ], [ -74.1655362, 11.2424833 ], [ -74.1654289, 11.2423465 ], [ -74.1653001, 11.2422097 ], [ -74.1652787, 11.2421045 ], [ -74.165225, 11.241873 ], [ -74.1651392, 11.2416941 ], [ -74.1651178, 11.2413889 ], [ -74.1652358, 11.2414626 ], [ -74.165386, 11.2414626 ], [ -74.1655684, 11.2414626 ], [ -74.1657078, 11.2415467 ], [ -74.1658473, 11.2416099 ], [ -74.1660082, 11.2415678 ], [ -74.1661155, 11.241452 ], [ -74.1661692, 11.2412731 ], [ -74.1662443, 11.2411574 ], [ -74.1663623, 11.2410627 ], [ -74.1662765, 11.2408522 ], [ -74.166373, 11.2407996 ], [ -74.1664267, 11.2406207 ], [ -74.1665018, 11.2405365 ], [ -74.1667271, 11.2404839 ], [ -74.1669738, 11.2403997 ], [ -74.167167, 11.2403156 ], [ -74.1671026, 11.2402314 ], [ -74.1672099, 11.2400946 ], [ -74.167403, 11.2399367 ], [ -74.1674996, 11.2397789 ], [ -74.1674245, 11.239621 ], [ -74.1675532, 11.2395158 ], [ -74.167639, 11.2393053 ], [ -74.167167, 11.2389476 ], [ -74.1670168, 11.2390317 ], [ -74.1668666, 11.2390528 ], [ -74.1666734, 11.2390212 ], [ -74.166491, 11.2388528 ], [ -74.1662979, 11.2388844 ], [ -74.166137, 11.2389055 ], [ -74.1660726, 11.2390633 ], [ -74.1659546, 11.2391475 ], [ -74.1659439, 11.2393159 ], [ -74.165858, 11.2394948 ], [ -74.1659224, 11.2396631 ], [ -74.1660297, 11.2396842 ], [ -74.166137, 11.2397894 ], [ -74.1661692, 11.2399262 ], [ -74.1660297, 11.2399999 ], [ -74.165858, 11.2399999 ], [ -74.1656864, 11.2399472 ], [ -74.1656649, 11.2397473 ], [ -74.1654611, 11.2396947 ], [ -74.1651929, 11.2396947 ], [ -74.1649139, 11.2397684 ], [ -74.1646993, 11.2397789 ], [ -74.164474, 11.2395684 ], [ -74.1643131, 11.239379 ], [ -74.1642058, 11.2394316 ], [ -74.164238, 11.2396105 ], [ -74.1642273, 11.2397263 ], [ -74.1641522, 11.2398631 ], [ -74.1641522, 11.2399999 ], [ -74.164002, 11.2400209 ], [ -74.1638625, 11.2399578 ], [ -74.1636908, 11.2398841 ], [ -74.1634977, 11.2399788 ], [ -74.1633153, 11.2401156 ], [ -74.1631651, 11.2401893 ], [ -74.1631222, 11.2403787 ], [ -74.1629827, 11.2404629 ], [ -74.1627789, 11.2404103 ], [ -74.1628969, 11.2400525 ], [ -74.1630042, 11.2399472 ], [ -74.1629827, 11.2398315 ], [ -74.1629934, 11.2396105 ], [ -74.1630685, 11.2394211 ], [ -74.1630256, 11.2393053 ], [ -74.1629827, 11.239137 ], [ -74.1628003, 11.2390002 ], [ -74.1629398, 11.2388108 ], [ -74.1630793, 11.2386213 ], [ -74.1632724, 11.2385687 ], [ -74.1633582, 11.2383267 ], [ -74.163487, 11.238232 ], [ -74.1637337, 11.2379689 ], [ -74.1637874, 11.2377269 ], [ -74.1639376, 11.2373901 ], [ -74.1644311, 11.2366746 ], [ -74.1621127, 11.2347908 ], [ -74.1611803, 11.2340332 ], [ -74.1611052, 11.2341595 ], [ -74.1609657, 11.2343068 ], [ -74.1608691, 11.2344752 ], [ -74.1608155, 11.2347067 ], [ -74.1606867, 11.2348435 ], [ -74.1605258, 11.2348961 ], [ -74.1603971, 11.2350014 ], [ -74.1601718, 11.235054 ], [ -74.1599035, 11.2350645 ], [ -74.1597748, 11.2349908 ], [ -74.1596782, 11.2349277 ], [ -74.1594529, 11.234812 ], [ -74.1595066, 11.2346962 ], [ -74.1597104, 11.2346751 ], [ -74.159807, 11.234812 ], [ -74.1600216, 11.2344542 ], [ -74.1599465, 11.2342858 ], [ -74.160043, 11.2341806 ], [ -74.1600967, 11.2340332 ], [ -74.1600108, 11.2338964 ], [ -74.1599465, 11.2337386 ], [ -74.1597962, 11.2336123 ], [ -74.1596675, 11.2333071 ], [ -74.159528, 11.2332124 ], [ -74.1607189, 11.2317181 ], [ -74.1615558, 11.2311709 ], [ -74.1630149, 11.2309815 ], [ -74.1635728, 11.2310446 ], [ -74.1639161, 11.2309183 ], [ -74.1643238, 11.2309183 ], [ -74.1647315, 11.2307289 ], [ -74.164989, 11.2305395 ], [ -74.1654396, 11.2303922 ], [ -74.1658902, 11.2303711 ], [ -74.1664696, 11.2305184 ], [ -74.1667378, 11.2304343 ], [ -74.1669953, 11.2304448 ], [ -74.1671348, 11.2306447 ], [ -74.1672206, 11.2308447 ], [ -74.1672528, 11.2311498 ], [ -74.1672421, 11.2314024 ], [ -74.167167, 11.2317181 ], [ -74.1670704, 11.2320443 ], [ -74.1670275, 11.2323179 ], [ -74.1670275, 11.2326021 ], [ -74.1671026, 11.2330546 ], [ -74.1671133, 11.2333913 ], [ -74.1670168, 11.2336018 ], [ -74.1669095, 11.2337491 ], [ -74.1667163, 11.2339596 ], [ -74.166652, 11.2341385 ], [ -74.1667271, 11.2343384 ], [ -74.1669417, 11.2345278 ], [ -74.1670811, 11.2347067 ], [ -74.1671991, 11.2349488 ], [ -74.1673601, 11.2352539 ], [ -74.1675103, 11.2354223 ], [ -74.1677249, 11.2355486 ], [ -74.1680789, 11.2356222 ], [ -74.1684115, 11.2356433 ], [ -74.1686046, 11.2355801 ], [ -74.1687119, 11.2353697 ], [ -74.1687334, 11.2351276 ], [ -74.1686475, 11.2348646 ], [ -74.1685939, 11.2345699 ], [ -74.168551, 11.2340543 ], [ -74.1684973, 11.2337807 ], [ -74.1684651, 11.2335702 ], [ -74.1685939, 11.2333282 ], [ -74.1687656, 11.233265 ], [ -74.1689909, 11.2333492 ], [ -74.1691411, 11.2334439 ], [ -74.1693449, 11.2334545 ], [ -74.1695702, 11.2333808 ], [ -74.1699135, 11.2331914 ], [ -74.170053, 11.2330651 ], [ -74.1703534, 11.2329283 ], [ -74.1707075, 11.2327915 ], [ -74.1709328, 11.2327389 ], [ -74.1711474, 11.232802 ], [ -74.1712761, 11.2328862 ], [ -74.1713834, 11.2329809 ], [ -74.1715658, 11.2330125 ], [ -74.1717589, 11.2328651 ], [ -74.1718447, 11.2326652 ], [ -74.1718876, 11.2324126 ], [ -74.1719198, 11.2321075 ], [ -74.1720808, 11.2315813 ], [ -74.1721881, 11.2311709 ], [ -74.1723168, 11.2309394 ], [ -74.1726172, 11.2307605 ], [ -74.1729713, 11.2306658 ], [ -74.1732931, 11.2307184 ], [ -74.1735077, 11.2307394 ], [ -74.1737652, 11.2307605 ], [ -74.1740441, 11.2306868 ], [ -74.1743016, 11.2306026 ], [ -74.1745591, 11.2304027 ], [ -74.1747522, 11.2301396 ], [ -74.1748595, 11.229866 ], [ -74.1750419, 11.2295819 ], [ -74.1752243, 11.2294345 ], [ -74.1754711, 11.2293503 ], [ -74.1757178, 11.2293609 ], [ -74.1759861, 11.2294661 ], [ -74.1762865, 11.229424 ], [ -74.1766405, 11.2293714 ], [ -74.1769302, 11.229424 ], [ -74.1772306, 11.2294871 ], [ -74.1774988, 11.2297081 ], [ -74.1777134, 11.2299817 ], [ -74.1778636, 11.2301606 ], [ -74.1781533, 11.2304027 ], [ -74.1783249, 11.2306131 ], [ -74.1785395, 11.2307605 ], [ -74.1788077, 11.2307605 ], [ -74.179312, 11.2306342 ], [ -74.1798163, 11.2305184 ], [ -74.1802347, 11.2304763 ], [ -74.1805458, 11.2304974 ], [ -74.1808033, 11.2305395 ], [ -74.1809857, 11.2306658 ], [ -74.1810823, 11.2308973 ], [ -74.1811788, 11.2310025 ], [ -74.1813612, 11.2310972 ], [ -74.1815651, 11.2312025 ], [ -74.1818118, 11.2312025 ], [ -74.1820693, 11.2311077 ], [ -74.1822946, 11.2309288 ], [ -74.1824556, 11.2308131 ], [ -74.1827345, 11.2308131 ], [ -74.1830349, 11.2308131 ], [ -74.1832173, 11.2307394 ], [ -74.1834748, 11.2305395 ], [ -74.1837216, 11.2304763 ], [ -74.1840434, 11.2304974 ], [ -74.1844726, 11.2306131 ], [ -74.1847837, 11.2307815 ], [ -74.1849983, 11.2308973 ], [ -74.1851592, 11.230992 ], [ -74.185406, 11.2310025 ], [ -74.1855884, 11.2310025 ], [ -74.1858459, 11.2308868 ], [ -74.1861892, 11.2307289 ], [ -74.1865754, 11.2305605 ], [ -74.1870689, 11.2306026 ], [ -74.187423, 11.2306763 ], [ -74.1876268, 11.230771 ], [ -74.1878414, 11.2308026 ], [ -74.187938, 11.2306658 ], [ -74.187938, 11.2305079 ], [ -74.1878414, 11.2302659 ], [ -74.1877341, 11.2299397 ], [ -74.1877556, 11.2289925 ], [ -74.1878092, 11.2283822 ], [ -74.1879273, 11.2281612 ], [ -74.1882384, 11.2278139 ], [ -74.1885281, 11.227614 ], [ -74.1887426, 11.2274772 ], [ -74.188925, 11.2274666 ], [ -74.1891503, 11.2274877 ], [ -74.1894186, 11.2275613 ], [ -74.1896653, 11.2276455 ], [ -74.1899014, 11.2277508 ], [ -74.190073, 11.2279191 ], [ -74.190191, 11.2280139 ], [ -74.1903412, 11.228098 ], [ -74.1905344, 11.2280244 ], [ -74.1908133, 11.2278665 ], [ -74.1912103, 11.2275298 ], [ -74.1914463, 11.2273088 ], [ -74.1918004, 11.227172 ], [ -74.1921222, 11.2270773 ], [ -74.1923046, 11.2270983 ], [ -74.1924548, 11.2273088 ], [ -74.1925085, 11.2274877 ], [ -74.1923905, 11.2277192 ], [ -74.1923046, 11.2279402 ], [ -74.1922724, 11.2281928 ], [ -74.1922724, 11.2284032 ], [ -74.1924012, 11.2285716 ], [ -74.1926587, 11.2286663 ], [ -74.1929591, 11.2287189 ], [ -74.1931844, 11.2287715 ], [ -74.1933239, 11.2288663 ], [ -74.193356, 11.2290241 ], [ -74.1931951, 11.229182 ], [ -74.1929162, 11.2292872 ], [ -74.1925299, 11.2293714 ], [ -74.1922617, 11.2294345 ], [ -74.1920686, 11.229645 ], [ -74.1919077, 11.2298344 ], [ -74.1916609, 11.2299502 ], [ -74.1915321, 11.2300765 ], [ -74.1915536, 11.230329 ], [ -74.1917253, 11.2305395 ], [ -74.1919506, 11.230792 ], [ -74.192251, 11.2310236 ], [ -74.1925943, 11.2311393 ], [ -74.1928947, 11.2311288 ], [ -74.193238, 11.2310551 ], [ -74.1936994, 11.230992 ], [ -74.1941071, 11.2310341 ], [ -74.1944289, 11.2311498 ], [ -74.1946435, 11.2313077 ], [ -74.1947615, 11.231434 ], [ -74.195019, 11.2315392 ], [ -74.1952658, 11.2314761 ], [ -74.1956091, 11.2312761 ], [ -74.1958773, 11.2311814 ], [ -74.196167, 11.2310341 ], [ -74.1963387, 11.2308552 ], [ -74.1966176, 11.2304237 ], [ -74.1968322, 11.230087 ], [ -74.1968966, 11.2298028 ], [ -74.1968429, 11.2295292 ], [ -74.1967356, 11.2291714 ], [ -74.1968, 11.2288768 ], [ -74.1969609, 11.2285821 ], [ -74.197315, 11.2282664 ], [ -74.1978407, 11.2278455 ], [ -74.1984844, 11.2270773 ], [ -74.1987419, 11.2268457 ], [ -74.1990101, 11.2268352 ], [ -74.1993749, 11.2268878 ], [ -74.1996217, 11.2270246 ], [ -74.1999757, 11.2276245 ], [ -74.200201, 11.2279191 ], [ -74.2007053, 11.2282138 ], [ -74.2014349, 11.22854 ], [ -74.2020893, 11.2288031 ], [ -74.2022288, 11.2289715 ], [ -74.2022073, 11.2291925 ], [ -74.2019498, 11.2292977 ], [ -74.2016816, 11.2294135 ], [ -74.2013919, 11.2294661 ], [ -74.2012417, 11.2296134 ], [ -74.2011559, 11.2298765 ], [ -74.2013705, 11.2301185 ], [ -74.2016602, 11.2302659 ], [ -74.2020893, 11.2304448 ], [ -74.202261, 11.2304869 ], [ -74.2024219, 11.2303922 ], [ -74.2025507, 11.2301185 ], [ -74.2027116, 11.229887 ], [ -74.2028618, 11.2297502 ], [ -74.2030764, 11.2296029 ], [ -74.2032266, 11.2293609 ], [ -74.2032158, 11.2289925 ], [ -74.2031515, 11.22874 ], [ -74.2029691, 11.2283401 ], [ -74.2029154, 11.2280349 ], [ -74.2031086, 11.2277402 ], [ -74.2033875, 11.2274982 ], [ -74.2036235, 11.2273088 ], [ -74.2039025, 11.2272877 ], [ -74.2040742, 11.2273088 ], [ -74.2043102, 11.2275824 ], [ -74.2044497, 11.2278244 ], [ -74.204557, 11.2281507 ], [ -74.204557, 11.2284558 ], [ -74.204557, 11.228761 ], [ -74.2045784, 11.2289189 ], [ -74.2047715, 11.2291399 ], [ -74.2051685, 11.2295398 ], [ -74.2054153, 11.2298239 ], [ -74.2061985, 11.2299186 ], [ -74.2065203, 11.2300344 ], [ -74.2066598, 11.2302027 ], [ -74.2068422, 11.2304763 ], [ -74.2069709, 11.2308131 ], [ -74.2071319, 11.2310025 ], [ -74.2076039, 11.231434 ], [ -74.2078829, 11.2316129 ], [ -74.2080653, 11.2318654 ], [ -74.2082155, 11.2323074 ], [ -74.2083442, 11.2326652 ], [ -74.2086125, 11.2329388 ], [ -74.2089343, 11.2331072 ], [ -74.2094708, 11.2332335 ], [ -74.2098248, 11.2332966 ], [ -74.2102754, 11.2334124 ], [ -74.2108226, 11.2335807 ], [ -74.211123, 11.2337175 ], [ -74.211359, 11.2338543 ], [ -74.2116702, 11.2339596 ], [ -74.2120671, 11.2341595 ], [ -74.2124963, 11.2342437 ], [ -74.21314, 11.2343068 ], [ -74.2136443, 11.2342226 ], [ -74.2140949, 11.2341279 ], [ -74.2147172, 11.2342437 ], [ -74.2150498, 11.2342858 ], [ -74.2153609, 11.2342647 ], [ -74.2159081, 11.2340753 ], [ -74.2167235, 11.2339806 ], [ -74.2174208, 11.2341069 ], [ -74.2180646, 11.2343068 ], [ -74.2187512, 11.2346751 ], [ -74.2191696, 11.2350014 ], [ -74.2196417, 11.2352329 ], [ -74.2203256, 11.2358986 ] ] ] } }
]
}
