DEP;DEPNOMBRE;MUN;MUNNOMBRE;ZONA;PUESTO;PUESNOMBRE;MESA;CORCODIGO;CORNOMBRE;MESAFUERATERMINOS;OBSERVACIONNOVEDADMESA;FECHALLEGADA;SUFRAGANTES;ESTADOSOBRE;TOTALVOTOSURNA;TOTALVOTOSINCINERADOS;CANTIDADFIRMAS;SUFRAGANTESSEGUNE11;TACHADURASBORRONES;OBSERVACIONTACHADURASBORRONES;RECUENTOJURADOS;RECUENTOJURADOSSOLICITADOPOR;RECUENTOSOLICITADOREPRESENTACIONPARTIDO;OBSERVACIONRECONTADA;RECONTADAAUXILIAR;RECONTADAZONAL;RECONTADAMUNICIPAL;RECONTADAGENERAL;RECONTADANACIONAL;EXCLUIDA;MODIFICADA;APELADA
21;MAGDALENA;001;SANTA MARTA;01;01;I.E.D.LICEODELSURVICTORDELIMA;001;01;PRESIDENTE;NO;;;207;BUEN ESTADO;207;0;6;207;NO;;NO;;;;NO;NO;NO;NO;NO;NO;NO;NO;
21;MAGDALENA;001;SANTA MARTA;01;01;I.E.D.LICEODELSURVICTORDELIMA;002;01;PRESIDENTE;NO;;;232;BUEN ESTADO;232;0;6;232;NO;;NO;;;;NO;NO;NO;NO;NO;NO;SI;NO;
21;MAGDALENA;001;SANTA MARTA;01;01;I.E.D.LICEODELSURVICTORDELIMA;003;01;PRESIDENTE;NO;;;264;BUEN ESTADO;264;0;5;264;NO;;NO;;;;NO;NO;NO;NO;NO;NO;SI;NO;
21;MAGDALENA;001;SANTA MARTA;01;01;I.E.D.LICEODELSURVICTORDELIMA;004;01;PRESIDENTE;NO;;;190;BUEN ESTADO;190;0;6;190;NO;;NO;;;;NO;NO;NO;NO;NO;NO;SI;NO;
21;MAGDALENA;001;SANTA MARTA;01;01;I.E.D.LICEODELSURVICTORDELIMA;005;01;PRESIDENTE;NO;;;204;BUEN ESTADO;204;0;6;204;NO;;NO;;;;NO;NO;NO;NO;NO;NO;SI;NO;
21;MAGDALENA;001;SANTA MARTA;01;01;I.E.D.LICEODELSURVICTORDELIMA;006;01;PRESIDENTE;NO;;;237;BUEN ESTADO;236;0;6;237;NO;;NO;;;;NO;NO;NO;NO;NO;NO;SI;NO;
21;MAGDALENA;001;SANTA MARTA;01;01;I.E.D.LICEODELSURVICTORDELIMA;007;01;PRESIDENTE;NO;;;250;BUEN ESTADO;250;0;6;250;NO;;NO;;;;NO;NO;NO;NO;NO;NO;SI;NO;
21;MAGDALENA;001;SANTA MARTA;01;01;I.E.D.LICEODELSURVICTORDELIMA;008;01;PRESIDENTE;NO;;;224;BUEN ESTADO;224;0;6;224;NO;;NO;;;;NO;NO;NO;NO;NO;NO;SI;NO;
21;MAGDALENA;001;SANTA MARTA;01;01;I.E.D.LICEODELSURVICTORDELIMA;009;01;PRESIDENTE;NO;;;231;BUEN ESTADO;231;0;6;231;NO;;NO;;;;NO;NO;NO;NO;NO;NO;SI;NO;
21;MAGDALENA;001;SANTA MARTA;01;01;I.E.D.LICEODELSURVICTORDELIMA;010;01;PRESIDENTE;NO;;;242;BUEN ESTADO;242;0;6;242;NO;;NO;;;;NO;NO;NO;NO;NO;NO;SI;NO;
21;MAGDALENA;001;SANTA MARTA;01;01;I.E.D.LICEODELSURVICTORDELIMA;011;01;PRESIDENTE;NO;;;153;BUEN ESTADO;153;0;6;153;NO;;NO;;;;NO;NO;NO;NO;NO;NO;NO;NO;
21;MAGDALENA;001;SANTA MARTA;01;01;I.E.D.LICEODELSURVICTORDELIMA;012;01;PRESIDENTE;NO;;;118;BUEN ESTADO;118;0;6;118;NO;;NO;;;;NO;NO;NO;NO;NO;NO;NO;NO;
21;MAGDALENA;001;SANTA MARTA;01;01;I.E.D.LICEODELSURVICTORDELIMA;013;01;PRESIDENTE;NO;;;140;BUEN ESTADO;140;0;6;140;NO;;NO;;;;NO;NO;NO;NO;NO;NO;NO;NO;
21;MAGDALENA;001;SANTA MARTA;01;01;I.E.D.LICEODELSURVICTORDELIMA;014;01;PRESIDENTE;NO;;;158;BUEN ESTADO;158;0;6;158;NO;;NO;;;;NO;NO;NO;NO;NO;NO;NO;NO;
21;MAGDALENA;001;SANTA MARTA;01;01;I.E.D.LICEODELSURVICTORDELIMA;015;01;PRESIDENTE;NO;;;172;BUEN ESTADO;172;0;6;172;NO;;NO;;;;NO;NO;NO;NO;NO;NO;NO;NO;
21;MAGDALENA;001;SANTA MARTA;01;01;I.E.D.LICEODELSURVICTORDELIMA;016;01;PRESIDENTE;NO;;;124;BUEN ESTADO;124;0;6;124;NO;;NO;;;;NO;NO;NO;NO;NO;NO;SI;NO;
21;MAGDALENA;001;SANTA MARTA;01;01;I.E.D.LICEODELSURVICTORDELIMA;017;01;PRESIDENTE;NO;;;100;BUEN ESTADO;100;0;6;100;NO;;NO;;;;NO;NO;NO;NO;NO;NO;NO;NO;
21;MAGDALENA;001;SANTA MARTA;01;01;I.E.D.LICEODELSURVICTORDELIMA;018;01;PRESIDENTE;NO;;;32;BUEN ESTADO;32;0;6;32;NO;;NO;;;;NO;NO;NO;NO;NO;NO;NO;NO;
21;MAGDALENA;001;SANTA MARTA;01;02;IEDLICDELSURVICTORDELIMASD2M.M;001;01;PRESIDENTE;NO;;;281;BUEN ESTADO;281;0;6;281;NO;;NO;;;;NO;NO;NO;NO;NO;NO;NO;NO;
21;MAGDALENA;001;SANTA MARTA;01;02;IEDLICDELSURVICTORDELIMASD2M.M;002;01;PRESIDENTE;NO;;;278;BUEN ESTADO;278;0;6;278;NO;;NO;;;;NO;NO;NO;NO;NO;NO;NO;NO;
21;MAGDALENA;001;SANTA MARTA;01;02;IEDLICDELSURVICTORDELIMASD2M.M;003;01;PRESIDENTE;NO;;;265;BUEN ESTADO;265;0;6;265;NO;;NO;;;;NO;NO;NO;NO;NO;NO;SI;NO;
21;MAGDALENA;001;SANTA MARTA;01;02;IEDLICDELSURVICTORDELIMASD2M.M;004;01;PRESIDENTE;NO;;;209;BUEN ESTADO;209;0;6;209;NO;;NO;;;;NO;NO;NO;NO;NO;NO;NO;NO;
21;MAGDALENA;001;SANTA MARTA;01;02;IEDLICDELSURVICTORDELIMASD2M.M;005;01;PRESIDENTE;NO;;;199;BUEN ESTADO;199;0;6;199;NO;;NO;;;;NO;NO;NO;NO;NO;NO;NO;NO;
21;MAGDALENA;001;SANTA MARTA;01;02;IEDLICDELSURVICTORDELIMASD2M.M;006;01;PRESIDENTE;NO;;;224;BUEN ESTADO;224;0;6;224;NO;;NO;;;;NO;NO;NO;NO;NO;NO;NO;NO;
21;MAGDALENA;001;SANTA MARTA;01;02;IEDLICDELSURVICTORDELIMASD2M.M;007;01;PRESIDENTE;NO;;;162;BUEN ESTADO;162;0;6;162;NO;;NO;;;;NO;NO;NO;NO;NO;NO;NO;NO;
21;MAGDALENA;001;SANTA MARTA;01;02;IEDLICDELSURVICTORDELIMASD2M.M;008;01;PRESIDENTE;NO;;;162;BUEN ESTADO;162;0;6;162;NO;;NO;;;;NO;NO;NO;NO;NO;NO;NO;NO;
21;MAGDALENA;001;SANTA MARTA;01;02;IEDLICDELSURVICTORDELIMASD2M.M;009;01;PRESIDENTE;NO;;;129;BUEN ESTADO;129;0;6;129;NO;;NO;;;;NO;NO;NO;NO;NO;NO;NO;NO;
21;MAGDALENA;001;SANTA MARTA;01;02;IEDLICDELSURVICTORDELIMASD2M.M;010;01;PRESIDENTE;NO;;;173;BUEN ESTADO;173;0;6;173;NO;;NO;;;;NO;NO;NO;NO;NO;NO;NO;NO;
21;MAGDALENA;001;SANTA MARTA;01;02;IEDLICDELSURVICTORDELIMASD2M.M;011;01;PRESIDENTE;NO;;;199;BUEN ESTADO;199;0;6;199;NO;;NO;;;;NO;NO;NO;NO;NO;NO;NO;NO;
21;MAGDALENA;001;SANTA MARTA;01;02;IEDLICDELSURVICTORDELIMASD2M.M;012;01;PRESIDENTE;NO;;;190;BUEN ESTADO;190;0;0;190;NO;;NO;;;;SI;NO;NO;NO;NO;NO;NO;NO;
21;MAGDALENA;001;SANTA MARTA;01;02;IEDLICDELSURVICTORDELIMASD2M.M;013;01;PRESIDENTE;NO;;;166;BUEN ESTADO;166;0;6;166;NO;;NO;;;;NO;NO;NO;NO;NO;NO;NO;NO;
21;MAGDALENA;001;SANTA MARTA;01;02;IEDLICDELSURVICTORDELIMASD2M.M;014;01;PRESIDENTE;NO;;;160;BUEN ESTADO;161;1;6;160;NO;;NO;;;;NO;NO;NO;NO;NO;NO;NO;NO;
21;MAGDALENA;001;SANTA MARTA;01;02;IEDLICDELSURVICTORDELIMASD2M.M;015;01;PRESIDENTE;NO;;;165;BUEN ESTADO;165;0;6;165;NO;;NO;;;;NO;NO;NO;NO;NO;NO;NO;NO;
21;MAGDALENA;001;SANTA MARTA;01;02;IEDLICDELSURVICTORDELIMASD2M.M;016;01;PRESIDENTE;NO;;;150;BUEN ESTADO;150;0;6;150;NO;;NO;;;;NO;NO;NO;NO;NO;NO;NO;NO;
21;MAGDALENA;001;SANTA MARTA;01;02;IEDLICDELSURVICTORDELIMASD2M.M;017;01;PRESIDENTE;NO;;;63;BUEN ESTADO;63;0;6;63;NO;;NO;;;;NO;NO;NO;NO;NO;NO;NO;NO;
21;MAGDALENA;001;SANTA MARTA;01;03;I.E.DJACQUELINEKENNEDY;001;01;PRESIDENTE;NO;;;184;BUEN ESTADO;184;0;6;184;NO;;NO;;;;NO;NO;NO;NO;NO;NO;SI;NO;
21;MAGDALENA;001;SANTA MARTA;01;03;I.E.DJACQUELINEKENNEDY;002;01;PRESIDENTE;NO;;;220;BUEN ESTADO;220;0;6;220;NO;;NO;;;;NO;NO;NO;NO;NO;NO;SI;NO;
21;MAGDALENA;001;SANTA MARTA;01;03;I.E.DJACQUELINEKENNEDY;003;01;PRESIDENTE;NO;;;209;BUEN ESTADO;209;0;6;209;NO;;NO;;;;NO;NO;NO;NO;NO;NO;SI;NO;
21;MAGDALENA;001;SANTA MARTA;01;03;I.E.DJACQUELINEKENNEDY;004;01;PRESIDENTE;NO;;;248;BUEN ESTADO;248;0;6;248;NO;;NO;;;;NO;NO;NO;NO;NO;NO;NO;NO;
21;MAGDALENA;001;SANTA MARTA;01;03;I.E.DJACQUELINEKENNEDY;005;01;PRESIDENTE;NO;;;239;BUEN ESTADO;239;0;6;239;NO;;NO;;;;NO;NO;NO;NO;NO;NO;SI;NO;
21;MAGDALENA;001;SANTA MARTA;01;03;I.E.DJACQUELINEKENNEDY;006;01;PRESIDENTE;NO;;;194;BUEN ESTADO;194;0;6;194;NO;;NO;;;;NO;NO;NO;NO;NO;NO;NO;NO;
21;MAGDALENA;001;SANTA MARTA;01;03;I.E.DJACQUELINEKENNEDY;007;01;PRESIDENTE;NO;;;152;BUEN ESTADO;152;0;6;152;NO;;NO;;;;NO;NO;NO;NO;NO;NO;NO;NO;
21;MAGDALENA;001;SANTA MARTA;01;03;I.E.DJACQUELINEKENNEDY;008;01;PRESIDENTE;NO;;;190;BUEN ESTADO;189;0;6;190;NO;;NO;;;;NO;NO;NO;NO;NO;NO;SI;NO;
21;MAGDALENA;001;SANTA MARTA;01;03;I.E.DJACQUELINEKENNEDY;009;01;PRESIDENTE;NO;;;225;BUEN ESTADO;225;0;6;225;NO;;NO;;;;NO;NO;NO;NO;NO;NO;SI;NO;
21;MAGDALENA;001;SANTA MARTA;01;03;I.E.DJACQUELINEKENNEDY;010;01;PRESIDENTE;NO;;;229;BUEN ESTADO;229;0;6;229;NO;;NO;;;;NO;NO;NO;NO;NO;NO;SI;NO;
21;MAGDALENA;001;SANTA MARTA;01;03;I.E.DJACQUELINEKENNEDY;011;01;PRESIDENTE;NO;;;224;BUEN ESTADO;224;0;6;224;NO;;NO;;;;NO;NO;NO;NO;NO;NO;SI;NO;
21;MAGDALENA;001;SANTA MARTA;01;03;I.E.DJACQUELINEKENNEDY;012;01;PRESIDENTE;NO;;;212;BUEN ESTADO;212;0;6;212;NO;;NO;;;;NO;NO;NO;NO;NO;NO;SI;NO;
21;MAGDALENA;001;SANTA MARTA;01;03;I.E.DJACQUELINEKENNEDY;013;01;PRESIDENTE;NO;;;221;BUEN ESTADO;221;0;6;221;NO;;NO;;;;NO;NO;NO;NO;NO;NO;NO;NO;
21;MAGDALENA;001;SANTA MARTA;01;03;I.E.DJACQUELINEKENNEDY;014;01;PRESIDENTE;NO;;;191;BUEN ESTADO;191;0;6;191;NO;;NO;;;;SI;NO;NO;NO;NO;NO;SI;NO;
21;MAGDALENA;001;SANTA MARTA;01;03;I.E.DJACQUELINEKENNEDY;015;01;PRESIDENTE;NO;;;209;BUEN ESTADO;209;0;6;209;NO;;NO;;;;NO;NO;NO;NO;NO;NO;SI;NO;
21;MAGDALENA;001;SANTA MARTA;01;03;I.E.DJACQUELINEKENNEDY;016;01;PRESIDENTE;NO;;;239;BUEN ESTADO;239;0;6;239;NO;;NO;;;;NO;NO;NO;NO;NO;NO;SI;NO;
21;MAGDALENA;001;SANTA MARTA;01;03;I.E.DJACQUELINEKENNEDY;017;01;PRESIDENTE;NO;;;218;BUEN ESTADO;218;0;6;218;NO;;NO;;;;NO;NO;NO;NO;NO;NO;SI;NO;
21;MAGDALENA;001;SANTA MARTA;01;03;I.E.DJACQUELINEKENNEDY;018;01;PRESIDENTE;NO;;;157;BUEN ESTADO;157;0;6;157;NO;;NO;;;;NO;NO;NO;NO;NO;NO;NO;NO;
21;MAGDALENA;001;SANTA MARTA;01;03;I.E.DJACQUELINEKENNEDY;019;01;PRESIDENTE;NO;;;131;BUEN ESTADO;131;0;6;131;NO;;NO;;;;NO;NO;NO;NO;NO;NO;NO;NO;
21;MAGDALENA;001;SANTA MARTA;01;03;I.E.DJACQUELINEKENNEDY;020;01;PRESIDENTE;NO;;;131;BUEN ESTADO;131;0;6;131;NO;;NO;;;;NO;NO;NO;NO;NO;NO;NO;NO;
21;MAGDALENA;001;SANTA MARTA;01;03;I.E.DJACQUELINEKENNEDY;021;01;PRESIDENTE;NO;;;132;BUEN ESTADO;131;0;6;132;NO;;NO;;;;NO;NO;NO;NO;NO;NO;NO;NO;
21;MAGDALENA;001;SANTA MARTA;01;03;I.E.DJACQUELINEKENNEDY;022;01;PRESIDENTE;NO;;;168;BUEN ESTADO;168;0;6;168;NO;;NO;;;;NO;NO;NO;NO;NO;NO;NO;NO;
21;MAGDALENA;001;SANTA MARTA;01;03;I.E.DJACQUELINEKENNEDY;023;01;PRESIDENTE;NO;;;174;BUEN ESTADO;174;0;6;174;NO;;NO;;;;NO;NO;NO;NO;NO;NO;SI;NO;
21;MAGDALENA;001;SANTA MARTA;01;03;I.E.DJACQUELINEKENNEDY;024;01;PRESIDENTE;NO;;;154;BUEN ESTADO;154;0;6;154;NO;;NO;;;;NO;NO;NO;NO;NO;NO;NO;NO;
21;MAGDALENA;001;SANTA MARTA;01;03;I.E.DJACQUELINEKENNEDY;025;01;PRESIDENTE;NO;;;141;BUEN ESTADO;141;0;6;141;NO;;NO;;;;NO;NO;NO;NO;NO;NO;SI;NO;
21;MAGDALENA;001;SANTA MARTA;01;03;I.E.DJACQUELINEKENNEDY;026;01;PRESIDENTE;NO;;;77;BUEN ESTADO;77;0;6;77;NO;;NO;;;;NO;NO;NO;NO;NO;NO;NO;NO;
21;MAGDALENA;001;SANTA MARTA;01;04;IEDJACQUELINEKENNEDYSD2PRELACAND.;001;01;PRESIDENTE;NO;;;233;BUEN ESTADO;233;0;6;233;NO;;NO;;;;NO;NO;NO;NO;NO;NO;SI;NO;
21;MAGDALENA;001;SANTA MARTA;01;04;IEDJACQUELINEKENNEDYSD2PRELACAND.;002;01;PRESIDENTE;NO;;;194;BUEN ESTADO;194;0;6;194;NO;;NO;;;;NO;NO;NO;NO;NO;NO;SI;NO;
21;MAGDALENA;001;SANTA MARTA;01;04;IEDJACQUELINEKENNEDYSD2PRELACAND.;003;01;PRESIDENTE;NO;;;230;BUEN ESTADO;230;0;6;230;NO;;NO;;;;NO;NO;NO;NO;NO;NO;NO;NO;
21;MAGDALENA;001;SANTA MARTA;01;04;IEDJACQUELINEKENNEDYSD2PRELACAND.;004;01;PRESIDENTE;NO;;;245;BUEN ESTADO;245;0;6;245;NO;;NO;;;;NO;NO;NO;NO;NO;NO;SI;NO;
21;MAGDALENA;001;SANTA MARTA;01;04;IEDJACQUELINEKENNEDYSD2PRELACAND.;005;01;PRESIDENTE;NO;;;235;BUEN ESTADO;235;0;6;235;NO;;NO;;;;NO;NO;NO;NO;NO;NO;NO;NO;
21;MAGDALENA;001;SANTA MARTA;01;04;IEDJACQUELINEKENNEDYSD2PRELACAND.;006;01;PRESIDENTE;NO;;;138;BUEN ESTADO;138;0;6;138;NO;;NO;;;;NO;NO;NO;NO;NO;NO;SI;NO;
21;MAGDALENA;001;SANTA MARTA;01;04;IEDJACQUELINEKENNEDYSD2PRELACAND.;007;01;PRESIDENTE;NO;;;158;BUEN ESTADO;158;0;6;158;NO;;NO;;;;NO;NO;NO;NO;NO;NO;SI;NO;
21;MAGDALENA;001;SANTA MARTA;01;04;IEDJACQUELINEKENNEDYSD2PRELACAND.;008;01;PRESIDENTE;NO;;;110;BUEN ESTADO;110;0;6;110;NO;;NO;;;;NO;NO;NO;NO;NO;NO;SI;NO;
21;MAGDALENA;001;SANTA MARTA;01;05;IEDJACQUELINEKENNEDYSD4PRIMDEMAYO;001;01;PRESIDENTE;NO;;;244;BUEN ESTADO;244;0;6;244;NO;;NO;;;;NO;NO;NO;NO;NO;NO;SI;NO;
21;MAGDALENA;001;SANTA MARTA;01;05;IEDJACQUELINEKENNEDYSD4PRIMDEMAYO;002;01;PRESIDENTE;NO;;;194;BUEN ESTADO;194;0;6;194;NO;;NO;;;;NO;NO;NO;NO;NO;NO;NO;NO;
21;MAGDALENA;001;SANTA MARTA;01;05;IEDJACQUELINEKENNEDYSD4PRIMDEMAYO;003;01;PRESIDENTE;NO;;;132;BUEN ESTADO;132;0;6;132;NO;;NO;;;;NO;NO;NO;NO;NO;NO;SI;NO;
21;MAGDALENA;001;SANTA MARTA;01;05;IEDJACQUELINEKENNEDYSD4PRIMDEMAYO;004;01;PRESIDENTE;NO;;;147;BUEN ESTADO;147;0;6;147;NO;;NO;;;;NO;NO;NO;NO;NO;NO;NO;NO;
21;MAGDALENA;001;SANTA MARTA;01;05;IEDJACQUELINEKENNEDYSD4PRIMDEMAYO;005;01;PRESIDENTE;NO;;;148;BUEN ESTADO;148;0;6;148;NO;;NO;;;;NO;NO;NO;NO;NO;NO;NO;NO;
21;MAGDALENA;001;SANTA MARTA;01;05;IEDJACQUELINEKENNEDYSD4PRIMDEMAYO;006;01;PRESIDENTE;NO;;;161;BUEN ESTADO;161;0;6;161;NO;;NO;;;;NO;NO;NO;NO;NO;NO;SI;NO;
21;MAGDALENA;001;SANTA MARTA;01;05;IEDJACQUELINEKENNEDYSD4PRIMDEMAYO;007;01;PRESIDENTE;NO;;;174;BUEN ESTADO;174;0;6;174;NO;;NO;;;;NO;NO;NO;NO;NO;NO;SI;NO;
21;MAGDALENA;001;SANTA MARTA;01;05;IEDJACQUELINEKENNEDYSD4PRIMDEMAYO;008;01;PRESIDENTE;NO;;;171;BUEN ESTADO;171;0;6;171;NO;;NO;;;;NO;NO;NO;NO;NO;NO;NO;NO;
21;MAGDALENA;001;SANTA MARTA;01;05;IEDJACQUELINEKENNEDYSD4PRIMDEMAYO;009;01;PRESIDENTE;NO;;;166;BUEN ESTADO;166;0;6;166;NO;;NO;;;;NO;NO;NO;NO;NO;NO;SI;NO;
21;MAGDALENA;001;SANTA MARTA;01;05;IEDJACQUELINEKENNEDYSD4PRIMDEMAYO;010;01;PRESIDENTE;NO;;;146;BUEN ESTADO;146;0;6;146;NO;;NO;;;;NO;NO;NO;NO;NO;NO;NO;NO;
21;MAGDALENA;001;SANTA MARTA;01;05;IEDJACQUELINEKENNEDYSD4PRIMDEMAYO;011;01;PRESIDENTE;NO;;;173;BUEN ESTADO;173;0;6;173;NO;;NO;;;;NO;NO;NO;NO;NO;NO;NO;NO;
21;MAGDALENA;001;SANTA MARTA;01;05;IEDJACQUELINEKENNEDYSD4PRIMDEMAYO;012;01;PRESIDENTE;NO;;;143;BUEN ESTADO;143;0;6;143;NO;;NO;;;;NO;NO;NO;NO;NO;NO;SI;NO;
21;MAGDALENA;001;SANTA MARTA;01;05;IEDJACQUELINEKENNEDYSD4PRIMDEMAYO;013;01;PRESIDENTE;NO;;;122;BUEN ESTADO;122;0;6;122;NO;;NO;;;;NO;NO;NO;NO;NO;NO;NO;NO;
21;MAGDALENA;001;SANTA MARTA;01;05;IEDJACQUELINEKENNEDYSD4PRIMDEMAYO;014;01;PRESIDENTE;NO;;;53;BUEN ESTADO;53;0;6;53;NO;;NO;;;;NO;NO;NO;NO;NO;NO;NO;NO;
21;MAGDALENA;001;SANTA MARTA;01;06;IEDJACQUELINEKENNEDYSD5MARIAEUG.;001;01;PRESIDENTE;NO;;;268;BUEN ESTADO;268;0;6;268;NO;;NO;;;;NO;NO;NO;NO;NO;NO;SI;NO;
21;MAGDALENA;001;SANTA MARTA;01;06;IEDJACQUELINEKENNEDYSD5MARIAEUG.;002;01;PRESIDENTE;NO;;;262;BUEN ESTADO;262;0;6;262;NO;;NO;;;;NO;NO;NO;NO;NO;NO;SI;NO;
21;MAGDALENA;001;SANTA MARTA;01;06;IEDJACQUELINEKENNEDYSD5MARIAEUG.;003;01;PRESIDENTE;NO;;;180;BUEN ESTADO;180;0;6;180;NO;;NO;;;;NO;NO;NO;NO;NO;NO;NO;NO;
21;MAGDALENA;001;SANTA MARTA;01;06;IEDJACQUELINEKENNEDYSD5MARIAEUG.;004;01;PRESIDENTE;NO;;;167;BUEN ESTADO;167;0;6;167;NO;;NO;;;;NO;NO;NO;NO;NO;NO;SI;NO;
21;MAGDALENA;001;SANTA MARTA;01;06;IEDJACQUELINEKENNEDYSD5MARIAEUG.;005;01;PRESIDENTE;NO;;;164;BUEN ESTADO;164;0;6;164;NO;;NO;;;;NO;NO;NO;NO;NO;NO;SI;NO;
21;MAGDALENA;001;SANTA MARTA;01;06;IEDJACQUELINEKENNEDYSD5MARIAEUG.;006;01;PRESIDENTE;NO;;;159;BUEN ESTADO;159;0;6;159;NO;;NO;;;;NO;NO;NO;NO;NO;NO;NO;NO;
21;MAGDALENA;001;SANTA MARTA;01;06;IEDJACQUELINEKENNEDYSD5MARIAEUG.;007;01;PRESIDENTE;NO;;;161;BUEN ESTADO;161;0;6;161;NO;;NO;;;;NO;NO;NO;NO;NO;NO;SI;NO;
21;MAGDALENA;001;SANTA MARTA;01;06;IEDJACQUELINEKENNEDYSD5MARIAEUG.;008;01;PRESIDENTE;NO;;;139;BUEN ESTADO;139;0;6;139;NO;;NO;;;;NO;NO;NO;NO;NO;NO;NO;NO;
21;MAGDALENA;001;SANTA MARTA;01;07;IEDLICDELSURVICTORDELIMASD03CTR;001;01;PRESIDENTE;NO;;;183;BUEN ESTADO;183;0;6;183;NO;;NO;;;;NO;NO;NO;NO;NO;NO;SI;NO;
21;MAGDALENA;001;SANTA MARTA;01;08;IEDNUEVOAMANECERCONDIOSSD01;001;01;PRESIDENTE;NO;;;242;BUEN ESTADO;242;0;6;242;NO;;NO;;;;NO;NO;NO;NO;NO;NO;SI;NO;
21;MAGDALENA;001;SANTA MARTA;01;08;IEDNUEVOAMANECERCONDIOSSD01;002;01;PRESIDENTE;NO;;;65;BUEN ESTADO;65;0;6;65;NO;;NO;;;;NO;NO;NO;NO;NO;NO;SI;NO;
21;MAGDALENA;001;SANTA MARTA;01;09;IEDTÉCNICAINEMSIMONBOLIVARSD02;001;01;PRESIDENTE;NO;;;310;BUEN ESTADO;306;0;6;310;NO;;NO;;;;NO;NO;NO;NO;NO;NO;SI;NO;
21;MAGDALENA;001;SANTA MARTA;01;09;IEDTÉCNICAINEMSIMONBOLIVARSD02;002;01;PRESIDENTE;NO;;;265;BUEN ESTADO;264;0;6;265;NO;;NO;;;;NO;NO;NO;NO;NO;NO;NO;NO;
21;MAGDALENA;001;SANTA MARTA;01;09;IEDTÉCNICAINEMSIMONBOLIVARSD02;003;01;PRESIDENTE;NO;;;149;BUEN ESTADO;149;0;6;149;NO;;NO;;;;NO;NO;NO;NO;NO;NO;SI;NO;
21;MAGDALENA;001;SANTA MARTA;01;10;IEDSD03ESCMIXTAONCEDENOVIEMBREN:1;001;01;PRESIDENTE;NO;;;281;BUEN ESTADO;281;0;6;281;NO;;NO;;;;NO;NO;NO;NO;NO;NO;SI;NO;
21;MAGDALENA;001;SANTA MARTA;01;10;IEDSD03ESCMIXTAONCEDENOVIEMBREN:1;002;01;PRESIDENTE;NO;;;158;BUEN ESTADO;158;0;6;158;NO;;NO;;;;NO;NO;NO;NO;NO;NO;NO;NO;
21;MAGDALENA;001;SANTA MARTA;01;10;IEDSD03ESCMIXTAONCEDENOVIEMBREN:1;003;01;PRESIDENTE;NO;;;103;BUEN ESTADO;103;0;5;103;NO;;NO;;;;NO;NO;NO;NO;NO;NO;SI;NO;
21;MAGDALENA;001;SANTA MARTA;02;01;I.E.D.ELPANDO;001;01;PRESIDENTE;NO;;;217;BUEN ESTADO;217;0;6;217;NO;;NO;;;;NO;NO;NO;NO;NO;NO;NO;NO;
21;MAGDALENA;001;SANTA MARTA;02;01;I.E.D.ELPANDO;002;01;PRESIDENTE;NO;;;226;BUEN ESTADO;226;0;6;226;NO;;NO;;;;NO;NO;NO;NO;NO;NO;SI;NO;
21;MAGDALENA;001;SANTA MARTA;02;01;I.E.D.ELPANDO;003;01;PRESIDENTE;NO;;;215;BUEN ESTADO;209;0;6;209;NO;;NO;;;;NO;NO;NO;NO;NO;NO;NO;NO;
21;MAGDALENA;001;SANTA MARTA;02;01;I.E.D.ELPANDO;004;01;PRESIDENTE;NO;;;255;BUEN ESTADO;255;0;6;255;NO;;NO;;;;NO;NO;NO;NO;NO;NO;NO;NO;
21;MAGDALENA;001;SANTA MARTA;02;01;I.E.D.ELPANDO;005;01;PRESIDENTE;NO;;;232;BUEN ESTADO;231;1;6;232;NO;;NO;;;;NO;NO;NO;NO;NO;NO;NO;NO;
21;MAGDALENA;001;SANTA MARTA;02;01;I.E.D.ELPANDO;006;01;PRESIDENTE;NO;;;237;BUEN ESTADO;237;0;6;237;NO;;NO;;;;NO;NO;NO;NO;NO;NO;NO;NO;
21;MAGDALENA;001;SANTA MARTA;02;01;I.E.D.ELPANDO;007;01;PRESIDENTE;NO;;;193;BUEN ESTADO;193;0;6;193;NO;;NO;;;;NO;NO;NO;NO;NO;NO;NO;NO;
21;MAGDALENA;001;SANTA MARTA;02;01;I.E.D.ELPANDO;008;01;PRESIDENTE;NO;;;208;BUEN ESTADO;208;0;6;208;NO;;NO;;;;NO;NO;NO;NO;NO;NO;NO;NO;
21;MAGDALENA;001;SANTA MARTA;02;01;I.E.D.ELPANDO;009;01;PRESIDENTE;NO;;;194;BUEN ESTADO;194;0;6;194;NO;;NO;;;;NO;NO;NO;NO;NO;NO;NO;NO;
21;MAGDALENA;001;SANTA MARTA;02;01;I.E.D.ELPANDO;010;01;PRESIDENTE;NO;;;259;BUEN ESTADO;258;0;6;259;NO;;NO;;;;NO;NO;NO;NO;NO;NO;NO;NO;
21;MAGDALENA;001;SANTA MARTA;02;01;I.E.D.ELPANDO;011;01;PRESIDENTE;NO;;;247;BUEN ESTADO;247;0;6;247;NO;;NO;;;;NO;NO;NO;NO;NO;NO;NO;NO;
21;MAGDALENA;001;SANTA MARTA;02;01;I.E.D.ELPANDO;012;01;PRESIDENTE;NO;;;227;BUEN ESTADO;227;0;6;227;NO;;NO;;;;NO;NO;NO;NO;NO;NO;NO;NO;
21;MAGDALENA;001;SANTA MARTA;02;01;I.E.D.ELPANDO;013;01;PRESIDENTE;NO;;;222;BUEN ESTADO;222;0;6;222;NO;;NO;;;;NO;NO;NO;NO;NO;NO;NO;NO;
21;MAGDALENA;001;SANTA MARTA;02;01;I.E.D.ELPANDO;014;01;PRESIDENTE;NO;;;222;BUEN ESTADO;222;0;6;222;NO;;NO;;;;NO;NO;NO;NO;NO;NO;NO;NO;
21;MAGDALENA;001;SANTA MARTA;02;01;I.E.D.ELPANDO;015;01;PRESIDENTE;NO;;;222;BUEN ESTADO;222;0;6;222;NO;;NO;;;;NO;NO;NO;NO;NO;NO;NO;NO;
21;MAGDALENA;001;SANTA MARTA;02;01;I.E.D.ELPANDO;016;01;PRESIDENTE;NO;;;238;BUEN ESTADO;238;0;6;238;NO;;NO;;;;NO;NO;NO;NO;NO;NO;NO;NO;
21;MAGDALENA;001;SANTA MARTA;02;01;I.E.D.ELPANDO;017;01;PRESIDENTE;NO;;;219;BUEN ESTADO;219;0;6;219;NO;;NO;;;;NO;NO;NO;NO;NO;NO;NO;NO;
21;MAGDALENA;001;SANTA MARTA;02;01;I.E.D.ELPANDO;018;01;PRESIDENTE;NO;;;236;BUEN ESTADO;236;0;6;236;NO;;NO;;;;NO;NO;NO;NO;NO;NO;NO;NO;
21;MAGDALENA;001;SANTA MARTA;02;01;I.E.D.ELPANDO;019;01;PRESIDENTE;NO;;;223;BUEN ESTADO;223;0;6;223;NO;;NO;;;;NO;NO;NO;NO;NO;NO;NO;NO;
21;MAGDALENA;001;SANTA MARTA;02;01;I.E.D.ELPANDO;020;01;PRESIDENTE;NO;;;360;BUEN ESTADO;221;0;6;360;NO;;NO;;;;NO;NO;NO;NO;NO;NO;NO;NO;
21;MAGDALENA;001;SANTA MARTA;02;01;I.E.D.ELPANDO;021;01;PRESIDENTE;NO;;;217;BUEN ESTADO;217;0;6;217;NO;;NO;;;;NO;NO;NO;NO;NO;NO;NO;NO;
21;MAGDALENA;001;SANTA MARTA;02;01;I.E.D.ELPANDO;022;01;PRESIDENTE;NO;;;156;BUEN ESTADO;156;0;6;156;NO;;NO;;;;NO;NO;NO;NO;NO;NO;NO;NO;
21;MAGDALENA;001;SANTA MARTA;02;01;I.E.D.ELPANDO;023;01;PRESIDENTE;NO;;;103;BUEN ESTADO;103;0;6;103;NO;;NO;;;;NO;NO;NO;NO;NO;NO;NO;NO;
21;MAGDALENA;001;SANTA MARTA;02;01;I.E.D.ELPANDO;024;01;PRESIDENTE;NO;;;128;BUEN ESTADO;128;0;6;128;NO;;NO;;;;NO;NO;NO;NO;NO;NO;NO;NO;
21;MAGDALENA;001;SANTA MARTA;02;01;I.E.D.ELPANDO;025;01;PRESIDENTE;NO;;;113;BUEN ESTADO;113;0;6;113;NO;;NO;;;;NO;NO;NO;NO;NO;NO;NO;NO;
21;MAGDALENA;001;SANTA MARTA;02;01;I.E.D.ELPANDO;026;01;PRESIDENTE;NO;;;143;BUEN ESTADO;143;0;6;143;NO;;NO;;;;NO;NO;NO;NO;NO;NO;NO;NO;
21;MAGDALENA;001;SANTA MARTA;02;01;I.E.D.ELPANDO;027;01;PRESIDENTE;NO;;;127;BUEN ESTADO;127;0;6;127;NO;;NO;;;;NO;NO;NO;NO;NO;NO;NO;NO;
21;MAGDALENA;001;SANTA MARTA;02;01;I.E.D.ELPANDO;028;01;PRESIDENTE;NO;;;150;BUEN ESTADO;150;0;6;150;NO;;NO;;;;NO;NO;NO;NO;NO;NO;NO;NO;
21;MAGDALENA;001;SANTA MARTA;02;01;I.E.D.ELPANDO;029;01;PRESIDENTE;NO;;;192;BUEN ESTADO;192;0;6;192;NO;;NO;;;;NO;NO;NO;NO;NO;NO;NO;NO;
21;MAGDALENA;001;SANTA MARTA;02;01;I.E.D.ELPANDO;030;01;PRESIDENTE;NO;;;176;BUEN ESTADO;176;0;6;176;NO;;NO;;;;NO;NO;NO;NO;NO;NO;NO;NO;
21;MAGDALENA;001;SANTA MARTA;02;01;I.E.D.ELPANDO;031;01;PRESIDENTE;NO;;;141;BUEN ESTADO;141;0;6;141;NO;;NO;;;;NO;NO;NO;NO;NO;NO;NO;NO;
21;MAGDALENA;001;SANTA MARTA;02;01;I.E.D.ELPANDO;032;01;PRESIDENTE;NO;;;183;BUEN ESTADO;63;0;6;63;NO;;NO;;;;NO;NO;NO;NO;NO;NO;NO;NO;
21;MAGDALENA;001;SANTA MARTA;02;02;IEDELPANDOSEDE2JOSECELEDONGARCIA;001;01;PRESIDENTE;NO;;;115;BUEN ESTADO;115;0;6;115;NO;;NO;;;;NO;NO;NO;NO;NO;NO;NO;NO;
21;MAGDALENA;001;SANTA MARTA;02;02;IEDELPANDOSEDE2JOSECELEDONGARCIA;002;01;PRESIDENTE;NO;;;168;BUEN ESTADO;168;0;6;168;NO;;NO;;;;NO;NO;NO;NO;NO;NO;SI;NO;
21;MAGDALENA;001;SANTA MARTA;02;02;IEDELPANDOSEDE2JOSECELEDONGARCIA;003;01;PRESIDENTE;NO;;;173;BUEN ESTADO;173;0;6;173;NO;;NO;;;;NO;NO;NO;NO;NO;NO;NO;NO;
21;MAGDALENA;001;SANTA MARTA;02;02;IEDELPANDOSEDE2JOSECELEDONGARCIA;004;01;PRESIDENTE;NO;;;167;BUEN ESTADO;167;0;6;167;NO;;NO;;;;NO;NO;NO;NO;NO;NO;NO;NO;
21;MAGDALENA;001;SANTA MARTA;02;02;IEDELPANDOSEDE2JOSECELEDONGARCIA;005;01;PRESIDENTE;NO;;;154;BUEN ESTADO;154;0;6;154;NO;;NO;;;;NO;NO;NO;NO;NO;NO;SI;NO;
21;MAGDALENA;001;SANTA MARTA;02;02;IEDELPANDOSEDE2JOSECELEDONGARCIA;006;01;PRESIDENTE;NO;;;158;BUEN ESTADO;158;0;6;158;NO;;NO;;;;NO;NO;NO;NO;NO;NO;NO;NO;
21;MAGDALENA;001;SANTA MARTA;02;02;IEDELPANDOSEDE2JOSECELEDONGARCIA;007;01;PRESIDENTE;NO;;;159;BUEN ESTADO;159;0;6;159;NO;;NO;;;;NO;NO;NO;NO;NO;NO;NO;NO;
21;MAGDALENA;001;SANTA MARTA;02;02;IEDELPANDOSEDE2JOSECELEDONGARCIA;008;01;PRESIDENTE;NO;;;108;BUEN ESTADO;107;0;6;107;NO;;NO;;;;NO;NO;NO;NO;NO;NO;NO;NO;
21;MAGDALENA;001;SANTA MARTA;02;02;IEDELPANDOSEDE2JOSECELEDONGARCIA;009;01;PRESIDENTE;NO;;;121;BUEN ESTADO;121;0;6;121;NO;;NO;;;;NO;NO;NO;NO;NO;NO;NO;NO;
21;MAGDALENA;001;SANTA MARTA;02;02;IEDELPANDOSEDE2JOSECELEDONGARCIA;010;01;PRESIDENTE;NO;;;125;BUEN ESTADO;125;0;6;125;NO;;NO;;;;NO;NO;NO;NO;NO;NO;NO;NO;
21;MAGDALENA;001;SANTA MARTA;02;02;IEDELPANDOSEDE2JOSECELEDONGARCIA;011;01;PRESIDENTE;NO;;;121;BUEN ESTADO;121;0;6;121;NO;;NO;;;;NO;NO;NO;NO;NO;NO;SI;NO;
21;MAGDALENA;001;SANTA MARTA;02;02;IEDELPANDOSEDE2JOSECELEDONGARCIA;012;01;PRESIDENTE;NO;;;115;BUEN ESTADO;115;0;6;115;NO;;NO;;;;NO;NO;NO;NO;NO;NO;SI;NO;
21;MAGDALENA;001;SANTA MARTA;02;02;IEDELPANDOSEDE2JOSECELEDONGARCIA;013;01;PRESIDENTE;NO;;;49;BUEN ESTADO;49;0;6;49;NO;;NO;;;;NO;NO;NO;NO;NO;NO;NO;NO;
21;MAGDALENA;001;SANTA MARTA;02;03;I.E.D.ELPARQUE;001;01;PRESIDENTE;NO;;;244;BUEN ESTADO;244;0;6;244;NO;;NO;;;;NO;NO;NO;NO;NO;NO;NO;NO;
21;MAGDALENA;001;SANTA MARTA;02;03;I.E.D.ELPARQUE;002;01;PRESIDENTE;NO;;;248;BUEN ESTADO;248;0;6;248;NO;;NO;;;;NO;NO;NO;NO;NO;NO;NO;NO;
21;MAGDALENA;001;SANTA MARTA;02;03;I.E.D.ELPARQUE;003;01;PRESIDENTE;NO;;;271;BUEN ESTADO;271;0;6;271;NO;;NO;;;;NO;NO;NO;NO;NO;NO;NO;NO;
21;MAGDALENA;001;SANTA MARTA;02;03;I.E.D.ELPARQUE;004;01;PRESIDENTE;NO;;;279;BUEN ESTADO;279;0;6;279;NO;;NO;;;;NO;NO;NO;NO;NO;NO;NO;NO;
21;MAGDALENA;001;SANTA MARTA;02;03;I.E.D.ELPARQUE;005;01;PRESIDENTE;NO;;;269;BUEN ESTADO;269;0;6;269;NO;;NO;;;;NO;NO;NO;NO;NO;NO;NO;NO;
21;MAGDALENA;001;SANTA MARTA;02;03;I.E.D.ELPARQUE;006;01;PRESIDENTE;NO;;;236;BUEN ESTADO;236;0;6;236;NO;;NO;;;;NO;NO;NO;NO;NO;NO;NO;NO;
21;MAGDALENA;001;SANTA MARTA;02;03;I.E.D.ELPARQUE;007;01;PRESIDENTE;NO;;;201;BUEN ESTADO;201;0;6;201;NO;;NO;;;;NO;NO;NO;NO;NO;NO;NO;NO;
21;MAGDALENA;001;SANTA MARTA;02;03;I.E.D.ELPARQUE;008;01;PRESIDENTE;NO;;;242;BUEN ESTADO;242;0;6;242;NO;;NO;;;;NO;NO;NO;NO;NO;NO;NO;NO;
21;MAGDALENA;001;SANTA MARTA;02;03;I.E.D.ELPARQUE;009;01;PRESIDENTE;NO;;;216;BUEN ESTADO;216;0;6;216;NO;;NO;;;;NO;NO;NO;NO;NO;NO;NO;NO;
21;MAGDALENA;001;SANTA MARTA;02;03;I.E.D.ELPARQUE;010;01;PRESIDENTE;NO;;;260;BUEN ESTADO;260;0;6;260;NO;;NO;;;;NO;NO;NO;NO;NO;NO;SI;NO;
21;MAGDALENA;001;SANTA MARTA;02;03;I.E.D.ELPARQUE;011;01;PRESIDENTE;NO;;;279;BUEN ESTADO;279;0;6;279;NO;;NO;;;;NO;NO;NO;NO;NO;NO;NO;NO;
21;MAGDALENA;001;SANTA MARTA;02;03;I.E.D.ELPARQUE;012;01;PRESIDENTE;NO;;;258;BUEN ESTADO;258;0;6;258;NO;;NO;;;;NO;NO;NO;NO;NO;NO;NO;NO;
21;MAGDALENA;001;SANTA MARTA;02;03;I.E.D.ELPARQUE;013;01;PRESIDENTE;NO;;;236;BUEN ESTADO;236;0;6;236;NO;;NO;;;;NO;NO;NO;NO;NO;NO;SI;NO;
21;MAGDALENA;001;SANTA MARTA;02;03;I.E.D.ELPARQUE;014;01;PRESIDENTE;NO;;;237;BUEN ESTADO;237;0;6;237;NO;;NO;;;;NO;NO;NO;NO;NO;NO;NO;NO;
21;MAGDALENA;001;SANTA MARTA;02;03;I.E.D.ELPARQUE;015;01;PRESIDENTE;NO;;;229;BUEN ESTADO;229;0;6;229;NO;;NO;;;;NO;NO;NO;NO;NO;NO;NO;NO;
21;MAGDALENA;001;SANTA MARTA;02;03;I.E.D.ELPARQUE;016;01;PRESIDENTE;NO;;;253;BUEN ESTADO;253;0;6;253;NO;;NO;;;;NO;NO;NO;NO;NO;NO;NO;NO;
21;MAGDALENA;001;SANTA MARTA;02;03;I.E.D.ELPARQUE;017;01;PRESIDENTE;NO;;;243;BUEN ESTADO;243;0;6;243;NO;;NO;;;;NO;NO;NO;NO;NO;NO;SI;NO;
21;MAGDALENA;001;SANTA MARTA;02;03;I.E.D.ELPARQUE;018;01;PRESIDENTE;NO;;;242;BUEN ESTADO;242;0;6;242;NO;;NO;;;;NO;NO;NO;NO;NO;NO;NO;NO;
21;MAGDALENA;001;SANTA MARTA;02;03;I.E.D.ELPARQUE;019;01;PRESIDENTE;NO;;;244;BUEN ESTADO;244;0;6;244;NO;;NO;;;;NO;NO;NO;NO;NO;NO;NO;NO;
21;MAGDALENA;001;SANTA MARTA;02;03;I.E.D.ELPARQUE;020;01;PRESIDENTE;NO;;;260;BUEN ESTADO;260;0;6;260;NO;;NO;;;;NO;NO;NO;NO;NO;NO;NO;NO;
21;MAGDALENA;001;SANTA MARTA;02;03;I.E.D.ELPARQUE;021;01;PRESIDENTE;NO;;;197;BUEN ESTADO;197;0;6;197;NO;;NO;;;;NO;NO;NO;NO;NO;NO;NO;NO;
21;MAGDALENA;001;SANTA MARTA;02;03;I.E.D.ELPARQUE;022;01;PRESIDENTE;NO;;;147;BUEN ESTADO;147;0;6;147;NO;;NO;;;;NO;NO;NO;NO;NO;NO;NO;NO;
21;MAGDALENA;001;SANTA MARTA;02;03;I.E.D.ELPARQUE;023;01;PRESIDENTE;NO;;;134;BUEN ESTADO;134;0;6;134;NO;;NO;;;;NO;NO;NO;NO;NO;NO;NO;NO;
21;MAGDALENA;001;SANTA MARTA;02;03;I.E.D.ELPARQUE;024;01;PRESIDENTE;NO;;;158;BUEN ESTADO;158;0;6;158;NO;;NO;;;;NO;NO;NO;NO;NO;NO;NO;NO;
21;MAGDALENA;001;SANTA MARTA;02;03;I.E.D.ELPARQUE;025;01;PRESIDENTE;NO;;;141;BUEN ESTADO;141;0;6;141;NO;;NO;;;;NO;NO;NO;NO;NO;NO;NO;NO;
21;MAGDALENA;001;SANTA MARTA;02;03;I.E.D.ELPARQUE;026;01;PRESIDENTE;NO;;;155;BUEN ESTADO;155;0;6;155;NO;;NO;;;;NO;NO;NO;NO;NO;NO;NO;NO;
21;MAGDALENA;001;SANTA MARTA;02;03;I.E.D.ELPARQUE;027;01;PRESIDENTE;NO;;;103;BUEN ESTADO;103;0;6;103;NO;;NO;;;;NO;NO;NO;NO;NO;NO;NO;NO;
21;MAGDALENA;001;SANTA MARTA;02;04;I.E.DLIBANO;001;01;PRESIDENTE;NO;;;291;BUEN ESTADO;291;0;6;291;NO;;NO;;;;NO;NO;NO;NO;NO;NO;NO;NO;
21;MAGDALENA;001;SANTA MARTA;02;04;I.E.DLIBANO;002;01;PRESIDENTE;NO;;;257;BUEN ESTADO;257;0;6;257;NO;;NO;;;;NO;NO;NO;NO;NO;NO;NO;NO;
21;MAGDALENA;001;SANTA MARTA;02;04;I.E.DLIBANO;003;01;PRESIDENTE;NO;;;276;BUEN ESTADO;276;0;6;276;NO;;NO;;;;NO;NO;NO;NO;NO;NO;NO;NO;
21;MAGDALENA;001;SANTA MARTA;02;04;I.E.DLIBANO;004;01;PRESIDENTE;NO;;;290;BUEN ESTADO;290;0;6;290;NO;;NO;;;;NO;NO;NO;NO;NO;NO;NO;NO;
21;MAGDALENA;001;SANTA MARTA;02;04;I.E.DLIBANO;005;01;PRESIDENTE;NO;;;245;BUEN ESTADO;245;0;6;245;NO;;NO;;;;NO;NO;NO;NO;NO;NO;NO;NO;
21;MAGDALENA;001;SANTA MARTA;02;04;I.E.DLIBANO;006;01;PRESIDENTE;NO;;;265;BUEN ESTADO;265;0;6;265;NO;;NO;;;;NO;NO;NO;NO;NO;NO;NO;NO;
21;MAGDALENA;001;SANTA MARTA;02;04;I.E.DLIBANO;007;01;PRESIDENTE;NO;;;213;BUEN ESTADO;213;0;6;213;NO;;NO;;;;NO;NO;NO;NO;NO;NO;NO;NO;
21;MAGDALENA;001;SANTA MARTA;02;04;I.E.DLIBANO;008;01;PRESIDENTE;NO;;;175;BUEN ESTADO;175;0;6;175;NO;;NO;;;;NO;NO;NO;NO;NO;NO;NO;NO;
21;MAGDALENA;001;SANTA MARTA;02;04;I.E.DLIBANO;009;01;PRESIDENTE;NO;;;178;BUEN ESTADO;178;0;6;178;NO;;NO;;;;NO;NO;NO;NO;NO;NO;NO;NO;
21;MAGDALENA;001;SANTA MARTA;02;04;I.E.DLIBANO;010;01;PRESIDENTE;NO;;;184;BUEN ESTADO;184;0;6;184;NO;;NO;;;;NO;NO;NO;NO;NO;NO;SI;NO;
21;MAGDALENA;001;SANTA MARTA;02;04;I.E.DLIBANO;011;01;PRESIDENTE;NO;;;180;BUEN ESTADO;180;0;6;180;NO;;NO;;;;NO;NO;NO;NO;NO;NO;NO;NO;
21;MAGDALENA;001;SANTA MARTA;02;04;I.E.DLIBANO;012;01;PRESIDENTE;NO;;;198;BUEN ESTADO;198;0;6;198;NO;;NO;;;;NO;NO;NO;NO;NO;NO;NO;NO;
21;MAGDALENA;001;SANTA MARTA;02;04;I.E.DLIBANO;013;01;PRESIDENTE;NO;;;203;BUEN ESTADO;203;0;6;203;NO;;NO;;;;NO;NO;NO;NO;NO;NO;NO;NO;
21;MAGDALENA;001;SANTA MARTA;02;04;I.E.DLIBANO;014;01;PRESIDENTE;NO;;;202;BUEN ESTADO;202;0;6;202;NO;;NO;;;;NO;NO;NO;NO;NO;NO;NO;NO;
21;MAGDALENA;001;SANTA MARTA;02;04;I.E.DLIBANO;015;01;PRESIDENTE;NO;;;190;BUEN ESTADO;190;0;6;190;NO;;NO;;;;NO;NO;NO;NO;NO;NO;NO;NO;
21;MAGDALENA;001;SANTA MARTA;02;04;I.E.DLIBANO;016;01;PRESIDENTE;NO;;;174;BUEN ESTADO;174;0;6;174;NO;;NO;;;;NO;NO;NO;NO;NO;NO;NO;NO;
21;MAGDALENA;001;SANTA MARTA;02;04;I.E.DLIBANO;017;01;PRESIDENTE;NO;;;193;BUEN ESTADO;193;0;6;193;NO;;NO;;;;NO;NO;NO;NO;NO;NO;NO;NO;
21;MAGDALENA;001;SANTA MARTA;02;04;I.E.DLIBANO;018;01;PRESIDENTE;NO;;;175;BUEN ESTADO;175;0;6;175;NO;;NO;;;;NO;NO;NO;NO;NO;NO;NO;NO;
21;MAGDALENA;001;SANTA MARTA;02;04;I.E.DLIBANO;019;01;PRESIDENTE;NO;;;190;BUEN ESTADO;189;0;6;190;NO;;NO;;;;NO;NO;NO;NO;NO;NO;NO;NO;
21;MAGDALENA;001;SANTA MARTA;02;04;I.E.DLIBANO;020;01;PRESIDENTE;NO;;;165;BUEN ESTADO;165;0;6;165;NO;;NO;;;;NO;NO;NO;NO;NO;NO;NO;NO;
21;MAGDALENA;001;SANTA MARTA;02;04;I.E.DLIBANO;021;01;PRESIDENTE;NO;;;190;BUEN ESTADO;190;0;6;190;NO;;NO;;;;NO;NO;NO;NO;NO;NO;NO;NO;
21;MAGDALENA;001;SANTA MARTA;02;04;I.E.DLIBANO;022;01;PRESIDENTE;NO;;;167;BUEN ESTADO;167;0;6;167;NO;;NO;;;;NO;NO;NO;NO;NO;NO;NO;NO;
21;MAGDALENA;001;SANTA MARTA;02;04;I.E.DLIBANO;023;01;PRESIDENTE;NO;;;61;BUEN ESTADO;61;0;6;61;NO;;NO;;;;NO;NO;NO;NO;NO;NO;NO;NO;
21;MAGDALENA;001;SANTA MARTA;02;05;I.E.D.SANFCO.JAVIERDEGARAGO;001;01;PRESIDENTE;NO;;;220;BUEN ESTADO;219;1;6;220;NO;;NO;;;;NO;NO;NO;NO;NO;NO;SI;NO;
21;MAGDALENA;001;SANTA MARTA;02;05;I.E.D.SANFCO.JAVIERDEGARAGO;002;01;PRESIDENTE;NO;;;219;BUEN ESTADO;219;0;6;219;NO;;NO;;;;NO;NO;NO;NO;NO;NO;SI;NO;
21;MAGDALENA;001;SANTA MARTA;02;05;I.E.D.SANFCO.JAVIERDEGARAGO;003;01;PRESIDENTE;NO;;;227;BUEN ESTADO;227;0;6;227;NO;;NO;;;;NO;NO;NO;NO;NO;NO;NO;NO;
21;MAGDALENA;001;SANTA MARTA;02;05;I.E.D.SANFCO.JAVIERDEGARAGO;004;01;PRESIDENTE;NO;;;213;BUEN ESTADO;213;0;6;213;NO;;NO;;;;NO;NO;NO;NO;NO;NO;SI;NO;
21;MAGDALENA;001;SANTA MARTA;02;05;I.E.D.SANFCO.JAVIERDEGARAGO;005;01;PRESIDENTE;NO;;;200;BUEN ESTADO;200;0;6;200;NO;;NO;;;;NO;NO;NO;NO;NO;NO;SI;NO;
21;MAGDALENA;001;SANTA MARTA;02;05;I.E.D.SANFCO.JAVIERDEGARAGO;006;01;PRESIDENTE;NO;;;240;BUEN ESTADO;240;0;6;240;NO;;NO;;;;NO;NO;NO;NO;NO;NO;SI;NO;
21;MAGDALENA;001;SANTA MARTA;02;05;I.E.D.SANFCO.JAVIERDEGARAGO;007;01;PRESIDENTE;NO;;;207;BUEN ESTADO;207;0;6;207;NO;;NO;;;;NO;NO;NO;NO;NO;NO;SI;NO;
21;MAGDALENA;001;SANTA MARTA;02;05;I.E.D.SANFCO.JAVIERDEGARAGO;008;01;PRESIDENTE;NO;;;217;BUEN ESTADO;217;0;6;217;NO;;NO;;;;NO;NO;NO;NO;NO;NO;SI;NO;
21;MAGDALENA;001;SANTA MARTA;02;05;I.E.D.SANFCO.JAVIERDEGARAGO;009;01;PRESIDENTE;NO;;;209;BUEN ESTADO;209;0;6;209;NO;;NO;;;;NO;NO;NO;NO;NO;NO;SI;NO;
21;MAGDALENA;001;SANTA MARTA;02;05;I.E.D.SANFCO.JAVIERDEGARAGO;010;01;PRESIDENTE;NO;;;225;BUEN ESTADO;225;0;6;225;NO;;NO;;;;NO;NO;NO;NO;NO;NO;SI;NO;
21;MAGDALENA;001;SANTA MARTA;02;05;I.E.D.SANFCO.JAVIERDEGARAGO;011;01;PRESIDENTE;NO;;;208;BUEN ESTADO;207;0;6;207;NO;;NO;;;;NO;NO;NO;NO;NO;NO;NO;NO;
21;MAGDALENA;001;SANTA MARTA;02;05;I.E.D.SANFCO.JAVIERDEGARAGO;012;01;PRESIDENTE;NO;;;224;BUEN ESTADO;224;0;6;224;NO;;NO;;;;NO;NO;NO;NO;NO;NO;SI;NO;
21;MAGDALENA;001;SANTA MARTA;02;05;I.E.D.SANFCO.JAVIERDEGARAGO;013;01;PRESIDENTE;NO;;;206;BUEN ESTADO;206;0;6;206;NO;;NO;;;;NO;NO;NO;NO;NO;NO;SI;NO;
21;MAGDALENA;001;SANTA MARTA;02;05;I.E.D.SANFCO.JAVIERDEGARAGO;014;01;PRESIDENTE;NO;;;133;BUEN ESTADO;133;0;6;133;NO;;NO;;;;NO;NO;NO;NO;NO;NO;SI;NO;
21;MAGDALENA;001;SANTA MARTA;02;05;I.E.D.SANFCO.JAVIERDEGARAGO;015;01;PRESIDENTE;NO;;;124;BUEN ESTADO;124;0;6;124;NO;;NO;;;;NO;NO;NO;NO;NO;NO;NO;NO;
21;MAGDALENA;001;SANTA MARTA;02;05;I.E.D.SANFCO.JAVIERDEGARAGO;016;01;PRESIDENTE;NO;;;133;BUEN ESTADO;133;0;6;133;NO;;NO;;;;NO;NO;NO;NO;NO;NO;NO;NO;
21;MAGDALENA;001;SANTA MARTA;02;05;I.E.D.SANFCO.JAVIERDEGARAGO;017;01;PRESIDENTE;NO;;;150;BUEN ESTADO;150;0;6;150;NO;;NO;;;;NO;NO;NO;NO;NO;NO;SI;NO;
21;MAGDALENA;001;SANTA MARTA;02;05;I.E.D.SANFCO.JAVIERDEGARAGO;018;01;PRESIDENTE;NO;;;150;BUEN ESTADO;150;0;6;150;SI;JURADOS DE VOTACIÓN CONSIGNO EN EL ACTA E-11 150 SUFRAGANTES. MIENTRAS QUE EN EL E-14 SE CONSIGNARON 360. SE EVIDENCIA UN ERROR POR PARTE DEL JURADO YA QUE, LA SUMATORIA FINAL NO CON CUERDA CON EL NUMERO ESCRIT;NO;;;;NO;NO;NO;NO;NO;NO;SI;NO;
21;MAGDALENA;001;SANTA MARTA;02;05;I.E.D.SANFCO.JAVIERDEGARAGO;019;01;PRESIDENTE;NO;;;173;BUEN ESTADO;173;0;6;173;NO;;NO;;;;NO;NO;NO;NO;NO;NO;SI;NO;
21;MAGDALENA;001;SANTA MARTA;02;05;I.E.D.SANFCO.JAVIERDEGARAGO;020;01;PRESIDENTE;NO;;;135;BUEN ESTADO;135;0;6;135;NO;;NO;;;;NO;NO;NO;NO;NO;NO;NO;NO;
21;MAGDALENA;001;SANTA MARTA;02;05;I.E.D.SANFCO.JAVIERDEGARAGO;021;01;PRESIDENTE;NO;;;161;BUEN ESTADO;161;0;6;161;NO;;NO;;;;NO;NO;NO;NO;NO;NO;SI;NO;
21;MAGDALENA;001;SANTA MARTA;02;05;I.E.D.SANFCO.JAVIERDEGARAGO;022;01;PRESIDENTE;NO;;;152;BUEN ESTADO;152;0;6;152;NO;;NO;;;;NO;NO;NO;NO;NO;NO;NO;NO;
21;MAGDALENA;001;SANTA MARTA;02;05;I.E.D.SANFCO.JAVIERDEGARAGO;023;01;PRESIDENTE;NO;;;143;BUEN ESTADO;143;0;6;143;NO;;NO;;;;NO;NO;NO;NO;NO;NO;SI;NO;
21;MAGDALENA;001;SANTA MARTA;02;05;I.E.D.SANFCO.JAVIERDEGARAGO;024;01;PRESIDENTE;NO;;;156;BUEN ESTADO;156;0;6;156;NO;;NO;;;;NO;NO;NO;NO;NO;NO;SI;NO;
21;MAGDALENA;001;SANTA MARTA;02;05;I.E.D.SANFCO.JAVIERDEGARAGO;025;01;PRESIDENTE;NO;;;162;BUEN ESTADO;162;0;6;162;NO;;NO;;;;NO;NO;NO;NO;NO;NO;NO;NO;
21;MAGDALENA;001;SANTA MARTA;02;05;I.E.D.SANFCO.JAVIERDEGARAGO;026;01;PRESIDENTE;NO;;;140;BUEN ESTADO;140;0;6;140;NO;;NO;;;;NO;NO;NO;NO;NO;NO;NO;NO;
21;MAGDALENA;001;SANTA MARTA;02;05;I.E.D.SANFCO.JAVIERDEGARAGO;027;01;PRESIDENTE;NO;;;104;BUEN ESTADO;104;0;6;104;NO;;NO;;;;NO;NO;NO;NO;NO;NO;NO;NO;
21;MAGDALENA;001;SANTA MARTA;02;06;UNIVERSIDADANTONIONARIÑO;001;01;PRESIDENTE;NO;;;309;BUEN ESTADO;309;0;6;309;NO;;NO;;;;NO;NO;NO;NO;NO;NO;NO;NO;
21;MAGDALENA;001;SANTA MARTA;02;06;UNIVERSIDADANTONIONARIÑO;002;01;PRESIDENTE;NO;;;309;BUEN ESTADO;308;0;6;309;NO;;NO;;;;NO;NO;NO;NO;NO;NO;SI;NO;
21;MAGDALENA;001;SANTA MARTA;02;06;UNIVERSIDADANTONIONARIÑO;003;01;PRESIDENTE;NO;;;318;BUEN ESTADO;319;1;6;319;NO;;NO;;;;SI;NO;NO;NO;NO;NO;SI;NO;
21;MAGDALENA;001;SANTA MARTA;02;06;UNIVERSIDADANTONIONARIÑO;004;01;PRESIDENTE;NO;;;315;BUEN ESTADO;315;0;6;315;NO;;NO;;;;NO;NO;NO;NO;NO;NO;NO;NO;
21;MAGDALENA;001;SANTA MARTA;02;06;UNIVERSIDADANTONIONARIÑO;005;01;PRESIDENTE;NO;;;315;BUEN ESTADO;315;0;6;315;NO;;NO;;;;NO;NO;NO;NO;NO;NO;NO;NO;
21;MAGDALENA;001;SANTA MARTA;02;06;UNIVERSIDADANTONIONARIÑO;006;01;PRESIDENTE;NO;;;306;BUEN ESTADO;306;0;6;306;NO;;NO;;;;NO;NO;NO;NO;NO;NO;NO;NO;
21;MAGDALENA;001;SANTA MARTA;02;06;UNIVERSIDADANTONIONARIÑO;007;01;PRESIDENTE;NO;;;310;BUEN ESTADO;310;0;6;310;NO;;NO;;;;NO;NO;NO;NO;NO;NO;SI;NO;
21;MAGDALENA;001;SANTA MARTA;02;06;UNIVERSIDADANTONIONARIÑO;008;01;PRESIDENTE;NO;;;236;BUEN ESTADO;236;0;6;236;NO;;NO;;;;NO;NO;NO;NO;NO;NO;SI;NO;
21;MAGDALENA;001;SANTA MARTA;02;06;UNIVERSIDADANTONIONARIÑO;009;01;PRESIDENTE;NO;;;254;BUEN ESTADO;254;0;6;254;NO;;NO;;;;NO;NO;NO;NO;NO;NO;SI;NO;
21;MAGDALENA;001;SANTA MARTA;02;06;UNIVERSIDADANTONIONARIÑO;010;01;PRESIDENTE;NO;;;242;BUEN ESTADO;242;0;6;242;NO;;NO;;;;NO;NO;NO;NO;NO;NO;NO;NO;
21;MAGDALENA;001;SANTA MARTA;02;06;UNIVERSIDADANTONIONARIÑO;011;01;PRESIDENTE;NO;;;227;BUEN ESTADO;227;0;6;227;NO;;NO;;;;NO;NO;NO;NO;NO;NO;SI;NO;
21;MAGDALENA;001;SANTA MARTA;02;06;UNIVERSIDADANTONIONARIÑO;012;01;PRESIDENTE;NO;;;220;BUEN ESTADO;219;0;6;220;NO;;NO;;;;NO;NO;NO;NO;NO;NO;NO;NO;
21;MAGDALENA;001;SANTA MARTA;02;06;UNIVERSIDADANTONIONARIÑO;013;01;PRESIDENTE;NO;;;213;BUEN ESTADO;213;0;6;213;NO;;NO;;;;NO;NO;NO;NO;NO;NO;NO;NO;
21;MAGDALENA;001;SANTA MARTA;02;06;UNIVERSIDADANTONIONARIÑO;014;01;PRESIDENTE;NO;;;205;BUEN ESTADO;205;0;6;205;NO;;NO;;;;NO;NO;NO;NO;NO;NO;NO;NO;
21;MAGDALENA;001;SANTA MARTA;02;06;UNIVERSIDADANTONIONARIÑO;015;01;PRESIDENTE;NO;;;229;BUEN ESTADO;229;0;6;229;NO;;NO;;;;NO;NO;NO;NO;NO;NO;NO;NO;
21;MAGDALENA;001;SANTA MARTA;02;06;UNIVERSIDADANTONIONARIÑO;016;01;PRESIDENTE;NO;;;245;BUEN ESTADO;245;0;6;245;NO;;NO;;;;NO;NO;NO;NO;NO;NO;NO;NO;
21;MAGDALENA;001;SANTA MARTA;02;06;UNIVERSIDADANTONIONARIÑO;017;01;PRESIDENTE;NO;;;235;BUEN ESTADO;235;0;6;235;NO;;NO;;;;NO;NO;NO;NO;NO;NO;SI;NO;
21;MAGDALENA;001;SANTA MARTA;02;06;UNIVERSIDADANTONIONARIÑO;018;01;PRESIDENTE;NO;;;210;BUEN ESTADO;210;0;6;210;NO;;NO;;;;NO;NO;NO;NO;NO;NO;NO;NO;
21;MAGDALENA;001;SANTA MARTA;02;06;UNIVERSIDADANTONIONARIÑO;019;01;PRESIDENTE;NO;;;163;BUEN ESTADO;163;0;6;163;NO;;NO;;;;NO;NO;NO;NO;NO;NO;SI;NO;
21;MAGDALENA;001;SANTA MARTA;02;07;UNIVERSIDADDELMAGDALENA;001;01;PRESIDENTE;NO;;;261;BUEN ESTADO;261;0;6;261;NO;;NO;;;;NO;NO;NO;NO;NO;NO;NO;NO;
21;MAGDALENA;001;SANTA MARTA;02;07;UNIVERSIDADDELMAGDALENA;002;01;PRESIDENTE;NO;;;280;BUEN ESTADO;280;0;5;280;NO;;NO;;;;NO;NO;NO;NO;NO;NO;SI;NO;
21;MAGDALENA;001;SANTA MARTA;02;07;UNIVERSIDADDELMAGDALENA;003;01;PRESIDENTE;NO;;;239;BUEN ESTADO;239;0;6;239;NO;;NO;;;;NO;NO;NO;NO;NO;NO;SI;NO;
21;MAGDALENA;001;SANTA MARTA;02;07;UNIVERSIDADDELMAGDALENA;004;01;PRESIDENTE;NO;;;270;BUEN ESTADO;270;0;6;270;NO;;NO;;;;NO;NO;NO;NO;NO;NO;SI;NO;
21;MAGDALENA;001;SANTA MARTA;02;07;UNIVERSIDADDELMAGDALENA;005;01;PRESIDENTE;NO;;;284;BUEN ESTADO;284;0;6;284;NO;;NO;;;;NO;NO;NO;NO;NO;NO;SI;NO;
21;MAGDALENA;001;SANTA MARTA;02;07;UNIVERSIDADDELMAGDALENA;006;01;PRESIDENTE;NO;;;252;BUEN ESTADO;251;0;5;251;NO;;NO;;;;NO;NO;NO;NO;NO;NO;NO;NO;
21;MAGDALENA;001;SANTA MARTA;02;07;UNIVERSIDADDELMAGDALENA;007;01;PRESIDENTE;NO;;;261;BUEN ESTADO;261;0;6;261;NO;;NO;;;;NO;NO;NO;NO;NO;NO;SI;NO;
21;MAGDALENA;001;SANTA MARTA;02;07;UNIVERSIDADDELMAGDALENA;008;01;PRESIDENTE;NO;;;278;BUEN ESTADO;278;0;6;278;NO;;NO;;;;NO;NO;NO;NO;NO;NO;SI;NO;
21;MAGDALENA;001;SANTA MARTA;02;07;UNIVERSIDADDELMAGDALENA;009;01;PRESIDENTE;NO;;;264;BUEN ESTADO;264;0;6;264;NO;;NO;;;;NO;NO;NO;NO;NO;NO;SI;NO;
21;MAGDALENA;001;SANTA MARTA;02;07;UNIVERSIDADDELMAGDALENA;010;01;PRESIDENTE;NO;;;244;BUEN ESTADO;244;0;6;244;NO;;NO;;;;NO;NO;NO;NO;NO;NO;NO;NO;
21;MAGDALENA;001;SANTA MARTA;02;07;UNIVERSIDADDELMAGDALENA;011;01;PRESIDENTE;NO;;;200;BUEN ESTADO;200;0;6;200;NO;;NO;;;;NO;NO;NO;NO;NO;NO;NO;NO;
21;MAGDALENA;001;SANTA MARTA;02;07;UNIVERSIDADDELMAGDALENA;012;01;PRESIDENTE;NO;;;212;BUEN ESTADO;211;0;6;212;NO;;NO;;;;NO;NO;NO;NO;NO;NO;NO;NO;
21;MAGDALENA;001;SANTA MARTA;02;07;UNIVERSIDADDELMAGDALENA;013;01;PRESIDENTE;NO;;;198;BUEN ESTADO;198;1;6;198;NO;;NO;;;;NO;NO;NO;NO;NO;NO;NO;NO;
21;MAGDALENA;001;SANTA MARTA;02;07;UNIVERSIDADDELMAGDALENA;014;01;PRESIDENTE;NO;;;201;BUEN ESTADO;201;0;6;201;NO;;NO;;;;NO;NO;NO;NO;NO;NO;SI;NO;
21;MAGDALENA;001;SANTA MARTA;02;07;UNIVERSIDADDELMAGDALENA;015;01;PRESIDENTE;NO;;;193;BUEN ESTADO;193;0;6;193;NO;;NO;;;;NO;NO;NO;NO;NO;NO;NO;NO;
21;MAGDALENA;001;SANTA MARTA;02;07;UNIVERSIDADDELMAGDALENA;016;01;PRESIDENTE;NO;;;196;BUEN ESTADO;196;0;6;196;NO;;NO;;;;NO;NO;NO;NO;NO;NO;NO;NO;
21;MAGDALENA;001;SANTA MARTA;02;07;UNIVERSIDADDELMAGDALENA;017;01;PRESIDENTE;NO;;;191;BUEN ESTADO;191;0;6;191;NO;;NO;;;;NO;NO;NO;NO;NO;NO;SI;NO;
21;MAGDALENA;001;SANTA MARTA;02;07;UNIVERSIDADDELMAGDALENA;018;01;PRESIDENTE;NO;;;211;BUEN ESTADO;211;0;6;211;NO;;NO;;;;NO;NO;NO;NO;NO;NO;NO;NO;
21;MAGDALENA;001;SANTA MARTA;02;07;UNIVERSIDADDELMAGDALENA;019;01;PRESIDENTE;NO;;;194;BUEN ESTADO;194;0;6;194;NO;;NO;;;;NO;NO;NO;NO;NO;NO;SI;NO;
21;MAGDALENA;001;SANTA MARTA;02;07;UNIVERSIDADDELMAGDALENA;020;01;PRESIDENTE;NO;;;202;BUEN ESTADO;202;0;6;202;NO;;NO;;;;NO;NO;NO;NO;NO;NO;NO;NO;
21;MAGDALENA;001;SANTA MARTA;02;07;UNIVERSIDADDELMAGDALENA;021;01;PRESIDENTE;NO;;;163;BUEN ESTADO;163;0;6;163;NO;;NO;;;;NO;NO;NO;NO;NO;NO;NO;NO;
21;MAGDALENA;001;SANTA MARTA;02;07;UNIVERSIDADDELMAGDALENA;022;01;PRESIDENTE;NO;;;176;BUEN ESTADO;176;0;6;176;NO;;NO;;;;NO;NO;NO;NO;NO;NO;SI;NO;
21;MAGDALENA;001;SANTA MARTA;02;07;UNIVERSIDADDELMAGDALENA;023;01;PRESIDENTE;NO;;;160;BUEN ESTADO;160;0;6;160;NO;;NO;;;;NO;NO;NO;NO;NO;NO;NO;NO;
21;MAGDALENA;001;SANTA MARTA;02;07;UNIVERSIDADDELMAGDALENA;024;01;PRESIDENTE;NO;;;165;BUEN ESTADO;165;0;6;165;NO;;NO;;;;NO;NO;NO;NO;NO;NO;NO;NO;
21;MAGDALENA;001;SANTA MARTA;02;07;UNIVERSIDADDELMAGDALENA;025;01;PRESIDENTE;NO;;;171;BUEN ESTADO;171;0;6;171;NO;;NO;;;;NO;NO;NO;NO;NO;NO;SI;NO;
21;MAGDALENA;001;SANTA MARTA;02;07;UNIVERSIDADDELMAGDALENA;026;01;PRESIDENTE;NO;;;185;BUEN ESTADO;184;0;6;184;NO;;NO;;;;NO;NO;NO;NO;NO;NO;NO;NO;
21;MAGDALENA;001;SANTA MARTA;02;07;UNIVERSIDADDELMAGDALENA;027;01;PRESIDENTE;NO;;;231;BUEN ESTADO;231;129;6;231;NO;;NO;;;;NO;NO;NO;NO;NO;NO;NO;NO;
21;MAGDALENA;001;SANTA MARTA;02;07;UNIVERSIDADDELMAGDALENA;028;01;PRESIDENTE;NO;;;233;BUEN ESTADO;233;0;6;233;NO;;NO;;;;NO;NO;NO;NO;NO;NO;SI;NO;
21;MAGDALENA;001;SANTA MARTA;02;07;UNIVERSIDADDELMAGDALENA;029;01;PRESIDENTE;NO;;;183;BUEN ESTADO;183;0;6;183;NO;;NO;;;;NO;NO;NO;NO;NO;NO;SI;NO;
21;MAGDALENA;001;SANTA MARTA;02;07;UNIVERSIDADDELMAGDALENA;030;01;PRESIDENTE;NO;;;206;BUEN ESTADO;208;2;6;206;NO;;NO;;;;SI;NO;NO;NO;NO;NO;SI;NO;
21;MAGDALENA;001;SANTA MARTA;02;07;UNIVERSIDADDELMAGDALENA;031;01;PRESIDENTE;NO;;;207;BUEN ESTADO;207;0;6;207;NO;;NO;;;;NO;NO;NO;NO;NO;NO;NO;NO;
21;MAGDALENA;001;SANTA MARTA;02;07;UNIVERSIDADDELMAGDALENA;032;01;PRESIDENTE;NO;;;177;BUEN ESTADO;177;0;6;177;NO;;NO;;;;NO;NO;NO;NO;NO;NO;SI;NO;
21;MAGDALENA;001;SANTA MARTA;02;07;UNIVERSIDADDELMAGDALENA;033;01;PRESIDENTE;NO;;;154;BUEN ESTADO;154;0;6;154;NO;;NO;;;;NO;NO;NO;NO;NO;NO;NO;NO;
21;MAGDALENA;001;SANTA MARTA;02;07;UNIVERSIDADDELMAGDALENA;034;01;PRESIDENTE;NO;;;114;BUEN ESTADO;114;0;6;114;NO;;NO;;;;NO;NO;NO;NO;NO;NO;SI;NO;
21;MAGDALENA;001;SANTA MARTA;02;08;IEDONCEDENOVIEMBRE;001;01;PRESIDENTE;NO;;;213;BUEN ESTADO;213;0;6;213;NO;;NO;;;;NO;NO;NO;NO;NO;NO;SI;NO;
21;MAGDALENA;001;SANTA MARTA;02;08;IEDONCEDENOVIEMBRE;002;01;PRESIDENTE;NO;;;207;BUEN ESTADO;208;1;6;207;NO;;NO;;;;NO;NO;NO;NO;NO;NO;NO;NO;
21;MAGDALENA;001;SANTA MARTA;02;08;IEDONCEDENOVIEMBRE;003;01;PRESIDENTE;NO;;;221;BUEN ESTADO;221;0;6;221;NO;;NO;;;;NO;NO;NO;NO;NO;NO;SI;NO;
21;MAGDALENA;001;SANTA MARTA;02;08;IEDONCEDENOVIEMBRE;004;01;PRESIDENTE;NO;;;205;BUEN ESTADO;205;0;6;205;NO;;NO;;;;NO;NO;NO;NO;NO;NO;SI;NO;
21;MAGDALENA;001;SANTA MARTA;02;08;IEDONCEDENOVIEMBRE;005;01;PRESIDENTE;NO;;;226;BUEN ESTADO;226;0;6;226;NO;;NO;;;;NO;NO;NO;NO;NO;NO;SI;NO;
21;MAGDALENA;001;SANTA MARTA;02;08;IEDONCEDENOVIEMBRE;006;01;PRESIDENTE;NO;;;227;BUEN ESTADO;227;0;6;227;NO;;NO;;;;NO;NO;NO;NO;NO;NO;SI;NO;
21;MAGDALENA;001;SANTA MARTA;02;08;IEDONCEDENOVIEMBRE;007;01;PRESIDENTE;NO;;;159;BUEN ESTADO;159;0;6;159;NO;;NO;;;;NO;NO;NO;NO;NO;NO;SI;NO;
21;MAGDALENA;001;SANTA MARTA;02;08;IEDONCEDENOVIEMBRE;008;01;PRESIDENTE;NO;;;120;BUEN ESTADO;120;0;6;120;NO;;NO;;;;NO;NO;NO;NO;NO;NO;SI;NO;
21;MAGDALENA;001;SANTA MARTA;02;08;IEDONCEDENOVIEMBRE;009;01;PRESIDENTE;NO;;;153;BUEN ESTADO;153;0;6;153;NO;;NO;;;;NO;NO;NO;NO;NO;NO;SI;NO;
21;MAGDALENA;001;SANTA MARTA;02;08;IEDONCEDENOVIEMBRE;010;01;PRESIDENTE;NO;;;131;BUEN ESTADO;131;0;6;131;NO;;NO;;;;NO;NO;NO;NO;NO;NO;NO;NO;
21;MAGDALENA;001;SANTA MARTA;02;08;IEDONCEDENOVIEMBRE;011;01;PRESIDENTE;NO;;;131;BUEN ESTADO;131;0;6;131;NO;;NO;;;;NO;NO;NO;NO;NO;NO;NO;NO;
21;MAGDALENA;001;SANTA MARTA;02;08;IEDONCEDENOVIEMBRE;012;01;PRESIDENTE;NO;;;143;BUEN ESTADO;143;0;6;143;NO;;NO;;;;NO;NO;NO;NO;NO;NO;NO;NO;
21;MAGDALENA;001;SANTA MARTA;02;08;IEDONCEDENOVIEMBRE;013;01;PRESIDENTE;NO;;;120;BUEN ESTADO;120;0;6;120;NO;;NO;;;;NO;NO;NO;NO;NO;NO;SI;NO;
21;MAGDALENA;001;SANTA MARTA;02;08;IEDONCEDENOVIEMBRE;014;01;PRESIDENTE;NO;;;131;BUEN ESTADO;131;0;6;131;NO;;NO;;;;NO;NO;NO;NO;NO;NO;SI;NO;
21;MAGDALENA;001;SANTA MARTA;02;08;IEDONCEDENOVIEMBRE;015;01;PRESIDENTE;NO;;;159;BUEN ESTADO;159;0;6;159;NO;;NO;;;;NO;NO;NO;NO;NO;NO;NO;NO;
21;MAGDALENA;001;SANTA MARTA;02;08;IEDONCEDENOVIEMBRE;016;01;PRESIDENTE;NO;;;145;BUEN ESTADO;145;0;6;145;NO;;NO;;;;NO;NO;NO;NO;NO;NO;SI;NO;
21;MAGDALENA;001;SANTA MARTA;02;08;IEDONCEDENOVIEMBRE;017;01;PRESIDENTE;NO;;;189;BUEN ESTADO;189;0;6;189;NO;;NO;;;;NO;NO;NO;NO;NO;NO;NO;NO;
21;MAGDALENA;001;SANTA MARTA;02;08;IEDONCEDENOVIEMBRE;018;01;PRESIDENTE;NO;;;125;BUEN ESTADO;125;0;6;125;NO;;NO;;;;NO;NO;NO;NO;NO;NO;SI;NO;
21;MAGDALENA;001;SANTA MARTA;02;08;IEDONCEDENOVIEMBRE;019;01;PRESIDENTE;NO;;;108;BUEN ESTADO;108;0;6;108;NO;;NO;;;;NO;NO;NO;NO;NO;NO;NO;NO;
21;MAGDALENA;001;SANTA MARTA;02;08;IEDONCEDENOVIEMBRE;020;01;PRESIDENTE;NO;;;61;BUEN ESTADO;61;0;6;61;NO;;NO;;;;NO;NO;NO;NO;NO;NO;NO;NO;
21;MAGDALENA;001;SANTA MARTA;02;09;IEDELLIBANOSEDE02;001;01;PRESIDENTE;NO;;;303;BUEN ESTADO;303;0;6;303;NO;;NO;;;;NO;NO;NO;NO;NO;NO;NO;NO;
21;MAGDALENA;001;SANTA MARTA;02;09;IEDELLIBANOSEDE02;002;01;PRESIDENTE;NO;;;302;BUEN ESTADO;302;0;6;302;NO;;NO;;;;NO;NO;NO;NO;NO;NO;NO;NO;
21;MAGDALENA;001;SANTA MARTA;02;09;IEDELLIBANOSEDE02;003;01;PRESIDENTE;NO;;;266;BUEN ESTADO;266;0;6;266;NO;;NO;;;;NO;NO;NO;NO;NO;NO;NO;NO;
21;MAGDALENA;001;SANTA MARTA;02;09;IEDELLIBANOSEDE02;004;01;PRESIDENTE;NO;;;302;BUEN ESTADO;302;0;6;302;NO;;NO;;;;NO;NO;NO;NO;NO;NO;SI;NO;
21;MAGDALENA;001;SANTA MARTA;02;09;IEDELLIBANOSEDE02;005;01;PRESIDENTE;NO;;;281;BUEN ESTADO;281;0;6;281;NO;;NO;;;;NO;NO;NO;NO;NO;NO;SI;NO;
21;MAGDALENA;001;SANTA MARTA;02;09;IEDELLIBANOSEDE02;006;01;PRESIDENTE;NO;;;295;BUEN ESTADO;295;0;6;295;NO;;NO;;;;NO;NO;NO;NO;NO;NO;SI;NO;
21;MAGDALENA;001;SANTA MARTA;02;09;IEDELLIBANOSEDE02;007;01;PRESIDENTE;NO;;;290;BUEN ESTADO;290;0;6;290;NO;;NO;;;;NO;NO;NO;NO;NO;NO;SI;NO;
21;MAGDALENA;001;SANTA MARTA;02;09;IEDELLIBANOSEDE02;008;01;PRESIDENTE;NO;;;311;BUEN ESTADO;311;0;6;311;NO;;NO;;;;NO;NO;NO;NO;NO;NO;SI;NO;
21;MAGDALENA;001;SANTA MARTA;02;09;IEDELLIBANOSEDE02;009;01;PRESIDENTE;NO;;;301;BUEN ESTADO;301;0;5;301;NO;;NO;;;;NO;NO;NO;NO;NO;NO;SI;NO;
21;MAGDALENA;001;SANTA MARTA;02;09;IEDELLIBANOSEDE02;010;01;PRESIDENTE;NO;;;292;BUEN ESTADO;292;0;6;292;NO;;NO;;;;NO;NO;NO;NO;NO;NO;NO;NO;
21;MAGDALENA;001;SANTA MARTA;02;09;IEDELLIBANOSEDE02;011;01;PRESIDENTE;NO;;;241;BUEN ESTADO;241;0;6;241;NO;;NO;;;;NO;NO;NO;NO;NO;NO;NO;NO;
21;MAGDALENA;001;SANTA MARTA;02;09;IEDELLIBANOSEDE02;012;01;PRESIDENTE;NO;;;247;BUEN ESTADO;247;0;6;247;NO;;NO;;;;NO;NO;NO;NO;NO;NO;SI;NO;
21;MAGDALENA;001;SANTA MARTA;02;09;IEDELLIBANOSEDE02;013;01;PRESIDENTE;NO;;;224;BUEN ESTADO;224;0;6;224;NO;;NO;;;;NO;NO;NO;NO;NO;NO;NO;NO;
21;MAGDALENA;001;SANTA MARTA;02;09;IEDELLIBANOSEDE02;014;01;PRESIDENTE;NO;;;218;BUEN ESTADO;218;0;6;218;NO;;NO;;;;NO;NO;NO;NO;NO;NO;SI;NO;
21;MAGDALENA;001;SANTA MARTA;02;09;IEDELLIBANOSEDE02;015;01;PRESIDENTE;NO;;;200;BUEN ESTADO;200;0;6;200;NO;;NO;;;;NO;NO;NO;NO;NO;NO;SI;NO;
21;MAGDALENA;001;SANTA MARTA;02;09;IEDELLIBANOSEDE02;016;01;PRESIDENTE;NO;;;223;BUEN ESTADO;223;0;6;223;NO;;NO;;;;NO;NO;NO;NO;NO;NO;NO;NO;
21;MAGDALENA;001;SANTA MARTA;02;09;IEDELLIBANOSEDE02;017;01;PRESIDENTE;NO;;;215;BUEN ESTADO;215;0;6;215;NO;;NO;;;;NO;NO;NO;NO;NO;NO;NO;NO;
21;MAGDALENA;001;SANTA MARTA;02;09;IEDELLIBANOSEDE02;018;01;PRESIDENTE;NO;;;210;BUEN ESTADO;208;0;6;210;NO;;NO;;;;NO;NO;NO;NO;NO;NO;SI;NO;
21;MAGDALENA;001;SANTA MARTA;02;09;IEDELLIBANOSEDE02;019;01;PRESIDENTE;NO;;;200;BUEN ESTADO;200;0;6;200;NO;;NO;;;;NO;NO;NO;NO;NO;NO;NO;NO;
21;MAGDALENA;001;SANTA MARTA;02;09;IEDELLIBANOSEDE02;020;01;PRESIDENTE;NO;;;232;BUEN ESTADO;232;0;6;232;NO;;NO;;;;NO;NO;NO;NO;NO;NO;NO;NO;
21;MAGDALENA;001;SANTA MARTA;02;09;IEDELLIBANOSEDE02;021;01;PRESIDENTE;NO;;;237;BUEN ESTADO;237;0;6;237;NO;;NO;;;;NO;NO;NO;NO;NO;NO;NO;NO;
21;MAGDALENA;001;SANTA MARTA;02;09;IEDELLIBANOSEDE02;022;01;PRESIDENTE;NO;;;248;BUEN ESTADO;248;0;6;248;NO;;NO;;;;NO;NO;NO;NO;NO;NO;NO;NO;
21;MAGDALENA;001;SANTA MARTA;02;09;IEDELLIBANOSEDE02;023;01;PRESIDENTE;NO;;;253;BUEN ESTADO;253;0;6;253;NO;;NO;;;;NO;NO;NO;NO;NO;NO;NO;NO;
21;MAGDALENA;001;SANTA MARTA;02;09;IEDELLIBANOSEDE02;024;01;PRESIDENTE;NO;;;250;BUEN ESTADO;250;0;6;250;NO;;NO;;;;NO;NO;NO;NO;NO;NO;NO;NO;
21;MAGDALENA;001;SANTA MARTA;02;09;IEDELLIBANOSEDE02;025;01;PRESIDENTE;NO;;;176;BUEN ESTADO;176;0;6;176;NO;;NO;;;;NO;NO;NO;NO;NO;NO;SI;NO;
21;MAGDALENA;001;SANTA MARTA;02;09;IEDELLIBANOSEDE02;026;01;PRESIDENTE;NO;;;157;BUEN ESTADO;157;0;6;157;NO;;NO;;;;NO;NO;NO;NO;NO;NO;SI;NO;
21;MAGDALENA;001;SANTA MARTA;02;09;IEDELLIBANOSEDE02;027;01;PRESIDENTE;NO;;;173;BUEN ESTADO;173;0;6;173;NO;;NO;;;;NO;NO;NO;NO;NO;NO;SI;NO;
21;MAGDALENA;001;SANTA MARTA;02;09;IEDELLIBANOSEDE02;028;01;PRESIDENTE;NO;;;155;BUEN ESTADO;155;0;6;155;NO;;NO;;;;SI;NO;NO;NO;NO;NO;SI;NO;
21;MAGDALENA;001;SANTA MARTA;02;09;IEDELLIBANOSEDE02;029;01;PRESIDENTE;NO;;;136;BUEN ESTADO;137;1;6;136;NO;;NO;;;;NO;NO;NO;NO;NO;NO;NO;NO;
21;MAGDALENA;001;SANTA MARTA;02;09;IEDELLIBANOSEDE02;030;01;PRESIDENTE;NO;;;238;BUEN ESTADO;234;166;6;234;NO;;NO;;;;NO;NO;NO;NO;NO;NO;SI;NO;
21;MAGDALENA;001;SANTA MARTA;02;09;IEDELLIBANOSEDE02;031;01;PRESIDENTE;NO;;;235;BUEN ESTADO;235;0;6;235;NO;;NO;;;;NO;NO;NO;NO;NO;NO;NO;NO;
21;MAGDALENA;001;SANTA MARTA;02;09;IEDELLIBANOSEDE02;032;01;PRESIDENTE;NO;;;216;BUEN ESTADO;215;0;6;215;NO;;NO;;;;NO;NO;NO;NO;NO;NO;NO;NO;
21;MAGDALENA;001;SANTA MARTA;02;09;IEDELLIBANOSEDE02;033;01;PRESIDENTE;NO;;;193;BUEN ESTADO;193;0;6;193;NO;;NO;;;;NO;NO;NO;NO;NO;NO;SI;NO;
21;MAGDALENA;001;SANTA MARTA;02;09;IEDELLIBANOSEDE02;034;01;PRESIDENTE;NO;;;175;BUEN ESTADO;175;0;6;175;NO;;NO;;;;NO;NO;NO;NO;NO;NO;NO;NO;
21;MAGDALENA;001;SANTA MARTA;02;09;IEDELLIBANOSEDE02;035;01;PRESIDENTE;NO;;;66;BUEN ESTADO;66;0;6;66;NO;;NO;;;;NO;NO;NO;NO;NO;NO;NO;NO;
21;MAGDALENA;001;SANTA MARTA;02;10;IED20DEOCTUBRESEDE1;001;01;PRESIDENTE;NO;;;254;BUEN ESTADO;254;0;6;254;NO;;NO;;;;NO;NO;NO;NO;NO;NO;SI;NO;
21;MAGDALENA;001;SANTA MARTA;02;10;IED20DEOCTUBRESEDE1;002;01;PRESIDENTE;NO;;;227;BUEN ESTADO;227;0;6;227;NO;;NO;;;;NO;NO;NO;NO;NO;NO;SI;NO;
21;MAGDALENA;001;SANTA MARTA;02;10;IED20DEOCTUBRESEDE1;003;01;PRESIDENTE;NO;;;148;BUEN ESTADO;148;0;6;148;NO;;NO;;;;NO;NO;NO;NO;NO;NO;NO;NO;
21;MAGDALENA;001;SANTA MARTA;02;10;IED20DEOCTUBRESEDE1;004;01;PRESIDENTE;NO;;;156;BUEN ESTADO;156;0;6;156;NO;;NO;;;;NO;NO;NO;NO;NO;NO;SI;NO;
21;MAGDALENA;001;SANTA MARTA;03;01;I.E.D.NORMALSUPERIORSANPEDRO;001;01;PRESIDENTE;NO;;;171;BUEN ESTADO;171;0;6;171;NO;;NO;;;;NO;NO;NO;NO;NO;NO;SI;NO;
21;MAGDALENA;001;SANTA MARTA;03;01;I.E.D.NORMALSUPERIORSANPEDRO;002;01;PRESIDENTE;NO;;;207;BUEN ESTADO;207;0;6;207;NO;;NO;;;;NO;NO;NO;NO;NO;NO;SI;NO;
21;MAGDALENA;001;SANTA MARTA;03;01;I.E.D.NORMALSUPERIORSANPEDRO;003;01;PRESIDENTE;NO;;;221;BUEN ESTADO;221;0;6;221;NO;;NO;;;;NO;NO;NO;NO;NO;NO;SI;NO;
21;MAGDALENA;001;SANTA MARTA;03;01;I.E.D.NORMALSUPERIORSANPEDRO;004;01;PRESIDENTE;NO;;;215;BUEN ESTADO;215;0;6;215;NO;;NO;;;;NO;NO;NO;NO;NO;NO;NO;NO;
21;MAGDALENA;001;SANTA MARTA;03;01;I.E.D.NORMALSUPERIORSANPEDRO;005;01;PRESIDENTE;NO;;;247;BUEN ESTADO;247;0;6;247;NO;;NO;;;;NO;NO;NO;NO;NO;NO;SI;NO;
21;MAGDALENA;001;SANTA MARTA;03;01;I.E.D.NORMALSUPERIORSANPEDRO;006;01;PRESIDENTE;NO;;;213;BUEN ESTADO;213;0;6;213;NO;;NO;;;;NO;NO;NO;NO;NO;NO;SI;NO;
21;MAGDALENA;001;SANTA MARTA;03;01;I.E.D.NORMALSUPERIORSANPEDRO;007;01;PRESIDENTE;NO;;;176;BUEN ESTADO;176;0;6;176;NO;;NO;;;;NO;NO;NO;NO;NO;NO;SI;NO;
21;MAGDALENA;001;SANTA MARTA;03;01;I.E.D.NORMALSUPERIORSANPEDRO;008;01;PRESIDENTE;NO;;;167;BUEN ESTADO;167;0;6;167;NO;;NO;;;;NO;NO;NO;NO;NO;NO;NO;NO;
21;MAGDALENA;001;SANTA MARTA;03;01;I.E.D.NORMALSUPERIORSANPEDRO;009;01;PRESIDENTE;NO;;;169;BUEN ESTADO;169;0;6;169;NO;;NO;;;;NO;NO;NO;NO;NO;NO;NO;NO;
21;MAGDALENA;001;SANTA MARTA;03;01;I.E.D.NORMALSUPERIORSANPEDRO;010;01;PRESIDENTE;NO;;;222;BUEN ESTADO;222;0;6;222;NO;;NO;;;;NO;NO;NO;NO;NO;NO;NO;NO;
21;MAGDALENA;001;SANTA MARTA;03;01;I.E.D.NORMALSUPERIORSANPEDRO;011;01;PRESIDENTE;NO;;;229;BUEN ESTADO;229;0;6;229;NO;;NO;;;;NO;NO;NO;NO;NO;NO;SI;NO;
21;MAGDALENA;001;SANTA MARTA;03;01;I.E.D.NORMALSUPERIORSANPEDRO;012;01;PRESIDENTE;NO;;;216;BUEN ESTADO;216;0;6;216;NO;;NO;;;;NO;NO;NO;NO;NO;NO;SI;NO;
21;MAGDALENA;001;SANTA MARTA;03;01;I.E.D.NORMALSUPERIORSANPEDRO;013;01;PRESIDENTE;NO;;;211;BUEN ESTADO;211;0;6;211;NO;;NO;;;;NO;NO;NO;NO;NO;NO;SI;NO;
21;MAGDALENA;001;SANTA MARTA;03;01;I.E.D.NORMALSUPERIORSANPEDRO;014;01;PRESIDENTE;NO;;;214;BUEN ESTADO;214;0;6;214;NO;;NO;;;;NO;NO;NO;NO;NO;NO;SI;NO;
21;MAGDALENA;001;SANTA MARTA;03;01;I.E.D.NORMALSUPERIORSANPEDRO;015;01;PRESIDENTE;NO;;;217;BUEN ESTADO;217;0;6;217;NO;;NO;;;;NO;NO;NO;NO;NO;NO;SI;NO;
21;MAGDALENA;001;SANTA MARTA;03;01;I.E.D.NORMALSUPERIORSANPEDRO;016;01;PRESIDENTE;NO;;;208;BUEN ESTADO;208;0;6;208;NO;;NO;;;;NO;NO;NO;NO;NO;NO;NO;NO;
21;MAGDALENA;001;SANTA MARTA;03;01;I.E.D.NORMALSUPERIORSANPEDRO;017;01;PRESIDENTE;NO;;;200;BUEN ESTADO;200;0;6;200;NO;;NO;;;;NO;NO;NO;NO;NO;NO;SI;NO;
21;MAGDALENA;001;SANTA MARTA;03;01;I.E.D.NORMALSUPERIORSANPEDRO;018;01;PRESIDENTE;NO;;;237;BUEN ESTADO;237;0;6;237;NO;;NO;;;;NO;NO;NO;NO;NO;NO;SI;NO;
21;MAGDALENA;001;SANTA MARTA;03;01;I.E.D.NORMALSUPERIORSANPEDRO;019;01;PRESIDENTE;NO;;;210;BUEN ESTADO;210;0;6;210;NO;;NO;;;;NO;NO;NO;NO;NO;NO;SI;NO;
21;MAGDALENA;001;SANTA MARTA;03;01;I.E.D.NORMALSUPERIORSANPEDRO;020;01;PRESIDENTE;NO;;;226;BUEN ESTADO;226;0;6;226;NO;;NO;;;;NO;NO;NO;NO;NO;NO;NO;NO;
21;MAGDALENA;001;SANTA MARTA;03;01;I.E.D.NORMALSUPERIORSANPEDRO;021;01;PRESIDENTE;NO;;;206;BUEN ESTADO;206;0;6;206;NO;;NO;;;;NO;NO;NO;NO;NO;NO;SI;NO;
21;MAGDALENA;001;SANTA MARTA;03;01;I.E.D.NORMALSUPERIORSANPEDRO;022;01;PRESIDENTE;NO;;;218;BUEN ESTADO;218;0;6;218;NO;;NO;;;;NO;NO;NO;NO;NO;NO;NO;NO;
21;MAGDALENA;001;SANTA MARTA;03;01;I.E.D.NORMALSUPERIORSANPEDRO;023;01;PRESIDENTE;NO;;;200;BUEN ESTADO;200;0;6;200;NO;;NO;;;;NO;NO;NO;NO;NO;NO;NO;NO;
21;MAGDALENA;001;SANTA MARTA;03;01;I.E.D.NORMALSUPERIORSANPEDRO;024;01;PRESIDENTE;NO;;;113;BUEN ESTADO;113;0;6;113;NO;;NO;;;;NO;NO;NO;NO;NO;NO;NO;NO;
21;MAGDALENA;001;SANTA MARTA;03;01;I.E.D.NORMALSUPERIORSANPEDRO;025;01;PRESIDENTE;NO;;;114;BUEN ESTADO;114;0;6;114;NO;;NO;;;;NO;NO;NO;NO;NO;NO;NO;NO;
21;MAGDALENA;001;SANTA MARTA;03;01;I.E.D.NORMALSUPERIORSANPEDRO;026;01;PRESIDENTE;NO;;;119;BUEN ESTADO;119;0;6;119;NO;;NO;;;;NO;NO;NO;NO;NO;NO;NO;NO;
21;MAGDALENA;001;SANTA MARTA;03;01;I.E.D.NORMALSUPERIORSANPEDRO;027;01;PRESIDENTE;NO;;;54;BUEN ESTADO;54;0;6;54;NO;;NO;;;;NO;NO;NO;NO;NO;NO;SI;NO;
21;MAGDALENA;001;SANTA MARTA;03;02;IEDJUANMAIGUELDEOSUNA;001;01;PRESIDENTE;NO;;;241;BUEN ESTADO;241;0;5;241;NO;;NO;;;;NO;NO;NO;NO;NO;NO;NO;NO;
21;MAGDALENA;001;SANTA MARTA;03;02;IEDJUANMAIGUELDEOSUNA;002;01;PRESIDENTE;NO;;;251;BUEN ESTADO;251;0;6;251;NO;;NO;;;;NO;NO;NO;NO;NO;NO;SI;NO;
21;MAGDALENA;001;SANTA MARTA;03;02;IEDJUANMAIGUELDEOSUNA;003;01;PRESIDENTE;NO;;;211;BUEN ESTADO;211;0;6;211;NO;;NO;;;;NO;NO;NO;NO;NO;NO;SI;NO;
21;MAGDALENA;001;SANTA MARTA;03;02;IEDJUANMAIGUELDEOSUNA;004;01;PRESIDENTE;NO;;;159;BUEN ESTADO;159;0;6;159;NO;;NO;;;;NO;NO;NO;NO;NO;NO;NO;NO;
21;MAGDALENA;001;SANTA MARTA;03;02;IEDJUANMAIGUELDEOSUNA;005;01;PRESIDENTE;NO;;;154;BUEN ESTADO;154;0;6;154;NO;;NO;;;;NO;NO;NO;NO;NO;NO;NO;NO;
21;MAGDALENA;001;SANTA MARTA;03;02;IEDJUANMAIGUELDEOSUNA;006;01;PRESIDENTE;NO;;;169;MAL ESTADO;169;0;6;169;NO;;NO;;;;NO;NO;NO;NO;NO;NO;NO;NO;
21;MAGDALENA;001;SANTA MARTA;03;02;IEDJUANMAIGUELDEOSUNA;007;01;PRESIDENTE;NO;;;161;BUEN ESTADO;161;0;6;161;NO;;NO;;;;NO;NO;NO;NO;NO;NO;SI;NO;
21;MAGDALENA;001;SANTA MARTA;03;02;IEDJUANMAIGUELDEOSUNA;008;01;PRESIDENTE;NO;;;168;BUEN ESTADO;168;0;6;168;NO;;NO;;;;NO;NO;NO;NO;NO;NO;NO;NO;
21;MAGDALENA;001;SANTA MARTA;03;02;IEDJUANMAIGUELDEOSUNA;009;01;PRESIDENTE;NO;;;167;BUEN ESTADO;167;0;6;167;NO;;NO;;;;NO;NO;NO;NO;NO;NO;NO;NO;
21;MAGDALENA;001;SANTA MARTA;03;02;IEDJUANMAIGUELDEOSUNA;010;01;PRESIDENTE;NO;;;175;BUEN ESTADO;175;0;6;175;NO;;NO;;;;NO;NO;NO;NO;NO;NO;SI;NO;
21;MAGDALENA;001;SANTA MARTA;03;02;IEDJUANMAIGUELDEOSUNA;011;01;PRESIDENTE;NO;;;148;BUEN ESTADO;148;0;6;148;NO;;NO;;;;NO;NO;NO;NO;NO;NO;SI;NO;
21;MAGDALENA;001;SANTA MARTA;03;02;IEDJUANMAIGUELDEOSUNA;012;01;PRESIDENTE;NO;;;164;BUEN ESTADO;164;0;6;164;NO;;NO;;;;NO;NO;NO;NO;NO;NO;NO;NO;
21;MAGDALENA;001;SANTA MARTA;03;02;IEDJUANMAIGUELDEOSUNA;013;01;PRESIDENTE;NO;;;165;BUEN ESTADO;165;0;6;165;NO;;NO;;;;NO;NO;NO;NO;NO;NO;SI;NO;
21;MAGDALENA;001;SANTA MARTA;03;02;IEDJUANMAIGUELDEOSUNA;014;01;PRESIDENTE;NO;;;167;BUEN ESTADO;167;0;6;167;NO;;NO;;;;NO;NO;NO;NO;NO;NO;SI;NO;
21;MAGDALENA;001;SANTA MARTA;03;02;IEDJUANMAIGUELDEOSUNA;015;01;PRESIDENTE;NO;;;170;BUEN ESTADO;170;0;6;170;NO;;NO;;;;NO;NO;NO;NO;NO;NO;SI;NO;
21;MAGDALENA;001;SANTA MARTA;03;02;IEDJUANMAIGUELDEOSUNA;016;01;PRESIDENTE;NO;;;165;BUEN ESTADO;165;0;6;165;NO;;NO;;;;NO;NO;NO;NO;NO;NO;SI;NO;
21;MAGDALENA;001;SANTA MARTA;03;02;IEDJUANMAIGUELDEOSUNA;017;01;PRESIDENTE;NO;;;171;BUEN ESTADO;171;0;6;171;NO;;NO;;;;NO;NO;NO;NO;NO;NO;SI;NO;
21;MAGDALENA;001;SANTA MARTA;03;02;IEDJUANMAIGUELDEOSUNA;018;01;PRESIDENTE;NO;;;160;BUEN ESTADO;160;0;6;160;NO;;NO;;;;NO;NO;NO;NO;NO;NO;SI;NO;
21;MAGDALENA;001;SANTA MARTA;03;02;IEDJUANMAIGUELDEOSUNA;019;01;PRESIDENTE;NO;;;166;BUEN ESTADO;166;0;6;166;NO;;NO;;;;NO;NO;NO;NO;NO;NO;SI;NO;
21;MAGDALENA;001;SANTA MARTA;03;02;IEDJUANMAIGUELDEOSUNA;020;01;PRESIDENTE;NO;;;177;BUEN ESTADO;17;0;6;177;NO;;NO;;;;NO;NO;NO;NO;NO;NO;NO;NO;
21;MAGDALENA;001;SANTA MARTA;03;02;IEDJUANMAIGUELDEOSUNA;021;01;PRESIDENTE;NO;;;158;BUEN ESTADO;158;0;6;158;NO;;NO;;;;NO;NO;NO;NO;NO;NO;SI;NO;
21;MAGDALENA;001;SANTA MARTA;03;02;IEDJUANMAIGUELDEOSUNA;022;01;PRESIDENTE;NO;;;169;BUEN ESTADO;169;0;6;169;NO;;NO;;;;NO;NO;NO;NO;NO;NO;SI;NO;
21;MAGDALENA;001;SANTA MARTA;03;02;IEDJUANMAIGUELDEOSUNA;023;01;PRESIDENTE;NO;;;60;BUEN ESTADO;60;0;6;60;NO;;NO;;;;NO;NO;NO;NO;NO;NO;SI;NO;
21;MAGDALENA;001;SANTA MARTA;03;03;I.E.D.ALUNAMEGACOLEGIOCISNE;001;01;PRESIDENTE;NO;;;230;BUEN ESTADO;230;0;6;230;NO;;NO;;;;NO;NO;NO;NO;NO;NO;NO;NO;
21;MAGDALENA;001;SANTA MARTA;03;03;I.E.D.ALUNAMEGACOLEGIOCISNE;002;01;PRESIDENTE;NO;;;243;BUEN ESTADO;243;0;6;243;NO;;NO;;;;NO;NO;NO;NO;NO;NO;SI;NO;
21;MAGDALENA;001;SANTA MARTA;03;03;I.E.D.ALUNAMEGACOLEGIOCISNE;003;01;PRESIDENTE;NO;;;201;BUEN ESTADO;202;1;6;201;NO;;NO;;;;NO;NO;NO;NO;NO;NO;SI;NO;
21;MAGDALENA;001;SANTA MARTA;03;03;I.E.D.ALUNAMEGACOLEGIOCISNE;004;01;PRESIDENTE;NO;;;234;BUEN ESTADO;233;0;6;234;NO;;NO;;;;NO;NO;NO;NO;NO;NO;NO;NO;
21;MAGDALENA;001;SANTA MARTA;03;03;I.E.D.ALUNAMEGACOLEGIOCISNE;005;01;PRESIDENTE;NO;;;230;BUEN ESTADO;230;0;6;230;NO;;NO;;;;NO;NO;NO;NO;NO;NO;NO;NO;
21;MAGDALENA;001;SANTA MARTA;03;03;I.E.D.ALUNAMEGACOLEGIOCISNE;006;01;PRESIDENTE;NO;;;213;BUEN ESTADO;213;0;6;213;NO;;NO;;;;NO;NO;NO;NO;NO;NO;NO;NO;
21;MAGDALENA;001;SANTA MARTA;03;03;I.E.D.ALUNAMEGACOLEGIOCISNE;007;01;PRESIDENTE;NO;;;213;BUEN ESTADO;213;0;6;213;NO;;NO;;;;NO;NO;NO;NO;NO;NO;NO;NO;
21;MAGDALENA;001;SANTA MARTA;03;03;I.E.D.ALUNAMEGACOLEGIOCISNE;008;01;PRESIDENTE;NO;;;225;BUEN ESTADO;225;0;6;225;NO;;NO;;;;NO;NO;NO;NO;NO;NO;NO;NO;
21;MAGDALENA;001;SANTA MARTA;03;03;I.E.D.ALUNAMEGACOLEGIOCISNE;009;01;PRESIDENTE;NO;;;235;BUEN ESTADO;235;0;6;235;NO;;NO;;;;NO;NO;NO;NO;NO;NO;NO;NO;
21;MAGDALENA;001;SANTA MARTA;03;03;I.E.D.ALUNAMEGACOLEGIOCISNE;010;01;PRESIDENTE;NO;;;239;BUEN ESTADO;238;0;6;239;NO;;NO;;;;NO;NO;NO;NO;NO;NO;NO;NO;
21;MAGDALENA;001;SANTA MARTA;03;03;I.E.D.ALUNAMEGACOLEGIOCISNE;011;01;PRESIDENTE;NO;;;133;BUEN ESTADO;133;0;6;133;NO;;NO;;;;NO;NO;NO;NO;NO;NO;NO;NO;
21;MAGDALENA;001;SANTA MARTA;03;03;I.E.D.ALUNAMEGACOLEGIOCISNE;012;01;PRESIDENTE;NO;;;137;BUEN ESTADO;137;0;6;137;NO;;NO;;;;NO;NO;NO;NO;NO;NO;NO;NO;
21;MAGDALENA;001;SANTA MARTA;03;03;I.E.D.ALUNAMEGACOLEGIOCISNE;013;01;PRESIDENTE;NO;;;154;BUEN ESTADO;154;0;6;154;NO;;NO;;;;NO;NO;NO;NO;NO;NO;NO;NO;
21;MAGDALENA;001;SANTA MARTA;03;03;I.E.D.ALUNAMEGACOLEGIOCISNE;014;01;PRESIDENTE;NO;;;133;BUEN ESTADO;133;0;6;133;NO;;NO;;;;NO;NO;NO;NO;NO;NO;NO;NO;
21;MAGDALENA;001;SANTA MARTA;03;03;I.E.D.ALUNAMEGACOLEGIOCISNE;015;01;PRESIDENTE;NO;;;156;BUEN ESTADO;156;0;6;156;NO;;NO;;;;NO;NO;NO;NO;NO;NO;NO;NO;
21;MAGDALENA;001;SANTA MARTA;03;03;I.E.D.ALUNAMEGACOLEGIOCISNE;016;01;PRESIDENTE;NO;;;154;BUEN ESTADO;154;0;6;154;NO;;NO;;;;NO;NO;NO;NO;NO;NO;NO;NO;
21;MAGDALENA;001;SANTA MARTA;03;03;I.E.D.ALUNAMEGACOLEGIOCISNE;017;01;PRESIDENTE;NO;;;178;BUEN ESTADO;178;0;6;178;NO;;NO;;;;NO;NO;NO;NO;NO;NO;NO;NO;
21;MAGDALENA;001;SANTA MARTA;03;03;I.E.D.ALUNAMEGACOLEGIOCISNE;018;01;PRESIDENTE;NO;;;189;BUEN ESTADO;189;0;6;189;NO;;NO;;;;NO;NO;NO;NO;NO;NO;SI;NO;
21;MAGDALENA;001;SANTA MARTA;03;03;I.E.D.ALUNAMEGACOLEGIOCISNE;019;01;PRESIDENTE;NO;;;195;BUEN ESTADO;195;0;6;195;NO;;NO;;;;NO;NO;NO;NO;NO;NO;NO;NO;
21;MAGDALENA;001;SANTA MARTA;03;03;I.E.D.ALUNAMEGACOLEGIOCISNE;020;01;PRESIDENTE;NO;;;144;BUEN ESTADO;143;0;6;144;NO;;NO;;;;NO;NO;NO;NO;NO;NO;NO;NO;
21;MAGDALENA;001;SANTA MARTA;03;03;I.E.D.ALUNAMEGACOLEGIOCISNE;021;01;PRESIDENTE;NO;;;159;BUEN ESTADO;159;0;6;159;NO;;NO;;;;NO;NO;NO;NO;NO;NO;NO;NO;
21;MAGDALENA;001;SANTA MARTA;03;03;I.E.D.ALUNAMEGACOLEGIOCISNE;022;01;PRESIDENTE;NO;;;148;BUEN ESTADO;148;0;6;148;NO;;NO;;;;NO;NO;NO;NO;NO;NO;NO;NO;
21;MAGDALENA;001;SANTA MARTA;03;03;I.E.D.ALUNAMEGACOLEGIOCISNE;023;01;PRESIDENTE;NO;;;61;BUEN ESTADO;61;0;6;61;NO;;NO;;;;NO;NO;NO;NO;NO;NO;NO;NO;
21;MAGDALENA;001;SANTA MARTA;03;04;IEDPEDAG.DELCARIBESDCIUDADEQUIDAD;001;01;PRESIDENTE;NO;;;280;BUEN ESTADO;280;0;6;280;NO;;SI;TESTIGOS;0026;SEGUN CONSTANCIA DEJADA POR LOS JURADOS SE REALIZO RECONTEO POR SOLICITUD DE LOS TESTIGOS DE PACTO HISTORICO Y CENTRO DEMMOCRATICO;NO;NO;NO;NO;NO;NO;NO;NO;
21;MAGDALENA;001;SANTA MARTA;03;04;IEDPEDAG.DELCARIBESDCIUDADEQUIDAD;002;01;PRESIDENTE;NO;;;261;BUEN ESTADO;260;0;6;261;NO;;NO;;;;NO;NO;NO;NO;NO;NO;SI;NO;
21;MAGDALENA;001;SANTA MARTA;03;04;IEDPEDAG.DELCARIBESDCIUDADEQUIDAD;003;01;PRESIDENTE;NO;;;251;BUEN ESTADO;252;1;6;251;NO;;NO;;;;NO;NO;NO;NO;NO;NO;SI;NO;
21;MAGDALENA;001;SANTA MARTA;03;04;IEDPEDAG.DELCARIBESDCIUDADEQUIDAD;004;01;PRESIDENTE;NO;;;263;BUEN ESTADO;263;0;6;263;NO;;NO;;;;NO;NO;NO;NO;NO;NO;SI;NO;
21;MAGDALENA;001;SANTA MARTA;03;04;IEDPEDAG.DELCARIBESDCIUDADEQUIDAD;005;01;PRESIDENTE;NO;;;204;BUEN ESTADO;204;0;6;204;NO;;NO;;;;NO;NO;NO;NO;NO;NO;SI;NO;
21;MAGDALENA;001;SANTA MARTA;03;04;IEDPEDAG.DELCARIBESDCIUDADEQUIDAD;006;01;PRESIDENTE;NO;;;176;BUEN ESTADO;176;0;6;176;NO;;NO;;;;NO;NO;NO;NO;NO;NO;SI;NO;
21;MAGDALENA;001;SANTA MARTA;03;04;IEDPEDAG.DELCARIBESDCIUDADEQUIDAD;007;01;PRESIDENTE;NO;;;161;BUEN ESTADO;161;0;6;161;NO;;NO;;;;NO;NO;NO;NO;NO;NO;NO;NO;
21;MAGDALENA;001;SANTA MARTA;03;04;IEDPEDAG.DELCARIBESDCIUDADEQUIDAD;008;01;PRESIDENTE;NO;;;162;BUEN ESTADO;162;0;6;162;NO;;NO;;;;NO;NO;NO;NO;NO;NO;NO;NO;
21;MAGDALENA;001;SANTA MARTA;03;04;IEDPEDAG.DELCARIBESDCIUDADEQUIDAD;009;01;PRESIDENTE;NO;;;140;BUEN ESTADO;140;0;6;140;NO;;NO;;;;NO;NO;NO;NO;NO;NO;SI;NO;
21;MAGDALENA;001;SANTA MARTA;03;04;IEDPEDAG.DELCARIBESDCIUDADEQUIDAD;010;01;PRESIDENTE;NO;;;161;BUEN ESTADO;161;0;6;161;NO;;NO;;;;NO;NO;NO;NO;NO;NO;NO;NO;
21;MAGDALENA;001;SANTA MARTA;03;04;IEDPEDAG.DELCARIBESDCIUDADEQUIDAD;011;01;PRESIDENTE;NO;;;152;BUEN ESTADO;152;0;6;152;NO;;NO;;;;NO;NO;NO;NO;NO;NO;SI;NO;
21;MAGDALENA;001;SANTA MARTA;03;04;IEDPEDAG.DELCARIBESDCIUDADEQUIDAD;012;01;PRESIDENTE;NO;;;163;BUEN ESTADO;163;0;6;163;NO;;NO;;;;NO;NO;NO;NO;NO;NO;NO;NO;
21;MAGDALENA;001;SANTA MARTA;03;04;IEDPEDAG.DELCARIBESDCIUDADEQUIDAD;013;01;PRESIDENTE;NO;;;187;BUEN ESTADO;187;0;6;187;NO;;NO;;;;NO;NO;NO;NO;NO;NO;NO;NO;
21;MAGDALENA;001;SANTA MARTA;03;04;IEDPEDAG.DELCARIBESDCIUDADEQUIDAD;014;01;PRESIDENTE;NO;;;167;BUEN ESTADO;167;0;6;167;NO;;NO;;;;NO;NO;NO;NO;NO;NO;NO;NO;
21;MAGDALENA;001;SANTA MARTA;03;04;IEDPEDAG.DELCARIBESDCIUDADEQUIDAD;015;01;PRESIDENTE;NO;;;124;BUEN ESTADO;124;0;6;124;NO;;NO;;;;NO;NO;NO;NO;NO;NO;NO;NO;
21;MAGDALENA;001;SANTA MARTA;03;05;IEDSIMONRODRIGUEZSEDE01;001;01;PRESIDENTE;NO;;;300;BUEN ESTADO;300;1;6;300;NO;;NO;;;;NO;NO;NO;NO;NO;NO;SI;NO;
21;MAGDALENA;001;SANTA MARTA;03;05;IEDSIMONRODRIGUEZSEDE01;002;01;PRESIDENTE;NO;;;286;BUEN ESTADO;286;0;6;286;NO;;NO;;;;NO;NO;NO;NO;NO;NO;SI;NO;
21;MAGDALENA;001;SANTA MARTA;03;05;IEDSIMONRODRIGUEZSEDE01;003;01;PRESIDENTE;NO;;;214;BUEN ESTADO;214;0;6;214;NO;;NO;;;;NO;NO;NO;NO;NO;NO;NO;NO;
21;MAGDALENA;001;SANTA MARTA;03;05;IEDSIMONRODRIGUEZSEDE01;004;01;PRESIDENTE;NO;;;214;BUEN ESTADO;214;0;6;214;NO;;NO;;;;NO;NO;NO;NO;NO;NO;NO;NO;
21;MAGDALENA;001;SANTA MARTA;03;05;IEDSIMONRODRIGUEZSEDE01;005;01;PRESIDENTE;NO;;;10;BUEN ESTADO;10;0;6;10;NO;;NO;;;;NO;NO;NO;NO;NO;NO;NO;NO;
21;MAGDALENA;001;SANTA MARTA;04;01;I.E.D.HUGOJ.BERMUDEZ;001;01;PRESIDENTE;NO;;;183;BUEN ESTADO;183;0;6;183;NO;;NO;;;;NO;NO;NO;NO;NO;NO;NO;NO;
21;MAGDALENA;001;SANTA MARTA;04;01;I.E.D.HUGOJ.BERMUDEZ;002;01;PRESIDENTE;NO;;;188;BUEN ESTADO;188;0;6;188;NO;;NO;;;;NO;NO;NO;NO;NO;NO;NO;NO;
21;MAGDALENA;001;SANTA MARTA;04;01;I.E.D.HUGOJ.BERMUDEZ;003;01;PRESIDENTE;NO;;;235;BUEN ESTADO;235;0;6;235;NO;;NO;;;;NO;NO;NO;NO;NO;NO;NO;NO;
21;MAGDALENA;001;SANTA MARTA;04;01;I.E.D.HUGOJ.BERMUDEZ;004;01;PRESIDENTE;NO;;;222;BUEN ESTADO;0;0;0;0;NO;;NO;;;;NO;NO;NO;NO;NO;SI;NO;NO;
21;MAGDALENA;001;SANTA MARTA;04;01;I.E.D.HUGOJ.BERMUDEZ;005;01;PRESIDENTE;NO;;;188;BUEN ESTADO;188;0;6;188;NO;;NO;;;;NO;NO;NO;NO;NO;NO;NO;NO;
21;MAGDALENA;001;SANTA MARTA;04;01;I.E.D.HUGOJ.BERMUDEZ;006;01;PRESIDENTE;NO;;;192;BUEN ESTADO;192;0;6;192;NO;;NO;;;;NO;NO;NO;NO;NO;NO;NO;NO;
21;MAGDALENA;001;SANTA MARTA;04;01;I.E.D.HUGOJ.BERMUDEZ;007;01;PRESIDENTE;NO;;;218;BUEN ESTADO;218;0;6;218;NO;;NO;;;;NO;NO;NO;NO;NO;NO;NO;NO;
21;MAGDALENA;001;SANTA MARTA;04;01;I.E.D.HUGOJ.BERMUDEZ;008;01;PRESIDENTE;NO;;;241;BUEN ESTADO;241;0;6;241;NO;;NO;;;;NO;NO;NO;NO;NO;NO;NO;NO;
21;MAGDALENA;001;SANTA MARTA;04;01;I.E.D.HUGOJ.BERMUDEZ;009;01;PRESIDENTE;NO;;;223;BUEN ESTADO;223;0;6;223;NO;;NO;;;;NO;NO;NO;NO;NO;NO;NO;NO;
21;MAGDALENA;001;SANTA MARTA;04;01;I.E.D.HUGOJ.BERMUDEZ;010;01;PRESIDENTE;NO;;;221;BUEN ESTADO;221;0;6;221;NO;;NO;;;;NO;NO;NO;NO;NO;NO;NO;NO;
21;MAGDALENA;001;SANTA MARTA;04;01;I.E.D.HUGOJ.BERMUDEZ;011;01;PRESIDENTE;NO;;;240;BUEN ESTADO;240;0;6;240;NO;;NO;;;;NO;NO;NO;NO;NO;NO;SI;NO;
21;MAGDALENA;001;SANTA MARTA;04;01;I.E.D.HUGOJ.BERMUDEZ;012;01;PRESIDENTE;NO;;;191;BUEN ESTADO;191;0;6;191;NO;;NO;;;;NO;NO;NO;NO;NO;NO;NO;NO;
21;MAGDALENA;001;SANTA MARTA;04;01;I.E.D.HUGOJ.BERMUDEZ;013;01;PRESIDENTE;NO;;;138;BUEN ESTADO;138;0;6;138;NO;;NO;;;;NO;NO;NO;NO;NO;NO;NO;NO;
21;MAGDALENA;001;SANTA MARTA;04;01;I.E.D.HUGOJ.BERMUDEZ;014;01;PRESIDENTE;NO;;;137;BUEN ESTADO;137;0;6;137;NO;;NO;;;;NO;NO;NO;NO;NO;NO;NO;NO;
21;MAGDALENA;001;SANTA MARTA;04;01;I.E.D.HUGOJ.BERMUDEZ;015;01;PRESIDENTE;NO;;;144;BUEN ESTADO;144;0;6;144;NO;;NO;;;;NO;NO;NO;NO;NO;NO;NO;NO;
21;MAGDALENA;001;SANTA MARTA;04;01;I.E.D.HUGOJ.BERMUDEZ;016;01;PRESIDENTE;NO;;;147;BUEN ESTADO;147;0;5;147;NO;;NO;;;;NO;NO;NO;NO;NO;NO;NO;NO;
21;MAGDALENA;001;SANTA MARTA;04;01;I.E.D.HUGOJ.BERMUDEZ;017;01;PRESIDENTE;NO;;;155;BUEN ESTADO;155;0;6;155;NO;;NO;;;;NO;NO;NO;NO;NO;NO;NO;NO;
21;MAGDALENA;001;SANTA MARTA;04;01;I.E.D.HUGOJ.BERMUDEZ;018;01;PRESIDENTE;NO;;;136;BUEN ESTADO;136;0;6;136;NO;;NO;;;;NO;NO;NO;NO;NO;NO;NO;NO;
21;MAGDALENA;001;SANTA MARTA;04;01;I.E.D.HUGOJ.BERMUDEZ;019;01;PRESIDENTE;NO;;;126;BUEN ESTADO;126;0;6;126;NO;;NO;;;;NO;NO;NO;NO;NO;NO;SI;NO;
21;MAGDALENA;001;SANTA MARTA;04;01;I.E.D.HUGOJ.BERMUDEZ;020;01;PRESIDENTE;NO;;;149;BUEN ESTADO;149;0;6;149;NO;;NO;;;;NO;NO;NO;NO;NO;NO;NO;NO;
21;MAGDALENA;001;SANTA MARTA;04;01;I.E.D.HUGOJ.BERMUDEZ;021;01;PRESIDENTE;NO;;;155;BUEN ESTADO;155;0;6;155;NO;;NO;;;;NO;NO;NO;NO;NO;NO;NO;NO;
21;MAGDALENA;001;SANTA MARTA;04;01;I.E.D.HUGOJ.BERMUDEZ;022;01;PRESIDENTE;NO;;;134;BUEN ESTADO;134;0;6;134;NO;;NO;;;;NO;NO;NO;NO;NO;NO;NO;NO;
21;MAGDALENA;001;SANTA MARTA;04;01;I.E.D.HUGOJ.BERMUDEZ;023;01;PRESIDENTE;NO;;;49;BUEN ESTADO;49;0;4;49;NO;;NO;;;;NO;NO;NO;NO;NO;NO;NO;NO;
21;MAGDALENA;001;SANTA MARTA;04;02;I.E.D.HUGOJ.BERMUDEZS.LA.ESP;001;01;PRESIDENTE;NO;;;208;BUEN ESTADO;208;0;6;208;NO;;NO;;;;NO;NO;NO;NO;NO;NO;SI;NO;
21;MAGDALENA;001;SANTA MARTA;04;02;I.E.D.HUGOJ.BERMUDEZS.LA.ESP;002;01;PRESIDENTE;NO;;;132;BUEN ESTADO;132;0;6;132;NO;;NO;;;;NO;NO;NO;NO;NO;NO;NO;NO;
21;MAGDALENA;001;SANTA MARTA;04;02;I.E.D.HUGOJ.BERMUDEZS.LA.ESP;003;01;PRESIDENTE;NO;;;184;BUEN ESTADO;184;0;6;184;NO;;NO;;;;NO;NO;NO;NO;NO;NO;NO;NO;
21;MAGDALENA;001;SANTA MARTA;04;02;I.E.D.HUGOJ.BERMUDEZS.LA.ESP;004;01;PRESIDENTE;NO;;;198;BUEN ESTADO;198;0;6;198;NO;;NO;;;;NO;NO;NO;NO;NO;NO;SI;NO;
21;MAGDALENA;001;SANTA MARTA;04;02;I.E.D.HUGOJ.BERMUDEZS.LA.ESP;005;01;PRESIDENTE;NO;;;133;BUEN ESTADO;133;0;6;133;NO;;NO;;;;NO;NO;NO;NO;NO;NO;SI;NO;
21;MAGDALENA;001;SANTA MARTA;04;02;I.E.D.HUGOJ.BERMUDEZS.LA.ESP;006;01;PRESIDENTE;NO;;;95;BUEN ESTADO;95;0;6;95;NO;;NO;;;;NO;NO;NO;NO;NO;NO;NO;NO;
21;MAGDALENA;001;SANTA MARTA;04;02;I.E.D.HUGOJ.BERMUDEZS.LA.ESP;007;01;PRESIDENTE;NO;;;128;BUEN ESTADO;128;0;6;128;NO;;NO;;;;NO;NO;NO;NO;NO;NO;NO;NO;
21;MAGDALENA;001;SANTA MARTA;04;02;I.E.D.HUGOJ.BERMUDEZS.LA.ESP;008;01;PRESIDENTE;NO;;;142;BUEN ESTADO;142;0;6;142;NO;;NO;;;;NO;NO;NO;NO;NO;NO;SI;NO;
21;MAGDALENA;001;SANTA MARTA;04;02;I.E.D.HUGOJ.BERMUDEZS.LA.ESP;009;01;PRESIDENTE;NO;;;128;BUEN ESTADO;128;0;6;128;NO;;NO;;;;NO;NO;NO;NO;NO;NO;SI;NO;
21;MAGDALENA;001;SANTA MARTA;04;02;I.E.D.HUGOJ.BERMUDEZS.LA.ESP;010;01;PRESIDENTE;NO;;;123;BUEN ESTADO;123;0;6;123;NO;;NO;;;;NO;NO;NO;NO;NO;NO;NO;NO;
21;MAGDALENA;001;SANTA MARTA;04;02;I.E.D.HUGOJ.BERMUDEZS.LA.ESP;011;01;PRESIDENTE;NO;;;144;BUEN ESTADO;144;0;6;144;NO;;NO;;;;NO;NO;NO;NO;NO;NO;NO;NO;
21;MAGDALENA;001;SANTA MARTA;04;02;I.E.D.HUGOJ.BERMUDEZS.LA.ESP;012;01;PRESIDENTE;NO;;;135;BUEN ESTADO;135;0;6;135;NO;;NO;;;;NO;NO;NO;NO;NO;NO;SI;NO;
21;MAGDALENA;001;SANTA MARTA;04;02;I.E.D.HUGOJ.BERMUDEZS.LA.ESP;013;01;PRESIDENTE;NO;;;132;BUEN ESTADO;132;0;6;132;NO;;NO;;;;NO;NO;NO;NO;NO;NO;NO;NO;
21;MAGDALENA;001;SANTA MARTA;04;02;I.E.D.HUGOJ.BERMUDEZS.LA.ESP;014;01;PRESIDENTE;NO;;;109;BUEN ESTADO;109;0;6;109;NO;;NO;;;;NO;NO;NO;NO;NO;NO;NO;NO;
21;MAGDALENA;001;SANTA MARTA;04;02;I.E.D.HUGOJ.BERMUDEZS.LA.ESP;015;01;PRESIDENTE;NO;;;114;BUEN ESTADO;114;0;6;114;NO;;NO;;;;NO;NO;NO;NO;NO;NO;NO;NO;
21;MAGDALENA;001;SANTA MARTA;04;02;I.E.D.HUGOJ.BERMUDEZS.LA.ESP;016;01;PRESIDENTE;NO;;;108;BUEN ESTADO;108;0;6;108;NO;;NO;;;;NO;NO;NO;NO;NO;NO;NO;NO;
21;MAGDALENA;001;SANTA MARTA;04;02;I.E.D.HUGOJ.BERMUDEZS.LA.ESP;017;01;PRESIDENTE;NO;;;71;BUEN ESTADO;71;0;6;71;NO;;NO;;;;NO;NO;NO;NO;NO;NO;NO;NO;
21;MAGDALENA;001;SANTA MARTA;04;02;I.E.D.HUGOJ.BERMUDEZS.LA.ESP;018;01;PRESIDENTE;NO;;;58;BUEN ESTADO;58;0;6;58;NO;;NO;;;;NO;NO;NO;NO;NO;NO;NO;NO;
21;MAGDALENA;001;SANTA MARTA;04;03;I.E.D.LICEOSAMARIO;001;01;PRESIDENTE;NO;;;214;BUEN ESTADO;214;0;6;214;NO;;NO;;;;NO;NO;NO;NO;NO;NO;NO;NO;
21;MAGDALENA;001;SANTA MARTA;04;03;I.E.D.LICEOSAMARIO;002;01;PRESIDENTE;NO;;;240;BUEN ESTADO;240;0;6;240;NO;;NO;;;;NO;NO;NO;NO;NO;NO;SI;NO;
21;MAGDALENA;001;SANTA MARTA;04;03;I.E.D.LICEOSAMARIO;003;01;PRESIDENTE;NO;;;255;BUEN ESTADO;255;0;6;255;NO;;NO;;;;NO;NO;NO;NO;NO;NO;NO;NO;
21;MAGDALENA;001;SANTA MARTA;04;03;I.E.D.LICEOSAMARIO;004;01;PRESIDENTE;NO;;;259;BUEN ESTADO;259;0;6;259;NO;;NO;;;;NO;NO;NO;NO;NO;NO;SI;NO;
21;MAGDALENA;001;SANTA MARTA;04;03;I.E.D.LICEOSAMARIO;005;01;PRESIDENTE;NO;;;264;BUEN ESTADO;264;0;6;264;NO;;NO;;;;NO;NO;NO;NO;NO;NO;NO;NO;
21;MAGDALENA;001;SANTA MARTA;04;03;I.E.D.LICEOSAMARIO;006;01;PRESIDENTE;NO;;;198;BUEN ESTADO;198;0;6;198;NO;;NO;;;;NO;NO;NO;NO;NO;NO;NO;NO;
21;MAGDALENA;001;SANTA MARTA;04;03;I.E.D.LICEOSAMARIO;007;01;PRESIDENTE;NO;;;199;BUEN ESTADO;199;0;6;199;SI;EL TOTAL DE VOTANTES EN EL FORMULARIO E11 ES 199 AUNQUE LOS JURADOS REGISTRARON EN EL E14 360;NO;;;;NO;NO;NO;NO;NO;NO;NO;NO;
21;MAGDALENA;001;SANTA MARTA;04;03;I.E.D.LICEOSAMARIO;008;01;PRESIDENTE;NO;;;239;BUEN ESTADO;239;0;5;239;NO;;NO;;;;NO;NO;NO;NO;NO;NO;SI;NO;
21;MAGDALENA;001;SANTA MARTA;04;03;I.E.D.LICEOSAMARIO;009;01;PRESIDENTE;NO;;;253;BUEN ESTADO;253;0;6;253;SI;EN LA MESA LOS JURADOS DE VOTACION NO TOTALIZARON LOS VOTOS EN EL E11 , SE PROCEDIO A HACER CONTEO DE FIRMAS Y HUELLAS ARROJANDO UN TOTAL DE 253 SUFRAGANTES QUE COINCIDEN CON EL E14;NO;;;;NO;NO;NO;NO;NO;NO;NO;NO;
21;MAGDALENA;001;SANTA MARTA;04;03;I.E.D.LICEOSAMARIO;010;01;PRESIDENTE;NO;;;263;BUEN ESTADO;263;0;6;263;NO;;NO;;;;NO;NO;NO;NO;NO;NO;NO;NO;
21;MAGDALENA;001;SANTA MARTA;04;03;I.E.D.LICEOSAMARIO;011;01;PRESIDENTE;NO;;;262;BUEN ESTADO;262;0;6;262;NO;;NO;;;;NO;NO;NO;NO;NO;NO;NO;NO;
21;MAGDALENA;001;SANTA MARTA;04;03;I.E.D.LICEOSAMARIO;012;01;PRESIDENTE;NO;;;233;BUEN ESTADO;233;0;6;233;NO;;NO;;;;NO;NO;NO;NO;NO;NO;SI;NO;
21;MAGDALENA;001;SANTA MARTA;04;03;I.E.D.LICEOSAMARIO;013;01;PRESIDENTE;NO;;;263;BUEN ESTADO;263;0;6;263;NO;;NO;;;;NO;NO;NO;NO;NO;NO;SI;NO;
21;MAGDALENA;001;SANTA MARTA;04;03;I.E.D.LICEOSAMARIO;014;01;PRESIDENTE;NO;;;252;BUEN ESTADO;252;0;6;252;NO;;NO;;;;NO;NO;NO;NO;NO;NO;NO;NO;
21;MAGDALENA;001;SANTA MARTA;04;03;I.E.D.LICEOSAMARIO;015;01;PRESIDENTE;NO;;;140;BUEN ESTADO;140;0;6;140;NO;;NO;;;;NO;NO;NO;NO;NO;NO;NO;NO;
21;MAGDALENA;001;SANTA MARTA;04;03;I.E.D.LICEOSAMARIO;016;01;PRESIDENTE;NO;;;140;BUEN ESTADO;140;0;6;140;NO;;NO;;;;NO;NO;NO;NO;NO;NO;NO;NO;
21;MAGDALENA;001;SANTA MARTA;04;03;I.E.D.LICEOSAMARIO;017;01;PRESIDENTE;NO;;;160;BUEN ESTADO;160;0;6;160;NO;;NO;;;;NO;NO;NO;NO;NO;NO;SI;NO;
21;MAGDALENA;001;SANTA MARTA;04;03;I.E.D.LICEOSAMARIO;018;01;PRESIDENTE;NO;;;176;BUEN ESTADO;176;0;6;176;NO;;NO;;;;NO;NO;NO;NO;NO;NO;NO;NO;
21;MAGDALENA;001;SANTA MARTA;04;03;I.E.D.LICEOSAMARIO;019;01;PRESIDENTE;NO;;;185;BUEN ESTADO;185;0;6;185;NO;;NO;;;;NO;NO;NO;NO;NO;NO;NO;NO;
21;MAGDALENA;001;SANTA MARTA;04;03;I.E.D.LICEOSAMARIO;020;01;PRESIDENTE;NO;;;148;BUEN ESTADO;149;1;6;148;NO;;NO;;;;NO;NO;NO;NO;NO;NO;SI;NO;
21;MAGDALENA;001;SANTA MARTA;04;03;I.E.D.LICEOSAMARIO;021;01;PRESIDENTE;NO;;;51;BUEN ESTADO;51;0;6;51;NO;;NO;;;;NO;NO;NO;NO;NO;NO;NO;NO;
21;MAGDALENA;001;SANTA MARTA;04;04;IEDANTONIONARIÑOSEDE1;001;01;PRESIDENTE;NO;;;296;BUEN ESTADO;296;0;6;296;NO;;NO;;;;NO;NO;NO;NO;NO;NO;NO;NO;
21;MAGDALENA;001;SANTA MARTA;04;04;IEDANTONIONARIÑOSEDE1;002;01;PRESIDENTE;NO;;;302;BUEN ESTADO;302;0;6;302;NO;;NO;;;;NO;NO;NO;NO;NO;NO;NO;NO;
21;MAGDALENA;001;SANTA MARTA;04;04;IEDANTONIONARIÑOSEDE1;003;01;PRESIDENTE;NO;;;177;BUEN ESTADO;177;0;6;177;NO;;NO;;;;NO;NO;NO;NO;NO;NO;NO;NO;
21;MAGDALENA;001;SANTA MARTA;04;04;IEDANTONIONARIÑOSEDE1;004;01;PRESIDENTE;NO;;;142;BUEN ESTADO;142;0;6;142;NO;;NO;;;;NO;NO;NO;NO;NO;NO;SI;NO;
21;MAGDALENA;001;SANTA MARTA;04;04;IEDANTONIONARIÑOSEDE1;005;01;PRESIDENTE;NO;;;148;BUEN ESTADO;148;0;6;148;NO;;NO;;;;NO;NO;NO;NO;NO;NO;NO;NO;
21;MAGDALENA;001;SANTA MARTA;04;04;IEDANTONIONARIÑOSEDE1;006;01;PRESIDENTE;NO;;;152;BUEN ESTADO;152;0;6;152;NO;;NO;;;;NO;NO;NO;NO;NO;NO;NO;NO;
21;MAGDALENA;001;SANTA MARTA;04;04;IEDANTONIONARIÑOSEDE1;007;01;PRESIDENTE;NO;;;140;BUEN ESTADO;140;0;6;140;NO;;NO;;;;NO;NO;NO;NO;NO;NO;NO;NO;
21;MAGDALENA;001;SANTA MARTA;04;04;IEDANTONIONARIÑOSEDE1;008;01;PRESIDENTE;NO;;;8;BUEN ESTADO;8;0;6;8;NO;;NO;;;;NO;NO;NO;NO;NO;NO;NO;NO;
21;MAGDALENA;001;SANTA MARTA;05;01;LICEOSAMARIOSD.2BAV.BOSTON;001;01;PRESIDENTE;NO;;;265;BUEN ESTADO;265;0;6;265;NO;;NO;;;;NO;NO;NO;NO;NO;NO;SI;NO;
21;MAGDALENA;001;SANTA MARTA;05;01;LICEOSAMARIOSD.2BAV.BOSTON;002;01;PRESIDENTE;NO;;;241;BUEN ESTADO;241;0;6;241;NO;;NO;;;;NO;NO;NO;NO;NO;NO;NO;NO;
21;MAGDALENA;001;SANTA MARTA;05;01;LICEOSAMARIOSD.2BAV.BOSTON;003;01;PRESIDENTE;NO;;;258;BUEN ESTADO;258;0;6;258;NO;;NO;;;;NO;NO;NO;NO;NO;NO;SI;NO;
21;MAGDALENA;001;SANTA MARTA;05;01;LICEOSAMARIOSD.2BAV.BOSTON;004;01;PRESIDENTE;NO;;;235;BUEN ESTADO;234;1;6;235;NO;;NO;;;;NO;NO;NO;NO;NO;NO;NO;NO;
21;MAGDALENA;001;SANTA MARTA;05;01;LICEOSAMARIOSD.2BAV.BOSTON;005;01;PRESIDENTE;NO;;;228;BUEN ESTADO;228;0;6;228;NO;;NO;;;;NO;NO;NO;NO;NO;NO;SI;NO;
21;MAGDALENA;001;SANTA MARTA;05;01;LICEOSAMARIOSD.2BAV.BOSTON;006;01;PRESIDENTE;NO;;;243;BUEN ESTADO;243;0;6;243;NO;;NO;;;;NO;NO;NO;NO;NO;NO;SI;NO;
21;MAGDALENA;001;SANTA MARTA;05;01;LICEOSAMARIOSD.2BAV.BOSTON;007;01;PRESIDENTE;NO;;;239;BUEN ESTADO;239;0;6;239;NO;;NO;;;;NO;NO;NO;NO;NO;NO;SI;NO;
21;MAGDALENA;001;SANTA MARTA;05;01;LICEOSAMARIOSD.2BAV.BOSTON;008;01;PRESIDENTE;NO;;;224;BUEN ESTADO;224;0;6;224;NO;;NO;;;;NO;NO;NO;NO;NO;NO;NO;NO;
21;MAGDALENA;001;SANTA MARTA;05;01;LICEOSAMARIOSD.2BAV.BOSTON;009;01;PRESIDENTE;NO;;;157;BUEN ESTADO;157;0;6;157;NO;;NO;;;;NO;NO;NO;NO;NO;NO;SI;NO;
21;MAGDALENA;001;SANTA MARTA;05;01;LICEOSAMARIOSD.2BAV.BOSTON;010;01;PRESIDENTE;NO;;;156;BUEN ESTADO;156;0;5;156;NO;;NO;;;;NO;NO;NO;NO;NO;NO;NO;NO;
21;MAGDALENA;001;SANTA MARTA;05;01;LICEOSAMARIOSD.2BAV.BOSTON;011;01;PRESIDENTE;NO;;;187;BUEN ESTADO;187;0;6;187;NO;;NO;;;;NO;NO;NO;NO;NO;NO;SI;NO;
21;MAGDALENA;001;SANTA MARTA;05;01;LICEOSAMARIOSD.2BAV.BOSTON;012;01;PRESIDENTE;NO;;;191;BUEN ESTADO;191;0;5;191;NO;;NO;;;;NO;NO;NO;NO;NO;NO;SI;NO;
21;MAGDALENA;001;SANTA MARTA;05;01;LICEOSAMARIOSD.2BAV.BOSTON;013;01;PRESIDENTE;NO;;;180;BUEN ESTADO;180;0;6;180;NO;;NO;;;;NO;NO;NO;NO;NO;NO;NO;NO;
21;MAGDALENA;001;SANTA MARTA;05;01;LICEOSAMARIOSD.2BAV.BOSTON;014;01;PRESIDENTE;NO;;;142;BUEN ESTADO;142;0;6;142;NO;;NO;;;;NO;NO;NO;NO;NO;NO;NO;NO;
21;MAGDALENA;001;SANTA MARTA;05;01;LICEOSAMARIOSD.2BAV.BOSTON;015;01;PRESIDENTE;NO;;;144;BUEN ESTADO;144;0;6;144;NO;;NO;;;;NO;NO;NO;NO;NO;NO;NO;NO;
21;MAGDALENA;001;SANTA MARTA;05;01;LICEOSAMARIOSD.2BAV.BOSTON;016;01;PRESIDENTE;NO;;;31;BUEN ESTADO;31;0;6;31;NO;;NO;;;;NO;NO;NO;NO;NO;NO;NO;NO;
21;MAGDALENA;001;SANTA MARTA;05;02;IEDLICEOCELEDON;001;01;PRESIDENTE;NO;;;220;BUEN ESTADO;220;0;6;220;NO;;NO;;;;NO;NO;NO;NO;NO;NO;SI;NO;
21;MAGDALENA;001;SANTA MARTA;05;02;IEDLICEOCELEDON;002;01;PRESIDENTE;NO;;;255;BUEN ESTADO;255;0;6;255;SI;SE DEJA CONSTANCIA QUE LOS JURADOS EN TOTAL VOTOS EN URNA COLOCARON 253 Y AL REALIZAR EL CONTEO TOTALIZADO DA 255;NO;;;;NO;NO;NO;NO;NO;NO;NO;NO;
21;MAGDALENA;001;SANTA MARTA;05;02;IEDLICEOCELEDON;003;01;PRESIDENTE;NO;;;153;BUEN ESTADO;153;1;6;153;NO;;NO;;;;NO;NO;NO;NO;NO;NO;SI;NO;
21;MAGDALENA;001;SANTA MARTA;05;02;IEDLICEOCELEDON;004;01;PRESIDENTE;NO;;;166;BUEN ESTADO;166;0;6;166;NO;;NO;;;;NO;NO;NO;NO;NO;NO;NO;NO;
21;MAGDALENA;001;SANTA MARTA;05;02;IEDLICEOCELEDON;005;01;PRESIDENTE;NO;;;164;BUEN ESTADO;164;0;6;164;NO;;NO;;;;NO;NO;NO;NO;NO;NO;NO;NO;
21;MAGDALENA;001;SANTA MARTA;05;02;IEDLICEOCELEDON;006;01;PRESIDENTE;NO;;;175;BUEN ESTADO;175;0;6;175;NO;;NO;;;;NO;NO;NO;NO;NO;NO;NO;NO;
21;MAGDALENA;001;SANTA MARTA;05;02;IEDLICEOCELEDON;007;01;PRESIDENTE;NO;;;204;BUEN ESTADO;204;0;6;204;NO;;NO;;;;NO;NO;NO;NO;NO;NO;NO;NO;
21;MAGDALENA;001;SANTA MARTA;05;02;IEDLICEOCELEDON;008;01;PRESIDENTE;NO;;;214;BUEN ESTADO;213;0;6;214;NO;;NO;;;;NO;NO;NO;NO;NO;NO;SI;NO;
21;MAGDALENA;001;SANTA MARTA;05;02;IEDLICEOCELEDON;009;01;PRESIDENTE;NO;;;203;BUEN ESTADO;203;0;6;203;NO;;NO;;;;NO;NO;NO;NO;NO;NO;NO;NO;
21;MAGDALENA;001;SANTA MARTA;05;02;IEDLICEOCELEDON;010;01;PRESIDENTE;NO;;;212;BUEN ESTADO;212;0;6;212;NO;;NO;;;;NO;NO;NO;NO;NO;NO;NO;NO;
21;MAGDALENA;001;SANTA MARTA;05;02;IEDLICEOCELEDON;011;01;PRESIDENTE;NO;;;176;BUEN ESTADO;176;0;6;176;NO;;NO;;;;NO;NO;NO;NO;NO;NO;NO;NO;
21;MAGDALENA;001;SANTA MARTA;05;02;IEDLICEOCELEDON;012;01;PRESIDENTE;NO;;;176;BUEN ESTADO;176;0;6;176;NO;;NO;;;;NO;NO;NO;NO;NO;NO;SI;NO;
21;MAGDALENA;001;SANTA MARTA;05;02;IEDLICEOCELEDON;013;01;PRESIDENTE;NO;;;194;BUEN ESTADO;194;0;6;194;NO;;NO;;;;NO;NO;NO;NO;NO;NO;NO;NO;
21;MAGDALENA;001;SANTA MARTA;05;02;IEDLICEOCELEDON;014;01;PRESIDENTE;NO;;;180;BUEN ESTADO;180;0;6;180;NO;;NO;;;;NO;NO;NO;NO;NO;NO;NO;NO;
21;MAGDALENA;001;SANTA MARTA;05;02;IEDLICEOCELEDON;015;01;PRESIDENTE;NO;;;150;BUEN ESTADO;150;0;6;150;NO;;NO;;;;NO;NO;NO;NO;NO;NO;SI;NO;
21;MAGDALENA;001;SANTA MARTA;05;02;IEDLICEOCELEDON;016;01;PRESIDENTE;NO;;;169;BUEN ESTADO;169;0;6;169;NO;;NO;;;;NO;NO;NO;NO;NO;NO;SI;NO;
21;MAGDALENA;001;SANTA MARTA;05;02;IEDLICEOCELEDON;017;01;PRESIDENTE;NO;;;154;BUEN ESTADO;154;0;6;154;NO;;NO;;;;NO;NO;NO;NO;NO;NO;NO;NO;
21;MAGDALENA;001;SANTA MARTA;05;02;IEDLICEOCELEDON;018;01;PRESIDENTE;NO;;;158;BUEN ESTADO;158;0;6;158;NO;;NO;;;;NO;NO;NO;NO;NO;NO;NO;NO;
21;MAGDALENA;001;SANTA MARTA;05;02;IEDLICEOCELEDON;019;01;PRESIDENTE;NO;;;195;BUEN ESTADO;195;0;6;195;NO;;NO;;;;NO;NO;NO;NO;NO;NO;NO;NO;
21;MAGDALENA;001;SANTA MARTA;05;02;IEDLICEOCELEDON;020;01;PRESIDENTE;NO;;;144;BUEN ESTADO;144;0;6;144;NO;;NO;;;;NO;NO;NO;NO;NO;NO;SI;NO;
21;MAGDALENA;001;SANTA MARTA;05;02;IEDLICEOCELEDON;021;01;PRESIDENTE;NO;;;134;BUEN ESTADO;134;0;6;134;NO;;NO;;;;NO;NO;NO;NO;NO;NO;NO;NO;
21;MAGDALENA;001;SANTA MARTA;05;02;IEDLICEOCELEDON;022;01;PRESIDENTE;NO;;;151;BUEN ESTADO;151;0;6;151;NO;;NO;;;;NO;NO;NO;NO;NO;NO;NO;NO;
21;MAGDALENA;001;SANTA MARTA;05;02;IEDLICEOCELEDON;023;01;PRESIDENTE;NO;;;136;BUEN ESTADO;136;0;6;136;NO;;NO;;;;NO;NO;NO;NO;NO;NO;NO;NO;
21;MAGDALENA;001;SANTA MARTA;05;02;IEDLICEOCELEDON;024;01;PRESIDENTE;NO;;;116;BUEN ESTADO;116;0;6;116;NO;;NO;;;;NO;NO;NO;NO;NO;NO;NO;NO;
21;MAGDALENA;001;SANTA MARTA;05;02;IEDLICEOCELEDON;025;01;PRESIDENTE;NO;;;107;BUEN ESTADO;107;0;6;107;NO;;NO;;;;NO;NO;NO;NO;NO;NO;NO;NO;
21;MAGDALENA;001;SANTA MARTA;05;02;IEDLICEOCELEDON;026;01;PRESIDENTE;NO;;;148;BUEN ESTADO;148;0;6;148;NO;;NO;;;;NO;NO;NO;NO;NO;NO;NO;NO;
21;MAGDALENA;001;SANTA MARTA;05;02;IEDLICEOCELEDON;027;01;PRESIDENTE;NO;;;88;BUEN ESTADO;88;0;6;88;NO;;NO;;;;NO;NO;NO;NO;NO;NO;NO;NO;
21;MAGDALENA;001;SANTA MARTA;05;03;IEDLAINDUSTRIAL;001;01;PRESIDENTE;NO;;;249;BUEN ESTADO;249;0;6;249;NO;;NO;;;;NO;NO;NO;NO;NO;NO;SI;NO;
21;MAGDALENA;001;SANTA MARTA;05;03;IEDLAINDUSTRIAL;002;01;PRESIDENTE;NO;;;172;BUEN ESTADO;172;0;6;172;NO;;NO;;;;NO;NO;NO;NO;NO;NO;SI;NO;
21;MAGDALENA;001;SANTA MARTA;05;03;IEDLAINDUSTRIAL;003;01;PRESIDENTE;NO;;;225;BUEN ESTADO;225;0;6;225;NO;;NO;;;;NO;NO;NO;NO;NO;NO;SI;NO;
21;MAGDALENA;001;SANTA MARTA;05;03;IEDLAINDUSTRIAL;004;01;PRESIDENTE;NO;;;167;BUEN ESTADO;167;0;6;167;NO;;NO;;;;NO;NO;NO;NO;NO;NO;SI;NO;
21;MAGDALENA;001;SANTA MARTA;05;03;IEDLAINDUSTRIAL;005;01;PRESIDENTE;NO;;;158;BUEN ESTADO;158;0;6;158;NO;;NO;;;;NO;NO;NO;NO;NO;NO;NO;NO;
21;MAGDALENA;001;SANTA MARTA;05;03;IEDLAINDUSTRIAL;006;01;PRESIDENTE;NO;;;95;BUEN ESTADO;95;0;6;95;NO;;NO;;;;NO;NO;NO;NO;NO;NO;NO;NO;
21;MAGDALENA;001;SANTA MARTA;05;03;IEDLAINDUSTRIAL;007;01;PRESIDENTE;NO;;;101;BUEN ESTADO;101;0;6;101;NO;;NO;;;;NO;NO;NO;NO;NO;NO;NO;NO;
21;MAGDALENA;001;SANTA MARTA;05;03;IEDLAINDUSTRIAL;008;01;PRESIDENTE;NO;;;144;BUEN ESTADO;144;0;6;144;NO;;NO;;;;NO;NO;NO;NO;NO;NO;SI;NO;
21;MAGDALENA;001;SANTA MARTA;05;03;IEDLAINDUSTRIAL;009;01;PRESIDENTE;NO;;;144;BUEN ESTADO;144;0;6;144;NO;;NO;;;;NO;NO;NO;NO;NO;NO;SI;NO;
21;MAGDALENA;001;SANTA MARTA;05;03;IEDLAINDUSTRIAL;010;01;PRESIDENTE;NO;;;140;BUEN ESTADO;140;0;6;140;NO;;NO;;;;NO;NO;NO;NO;NO;NO;SI;NO;
21;MAGDALENA;001;SANTA MARTA;05;03;IEDLAINDUSTRIAL;011;01;PRESIDENTE;NO;;;152;BUEN ESTADO;152;0;6;152;NO;;NO;;;;NO;NO;NO;NO;NO;NO;SI;NO;
21;MAGDALENA;001;SANTA MARTA;05;03;IEDLAINDUSTRIAL;012;01;PRESIDENTE;NO;;;150;BUEN ESTADO;150;0;6;150;NO;;NO;;;;NO;NO;NO;NO;NO;NO;NO;NO;
21;MAGDALENA;001;SANTA MARTA;05;03;IEDLAINDUSTRIAL;013;01;PRESIDENTE;NO;;;154;BUEN ESTADO;154;0;6;154;NO;;NO;;;;NO;NO;NO;NO;NO;NO;SI;NO;
21;MAGDALENA;001;SANTA MARTA;05;03;IEDLAINDUSTRIAL;014;01;PRESIDENTE;NO;;;147;BUEN ESTADO;147;0;6;147;NO;;NO;;;;NO;NO;NO;NO;NO;NO;SI;NO;
21;MAGDALENA;001;SANTA MARTA;05;03;IEDLAINDUSTRIAL;015;01;PRESIDENTE;NO;;;155;BUEN ESTADO;155;0;6;155;NO;;NO;;;;NO;NO;NO;NO;NO;NO;NO;NO;
21;MAGDALENA;001;SANTA MARTA;05;03;IEDLAINDUSTRIAL;016;01;PRESIDENTE;NO;;;136;BUEN ESTADO;136;0;6;136;NO;;NO;;;;NO;NO;NO;NO;NO;NO;NO;NO;
21;MAGDALENA;001;SANTA MARTA;05;03;IEDLAINDUSTRIAL;017;01;PRESIDENTE;NO;;;130;BUEN ESTADO;130;0;6;130;NO;;NO;;;;NO;NO;NO;NO;NO;NO;SI;NO;
21;MAGDALENA;001;SANTA MARTA;05;03;IEDLAINDUSTRIAL;018;01;PRESIDENTE;NO;;;139;BUEN ESTADO;139;0;6;139;NO;;NO;;;;NO;NO;NO;NO;NO;NO;NO;NO;
21;MAGDALENA;001;SANTA MARTA;05;03;IEDLAINDUSTRIAL;019;01;PRESIDENTE;NO;;;132;BUEN ESTADO;131;1;6;132;NO;;NO;;;;NO;NO;NO;NO;NO;NO;SI;NO;
21;MAGDALENA;001;SANTA MARTA;05;03;IEDLAINDUSTRIAL;020;01;PRESIDENTE;NO;;;128;BUEN ESTADO;128;0;6;128;NO;;NO;;;;NO;NO;NO;NO;NO;NO;NO;NO;
21;MAGDALENA;001;SANTA MARTA;05;03;IEDLAINDUSTRIAL;021;01;PRESIDENTE;NO;;;141;BUEN ESTADO;141;0;6;141;NO;;NO;;;;NO;NO;NO;NO;NO;NO;NO;NO;
21;MAGDALENA;001;SANTA MARTA;05;03;IEDLAINDUSTRIAL;022;01;PRESIDENTE;NO;;;112;BUEN ESTADO;112;0;6;112;NO;;NO;;;;NO;NO;NO;NO;NO;NO;NO;NO;
21;MAGDALENA;001;SANTA MARTA;05;03;IEDLAINDUSTRIAL;023;01;PRESIDENTE;NO;;;84;BUEN ESTADO;84;0;6;84;NO;;NO;;;;NO;NO;NO;NO;NO;NO;NO;NO;
21;MAGDALENA;001;SANTA MARTA;05;03;IEDLAINDUSTRIAL;024;01;PRESIDENTE;NO;;;48;BUEN ESTADO;48;0;6;48;NO;;NO;;;;NO;NO;NO;NO;NO;NO;NO;NO;
21;MAGDALENA;001;SANTA MARTA;05;04;I.E.D.FCO.DEPAULASANTANDER;001;01;PRESIDENTE;NO;;;226;BUEN ESTADO;226;0;6;226;NO;;NO;;;;NO;NO;NO;NO;NO;NO;SI;NO;
21;MAGDALENA;001;SANTA MARTA;05;04;I.E.D.FCO.DEPAULASANTANDER;002;01;PRESIDENTE;NO;;;263;BUEN ESTADO;263;0;6;263;NO;;NO;;;;NO;NO;NO;NO;NO;NO;NO;NO;
21;MAGDALENA;001;SANTA MARTA;05;04;I.E.D.FCO.DEPAULASANTANDER;003;01;PRESIDENTE;NO;;;246;BUEN ESTADO;246;0;6;246;NO;;NO;;;;NO;NO;NO;NO;NO;NO;SI;NO;
21;MAGDALENA;001;SANTA MARTA;05;04;I.E.D.FCO.DEPAULASANTANDER;004;01;PRESIDENTE;NO;;;267;BUEN ESTADO;267;0;5;267;NO;;NO;;;;NO;NO;NO;NO;NO;NO;NO;NO;
21;MAGDALENA;001;SANTA MARTA;05;04;I.E.D.FCO.DEPAULASANTANDER;005;01;PRESIDENTE;NO;;;252;BUEN ESTADO;252;0;6;252;NO;;NO;;;;NO;NO;NO;NO;NO;NO;SI;NO;
21;MAGDALENA;001;SANTA MARTA;05;04;I.E.D.FCO.DEPAULASANTANDER;006;01;PRESIDENTE;NO;;;176;BUEN ESTADO;176;0;6;176;NO;;NO;;;;NO;NO;NO;NO;NO;NO;SI;NO;
21;MAGDALENA;001;SANTA MARTA;05;04;I.E.D.FCO.DEPAULASANTANDER;007;01;PRESIDENTE;NO;;;214;BUEN ESTADO;214;0;6;214;NO;;NO;;;;NO;NO;NO;NO;NO;NO;SI;NO;
21;MAGDALENA;001;SANTA MARTA;05;04;I.E.D.FCO.DEPAULASANTANDER;008;01;PRESIDENTE;NO;;;178;BUEN ESTADO;178;0;6;178;NO;;NO;;;;NO;NO;NO;NO;NO;NO;NO;NO;
21;MAGDALENA;001;SANTA MARTA;05;04;I.E.D.FCO.DEPAULASANTANDER;009;01;PRESIDENTE;NO;;;179;BUEN ESTADO;179;0;6;179;NO;;NO;;;;NO;NO;NO;NO;NO;NO;SI;NO;
21;MAGDALENA;001;SANTA MARTA;05;04;I.E.D.FCO.DEPAULASANTANDER;010;01;PRESIDENTE;NO;;;159;BUEN ESTADO;159;0;6;159;NO;;NO;;;;NO;NO;NO;NO;NO;NO;SI;NO;
21;MAGDALENA;001;SANTA MARTA;05;04;I.E.D.FCO.DEPAULASANTANDER;011;01;PRESIDENTE;NO;;;168;BUEN ESTADO;168;0;6;168;NO;;NO;;;;NO;NO;NO;NO;NO;NO;SI;NO;
21;MAGDALENA;001;SANTA MARTA;05;04;I.E.D.FCO.DEPAULASANTANDER;012;01;PRESIDENTE;NO;;;178;BUEN ESTADO;180;2;6;178;NO;;SI;LA COMISION ESCRUTADORA;0000;LOS JURADOS NO TOTALIZARON EL E11 Y SE CONTABILIZARON 178 SUFRAGANTES POR LO CUAL SE INCINERAN 2 VOTOS YA QUE EN EL E14 CONSIGNARON UN TOTAL DE 180 VOTOS;NO;NO;NO;NO;NO;NO;SI;NO;
21;MAGDALENA;001;SANTA MARTA;05;04;I.E.D.FCO.DEPAULASANTANDER;013;01;PRESIDENTE;NO;;;125;BUEN ESTADO;125;0;6;125;NO;;NO;;;;NO;NO;NO;NO;NO;NO;SI;NO;
21;MAGDALENA;001;SANTA MARTA;05;04;I.E.D.FCO.DEPAULASANTANDER;014;01;PRESIDENTE;NO;;;152;BUEN ESTADO;152;0;6;152;NO;;NO;;;;NO;NO;NO;NO;NO;NO;SI;NO;
21;MAGDALENA;001;SANTA MARTA;05;04;I.E.D.FCO.DEPAULASANTANDER;015;01;PRESIDENTE;NO;;;153;BUEN ESTADO;152;0;6;153;NO;;NO;;;SON 153 VOTANTES HABILITADOS PARA LA URNA SIN EMBARGO SOLO VOTARON 152;NO;NO;NO;NO;NO;NO;NO;NO;
21;MAGDALENA;001;SANTA MARTA;05;04;I.E.D.FCO.DEPAULASANTANDER;016;01;PRESIDENTE;NO;;;141;BUEN ESTADO;141;0;6;141;NO;;NO;;;;NO;NO;NO;NO;NO;NO;SI;NO;
21;MAGDALENA;001;SANTA MARTA;05;04;I.E.D.FCO.DEPAULASANTANDER;017;01;PRESIDENTE;NO;;;150;BUEN ESTADO;149;0;6;150;NO;;NO;;;;NO;NO;NO;NO;NO;NO;NO;NO;
21;MAGDALENA;001;SANTA MARTA;05;04;I.E.D.FCO.DEPAULASANTANDER;018;01;PRESIDENTE;NO;;;158;BUEN ESTADO;158;0;6;158;NO;;NO;;;;NO;NO;NO;NO;NO;NO;NO;NO;
21;MAGDALENA;001;SANTA MARTA;05;04;I.E.D.FCO.DEPAULASANTANDER;019;01;PRESIDENTE;NO;;;174;BUEN ESTADO;174;0;6;174;NO;;NO;;;;NO;NO;NO;NO;NO;NO;NO;NO;
21;MAGDALENA;001;SANTA MARTA;05;04;I.E.D.FCO.DEPAULASANTANDER;020;01;PRESIDENTE;NO;;;204;BUEN ESTADO;204;0;6;204;NO;;NO;;;;NO;NO;NO;NO;NO;NO;SI;NO;
21;MAGDALENA;001;SANTA MARTA;05;04;I.E.D.FCO.DEPAULASANTANDER;021;01;PRESIDENTE;NO;;;171;BUEN ESTADO;171;0;6;171;NO;;NO;;;;NO;NO;NO;NO;NO;NO;NO;NO;
21;MAGDALENA;001;SANTA MARTA;05;04;I.E.D.FCO.DEPAULASANTANDER;022;01;PRESIDENTE;NO;;;144;BUEN ESTADO;144;0;6;144;NO;;NO;;;;NO;NO;NO;NO;NO;NO;SI;NO;
21;MAGDALENA;001;SANTA MARTA;05;04;I.E.D.FCO.DEPAULASANTANDER;023;01;PRESIDENTE;NO;;;139;BUEN ESTADO;139;0;6;139;NO;;NO;;;;NO;NO;NO;NO;NO;NO;SI;NO;
21;MAGDALENA;001;SANTA MARTA;05;05;I.E.D.MAGDALENA;001;01;PRESIDENTE;NO;;;184;BUEN ESTADO;184;0;5;184;NO;;NO;;;;NO;NO;NO;NO;NO;NO;NO;NO;
21;MAGDALENA;001;SANTA MARTA;05;05;I.E.D.MAGDALENA;002;01;PRESIDENTE;NO;;;222;BUEN ESTADO;222;0;5;222;NO;;NO;;;;NO;NO;NO;NO;NO;NO;SI;NO;
21;MAGDALENA;001;SANTA MARTA;05;05;I.E.D.MAGDALENA;003;01;PRESIDENTE;NO;;;250;BUEN ESTADO;250;0;6;250;NO;;NO;;;;NO;NO;NO;NO;NO;NO;NO;NO;
21;MAGDALENA;001;SANTA MARTA;05;05;I.E.D.MAGDALENA;004;01;PRESIDENTE;NO;;;241;BUEN ESTADO;241;0;5;241;NO;;NO;;;;NO;NO;NO;NO;NO;NO;NO;NO;
21;MAGDALENA;001;SANTA MARTA;05;05;I.E.D.MAGDALENA;005;01;PRESIDENTE;NO;;;241;BUEN ESTADO;241;0;5;241;NO;;NO;;;;NO;NO;NO;NO;NO;NO;SI;NO;
21;MAGDALENA;001;SANTA MARTA;05;05;I.E.D.MAGDALENA;006;01;PRESIDENTE;NO;;;169;BUEN ESTADO;169;0;5;169;NO;;NO;;;;NO;NO;NO;NO;NO;NO;SI;NO;
21;MAGDALENA;001;SANTA MARTA;05;05;I.E.D.MAGDALENA;007;01;PRESIDENTE;NO;;;202;BUEN ESTADO;202;0;5;202;NO;;NO;;;;NO;NO;NO;NO;NO;NO;SI;NO;
21;MAGDALENA;001;SANTA MARTA;05;05;I.E.D.MAGDALENA;008;01;PRESIDENTE;NO;;;219;BUEN ESTADO;219;0;6;219;NO;;NO;;;;NO;NO;NO;NO;NO;NO;SI;NO;
21;MAGDALENA;001;SANTA MARTA;05;05;I.E.D.MAGDALENA;009;01;PRESIDENTE;NO;;;260;BUEN ESTADO;260;0;6;260;NO;;NO;;;;NO;NO;NO;NO;NO;NO;SI;NO;
21;MAGDALENA;001;SANTA MARTA;05;05;I.E.D.MAGDALENA;010;01;PRESIDENTE;NO;;;250;BUEN ESTADO;250;0;6;250;NO;;NO;;;;NO;NO;NO;NO;NO;NO;NO;NO;
21;MAGDALENA;001;SANTA MARTA;05;05;I.E.D.MAGDALENA;011;01;PRESIDENTE;NO;;;229;BUEN ESTADO;229;0;6;229;NO;;NO;;;;NO;NO;NO;NO;NO;NO;SI;NO;
21;MAGDALENA;001;SANTA MARTA;05;05;I.E.D.MAGDALENA;012;01;PRESIDENTE;NO;;;233;BUEN ESTADO;233;0;6;233;NO;;NO;;;;NO;NO;NO;NO;NO;NO;SI;NO;
21;MAGDALENA;001;SANTA MARTA;05;05;I.E.D.MAGDALENA;013;01;PRESIDENTE;NO;;;237;BUEN ESTADO;236;0;6;237;NO;;NO;;;;NO;NO;NO;NO;NO;NO;SI;NO;
21;MAGDALENA;001;SANTA MARTA;05;05;I.E.D.MAGDALENA;014;01;PRESIDENTE;NO;;;229;BUEN ESTADO;229;0;5;229;NO;;NO;;;;NO;NO;NO;NO;NO;NO;SI;NO;
21;MAGDALENA;001;SANTA MARTA;05;05;I.E.D.MAGDALENA;015;01;PRESIDENTE;NO;;;236;BUEN ESTADO;236;0;6;236;NO;;NO;;;;NO;NO;NO;NO;NO;NO;SI;NO;
21;MAGDALENA;001;SANTA MARTA;05;05;I.E.D.MAGDALENA;016;01;PRESIDENTE;NO;;;235;BUEN ESTADO;235;0;6;235;NO;;NO;;;;NO;NO;NO;NO;NO;NO;SI;NO;
21;MAGDALENA;001;SANTA MARTA;05;05;I.E.D.MAGDALENA;017;01;PRESIDENTE;NO;;;205;BUEN ESTADO;205;0;6;205;NO;;NO;;;;NO;NO;NO;NO;NO;NO;SI;NO;
21;MAGDALENA;001;SANTA MARTA;05;05;I.E.D.MAGDALENA;018;01;PRESIDENTE;NO;;;174;BUEN ESTADO;174;0;6;174;NO;;NO;;;;NO;NO;NO;NO;NO;NO;NO;NO;
21;MAGDALENA;001;SANTA MARTA;05;05;I.E.D.MAGDALENA;019;01;PRESIDENTE;NO;;;201;BUEN ESTADO;201;0;6;201;NO;;NO;;;;NO;NO;NO;NO;NO;NO;SI;NO;
21;MAGDALENA;001;SANTA MARTA;05;05;I.E.D.MAGDALENA;020;01;PRESIDENTE;NO;;;145;BUEN ESTADO;145;0;6;145;NO;;SI;TESTIGO ELECTORAL;1003;;NO;NO;NO;NO;NO;NO;SI;NO;
21;MAGDALENA;001;SANTA MARTA;05;05;I.E.D.MAGDALENA;021;01;PRESIDENTE;NO;;;173;BUEN ESTADO;173;0;6;173;NO;;NO;;;;NO;NO;NO;NO;NO;NO;NO;NO;
21;MAGDALENA;001;SANTA MARTA;05;05;I.E.D.MAGDALENA;022;01;PRESIDENTE;NO;;;159;BUEN ESTADO;159;0;6;159;NO;;NO;;;;NO;NO;NO;NO;NO;NO;NO;NO;
21;MAGDALENA;001;SANTA MARTA;05;05;I.E.D.MAGDALENA;023;01;PRESIDENTE;NO;;;167;BUEN ESTADO;167;0;6;167;NO;;NO;;;;NO;NO;NO;NO;NO;NO;SI;NO;
21;MAGDALENA;001;SANTA MARTA;05;05;I.E.D.MAGDALENA;024;01;PRESIDENTE;NO;;;164;BUEN ESTADO;164;0;6;164;NO;;NO;;;;NO;NO;NO;NO;NO;NO;NO;NO;
21;MAGDALENA;001;SANTA MARTA;05;05;I.E.D.MAGDALENA;025;01;PRESIDENTE;NO;;;18;BUEN ESTADO;18;0;6;18;NO;;NO;;;;NO;NO;NO;NO;NO;NO;NO;NO;
21;MAGDALENA;001;SANTA MARTA;05;06;IEDMAGDSEDE3ESCUELASANJOSE;001;01;PRESIDENTE;NO;;;255;BUEN ESTADO;255;0;6;255;NO;;NO;;;;NO;NO;NO;NO;NO;NO;NO;NO;
21;MAGDALENA;001;SANTA MARTA;05;06;IEDMAGDSEDE3ESCUELASANJOSE;002;01;PRESIDENTE;NO;;;222;BUEN ESTADO;222;0;6;222;NO;;NO;;;;NO;NO;NO;NO;NO;NO;SI;NO;
21;MAGDALENA;001;SANTA MARTA;05;06;IEDMAGDSEDE3ESCUELASANJOSE;003;01;PRESIDENTE;NO;;;235;BUEN ESTADO;235;0;6;235;NO;;NO;;;;NO;NO;NO;NO;NO;NO;SI;NO;
21;MAGDALENA;001;SANTA MARTA;05;06;IEDMAGDSEDE3ESCUELASANJOSE;004;01;PRESIDENTE;NO;;;162;BUEN ESTADO;162;0;6;162;NO;;NO;;;;NO;NO;NO;NO;NO;NO;NO;NO;
21;MAGDALENA;001;SANTA MARTA;05;06;IEDMAGDSEDE3ESCUELASANJOSE;005;01;PRESIDENTE;NO;;;160;BUEN ESTADO;160;0;6;160;NO;;NO;;;;NO;NO;NO;NO;NO;NO;NO;NO;
21;MAGDALENA;001;SANTA MARTA;05;06;IEDMAGDSEDE3ESCUELASANJOSE;006;01;PRESIDENTE;NO;;;193;BUEN ESTADO;193;0;6;193;NO;;NO;;;;NO;NO;NO;NO;NO;NO;SI;NO;
21;MAGDALENA;001;SANTA MARTA;05;06;IEDMAGDSEDE3ESCUELASANJOSE;007;01;PRESIDENTE;NO;;;188;BUEN ESTADO;188;0;6;188;NO;;NO;;;;NO;NO;NO;NO;NO;NO;NO;NO;
21;MAGDALENA;001;SANTA MARTA;05;06;IEDMAGDSEDE3ESCUELASANJOSE;008;01;PRESIDENTE;NO;;;119;BUEN ESTADO;119;0;6;119;NO;;NO;;;;NO;NO;NO;NO;NO;NO;NO;NO;
21;MAGDALENA;001;SANTA MARTA;05;07;IEDLICEOELSABER;001;01;PRESIDENTE;NO;;;305;BUEN ESTADO;305;0;6;305;NO;;NO;;;;NO;NO;NO;NO;NO;NO;NO;NO;
21;MAGDALENA;001;SANTA MARTA;05;07;IEDLICEOELSABER;002;01;PRESIDENTE;NO;;;303;BUEN ESTADO;303;0;6;303;NO;;NO;;;;NO;NO;NO;NO;NO;NO;SI;NO;
21;MAGDALENA;001;SANTA MARTA;05;07;IEDLICEOELSABER;003;01;PRESIDENTE;NO;;;307;BUEN ESTADO;307;0;6;307;NO;;NO;;;;NO;NO;NO;NO;NO;NO;NO;NO;
21;MAGDALENA;001;SANTA MARTA;05;07;IEDLICEOELSABER;004;01;PRESIDENTE;NO;;;291;BUEN ESTADO;291;0;6;291;NO;;NO;;;;NO;NO;NO;NO;NO;NO;SI;NO;
21;MAGDALENA;001;SANTA MARTA;05;07;IEDLICEOELSABER;005;01;PRESIDENTE;NO;;;208;BUEN ESTADO;208;0;6;208;NO;;NO;;;;NO;NO;NO;NO;NO;NO;SI;NO;
21;MAGDALENA;001;SANTA MARTA;05;07;IEDLICEOELSABER;006;01;PRESIDENTE;NO;;;203;BUEN ESTADO;203;0;6;203;NO;;NO;;;;NO;NO;NO;NO;NO;NO;SI;NO;
21;MAGDALENA;001;SANTA MARTA;05;07;IEDLICEOELSABER;007;01;PRESIDENTE;NO;;;239;BUEN ESTADO;239;0;6;239;NO;;NO;;;;NO;NO;NO;NO;NO;NO;SI;NO;
21;MAGDALENA;001;SANTA MARTA;05;07;IEDLICEOELSABER;008;01;PRESIDENTE;NO;;;83;BUEN ESTADO;83;0;6;83;NO;;NO;;;;NO;NO;NO;NO;NO;NO;NO;NO;
21;MAGDALENA;001;SANTA MARTA;05;08;IEDMAGDALENASEDE2SANTACATALINA;001;01;PRESIDENTE;NO;;;313;BUEN ESTADO;313;0;6;313;NO;;NO;;;;NO;NO;NO;NO;NO;NO;NO;NO;
21;MAGDALENA;001;SANTA MARTA;05;08;IEDMAGDALENASEDE2SANTACATALINA;002;01;PRESIDENTE;NO;;;301;BUEN ESTADO;301;0;6;301;NO;;NO;;;;NO;NO;NO;NO;NO;NO;NO;NO;
21;MAGDALENA;001;SANTA MARTA;05;08;IEDMAGDALENASEDE2SANTACATALINA;003;01;PRESIDENTE;NO;;;312;MAL ESTADO;312;0;6;312;NO;;NO;;;;NO;NO;NO;NO;NO;NO;SI;NO;
21;MAGDALENA;001;SANTA MARTA;05;08;IEDMAGDALENASEDE2SANTACATALINA;004;01;PRESIDENTE;NO;;;312;BUEN ESTADO;312;0;6;312;NO;;NO;;;;NO;NO;NO;NO;NO;NO;NO;NO;
21;MAGDALENA;001;SANTA MARTA;05;08;IEDMAGDALENASEDE2SANTACATALINA;005;01;PRESIDENTE;NO;;;310;MAL ESTADO;310;0;6;310;NO;;NO;;;;NO;NO;NO;NO;NO;NO;NO;NO;
21;MAGDALENA;001;SANTA MARTA;05;08;IEDMAGDALENASEDE2SANTACATALINA;006;01;PRESIDENTE;NO;;;281;BUEN ESTADO;281;0;6;281;NO;;NO;;;;NO;NO;NO;NO;NO;NO;SI;NO;
21;MAGDALENA;001;SANTA MARTA;05;08;IEDMAGDALENASEDE2SANTACATALINA;007;01;PRESIDENTE;NO;;;257;BUEN ESTADO;257;0;6;257;NO;;NO;;;;NO;NO;NO;NO;NO;NO;SI;NO;
21;MAGDALENA;001;SANTA MARTA;05;08;IEDMAGDALENASEDE2SANTACATALINA;008;01;PRESIDENTE;NO;;;231;BUEN ESTADO;231;0;6;231;NO;;NO;;;;NO;NO;NO;NO;NO;NO;SI;NO;
21;MAGDALENA;001;SANTA MARTA;05;08;IEDMAGDALENASEDE2SANTACATALINA;009;01;PRESIDENTE;NO;;;227;BUEN ESTADO;227;0;6;227;NO;;NO;;;;NO;NO;NO;NO;NO;NO;NO;NO;
21;MAGDALENA;001;SANTA MARTA;05;08;IEDMAGDALENASEDE2SANTACATALINA;010;01;PRESIDENTE;NO;;;199;BUEN ESTADO;199;0;6;199;NO;;NO;;;;NO;NO;NO;NO;NO;NO;SI;NO;
21;MAGDALENA;001;SANTA MARTA;05;08;IEDMAGDALENASEDE2SANTACATALINA;011;01;PRESIDENTE;NO;;;175;BUEN ESTADO;175;0;6;175;NO;;NO;;;;NO;NO;NO;NO;NO;NO;NO;NO;
21;MAGDALENA;001;SANTA MARTA;05;08;IEDMAGDALENASEDE2SANTACATALINA;012;01;PRESIDENTE;NO;;;172;BUEN ESTADO;172;0;6;172;NO;;NO;;;;NO;NO;NO;NO;NO;NO;NO;NO;
21;MAGDALENA;001;SANTA MARTA;05;08;IEDMAGDALENASEDE2SANTACATALINA;013;01;PRESIDENTE;NO;;;219;BUEN ESTADO;219;0;6;219;NO;;NO;;;;NO;NO;NO;NO;NO;NO;SI;NO;
21;MAGDALENA;001;SANTA MARTA;05;08;IEDMAGDALENASEDE2SANTACATALINA;014;01;PRESIDENTE;NO;;;239;BUEN ESTADO;239;0;6;239;NO;;NO;;;;NO;NO;NO;NO;NO;NO;SI;NO;
21;MAGDALENA;001;SANTA MARTA;05;08;IEDMAGDALENASEDE2SANTACATALINA;015;01;PRESIDENTE;NO;;;125;BUEN ESTADO;125;0;6;125;NO;;NO;;;;NO;NO;NO;NO;NO;NO;NO;NO;
21;MAGDALENA;001;SANTA MARTA;06;01;I.E.D.RODRIGOBASTIDAS;001;01;PRESIDENTE;NO;;;159;BUEN ESTADO;159;0;6;159;NO;;NO;;;;NO;NO;NO;NO;NO;NO;SI;NO;
21;MAGDALENA;001;SANTA MARTA;06;01;I.E.D.RODRIGOBASTIDAS;002;01;PRESIDENTE;NO;;;209;BUEN ESTADO;208;0;6;209;NO;;NO;;;;NO;NO;NO;NO;NO;NO;SI;NO;
21;MAGDALENA;001;SANTA MARTA;06;01;I.E.D.RODRIGOBASTIDAS;003;01;PRESIDENTE;NO;;;217;BUEN ESTADO;217;0;6;217;NO;;NO;;;;NO;NO;NO;NO;NO;NO;SI;NO;
21;MAGDALENA;001;SANTA MARTA;06;01;I.E.D.RODRIGOBASTIDAS;004;01;PRESIDENTE;NO;;;223;BUEN ESTADO;223;0;6;223;NO;;NO;;;;NO;NO;NO;NO;NO;NO;NO;NO;
21;MAGDALENA;001;SANTA MARTA;06;01;I.E.D.RODRIGOBASTIDAS;005;01;PRESIDENTE;NO;;;244;BUEN ESTADO;244;0;6;244;NO;;NO;;;;NO;NO;NO;NO;NO;NO;NO;NO;
21;MAGDALENA;001;SANTA MARTA;06;01;I.E.D.RODRIGOBASTIDAS;006;01;PRESIDENTE;NO;;;237;BUEN ESTADO;237;0;6;237;NO;;NO;;;;NO;NO;NO;NO;NO;NO;SI;NO;
21;MAGDALENA;001;SANTA MARTA;06;01;I.E.D.RODRIGOBASTIDAS;007;01;PRESIDENTE;NO;;;188;BUEN ESTADO;188;0;6;188;NO;;NO;;;;NO;NO;NO;NO;NO;NO;NO;NO;
21;MAGDALENA;001;SANTA MARTA;06;01;I.E.D.RODRIGOBASTIDAS;008;01;PRESIDENTE;NO;;;163;BUEN ESTADO;163;0;6;163;NO;;NO;;;;NO;NO;NO;NO;NO;NO;NO;NO;
21;MAGDALENA;001;SANTA MARTA;06;01;I.E.D.RODRIGOBASTIDAS;009;01;PRESIDENTE;NO;;;154;BUEN ESTADO;154;0;6;154;NO;;NO;;;;NO;NO;NO;NO;NO;NO;SI;NO;
21;MAGDALENA;001;SANTA MARTA;06;01;I.E.D.RODRIGOBASTIDAS;010;01;PRESIDENTE;NO;;;185;BUEN ESTADO;185;0;6;185;NO;;NO;;;;NO;NO;NO;NO;NO;NO;SI;NO;
21;MAGDALENA;001;SANTA MARTA;06;01;I.E.D.RODRIGOBASTIDAS;011;01;PRESIDENTE;NO;;;175;BUEN ESTADO;175;0;6;175;NO;;NO;;;;NO;NO;NO;NO;NO;NO;SI;NO;
21;MAGDALENA;001;SANTA MARTA;06;01;I.E.D.RODRIGOBASTIDAS;012;01;PRESIDENTE;NO;;;223;BUEN ESTADO;223;0;6;223;NO;;NO;;;;NO;NO;NO;NO;NO;NO;SI;NO;
21;MAGDALENA;001;SANTA MARTA;06;01;I.E.D.RODRIGOBASTIDAS;013;01;PRESIDENTE;NO;;;235;BUEN ESTADO;235;0;6;235;NO;;NO;;;;NO;NO;NO;NO;NO;NO;SI;NO;
21;MAGDALENA;001;SANTA MARTA;06;01;I.E.D.RODRIGOBASTIDAS;014;01;PRESIDENTE;NO;;;226;BUEN ESTADO;226;0;6;226;NO;;NO;;;;NO;NO;NO;NO;NO;NO;SI;NO;
21;MAGDALENA;001;SANTA MARTA;06;01;I.E.D.RODRIGOBASTIDAS;015;01;PRESIDENTE;NO;;;215;BUEN ESTADO;215;0;6;215;NO;;NO;;;;NO;NO;NO;NO;NO;NO;SI;NO;
21;MAGDALENA;001;SANTA MARTA;06;01;I.E.D.RODRIGOBASTIDAS;016;01;PRESIDENTE;NO;;;199;BUEN ESTADO;199;0;6;199;NO;;NO;;;;NO;NO;NO;NO;NO;NO;SI;NO;
21;MAGDALENA;001;SANTA MARTA;06;01;I.E.D.RODRIGOBASTIDAS;017;01;PRESIDENTE;NO;;;196;BUEN ESTADO;197;1;6;196;NO;;NO;;;;NO;NO;NO;NO;NO;NO;SI;NO;
21;MAGDALENA;001;SANTA MARTA;06;01;I.E.D.RODRIGOBASTIDAS;018;01;PRESIDENTE;NO;;;188;BUEN ESTADO;188;0;6;188;NO;;NO;;;;NO;NO;NO;NO;NO;NO;SI;NO;
21;MAGDALENA;001;SANTA MARTA;06;01;I.E.D.RODRIGOBASTIDAS;019;01;PRESIDENTE;NO;;;179;BUEN ESTADO;179;0;6;179;NO;;NO;;;;NO;NO;NO;NO;NO;NO;SI;NO;
21;MAGDALENA;001;SANTA MARTA;06;01;I.E.D.RODRIGOBASTIDAS;020;01;PRESIDENTE;NO;;;214;BUEN ESTADO;214;0;6;214;NO;;NO;;;;NO;NO;NO;NO;NO;NO;NO;NO;
21;MAGDALENA;001;SANTA MARTA;06;01;I.E.D.RODRIGOBASTIDAS;021;01;PRESIDENTE;NO;;;242;BUEN ESTADO;240;0;6;242;NO;;NO;;;;NO;NO;NO;NO;NO;NO;SI;NO;
21;MAGDALENA;001;SANTA MARTA;06;01;I.E.D.RODRIGOBASTIDAS;022;01;PRESIDENTE;NO;;;201;BUEN ESTADO;201;0;6;201;NO;;NO;;;;NO;NO;NO;NO;NO;NO;SI;NO;
21;MAGDALENA;001;SANTA MARTA;06;01;I.E.D.RODRIGOBASTIDAS;023;01;PRESIDENTE;NO;;;179;BUEN ESTADO;179;0;6;179;NO;;NO;;;;NO;NO;NO;NO;NO;NO;NO;NO;
21;MAGDALENA;001;SANTA MARTA;06;01;I.E.D.RODRIGOBASTIDAS;024;01;PRESIDENTE;NO;;;131;BUEN ESTADO;131;0;6;131;NO;;NO;;;;NO;NO;NO;NO;NO;NO;SI;NO;
21;MAGDALENA;001;SANTA MARTA;06;01;I.E.D.RODRIGOBASTIDAS;025;01;PRESIDENTE;NO;;;118;BUEN ESTADO;118;0;6;118;NO;;NO;;;;NO;NO;NO;NO;NO;NO;NO;NO;
21;MAGDALENA;001;SANTA MARTA;06;01;I.E.D.RODRIGOBASTIDAS;026;01;PRESIDENTE;NO;;;130;BUEN ESTADO;130;0;6;130;NO;;NO;;;;NO;NO;NO;NO;NO;NO;NO;NO;
21;MAGDALENA;001;SANTA MARTA;06;01;I.E.D.RODRIGOBASTIDAS;027;01;PRESIDENTE;NO;;;125;BUEN ESTADO;125;0;6;125;NO;;NO;;;;NO;NO;NO;NO;NO;NO;NO;NO;
21;MAGDALENA;001;SANTA MARTA;06;01;I.E.D.RODRIGOBASTIDAS;028;01;PRESIDENTE;NO;;;144;BUEN ESTADO;144;0;6;144;NO;;NO;;;;NO;NO;NO;NO;NO;NO;NO;NO;
21;MAGDALENA;001;SANTA MARTA;06;01;I.E.D.RODRIGOBASTIDAS;029;01;PRESIDENTE;NO;;;152;BUEN ESTADO;152;0;6;152;NO;;NO;;;;NO;NO;NO;NO;NO;NO;SI;NO;
21;MAGDALENA;001;SANTA MARTA;06;01;I.E.D.RODRIGOBASTIDAS;030;01;PRESIDENTE;NO;;;160;BUEN ESTADO;160;0;6;160;NO;;NO;;;;NO;NO;NO;NO;NO;NO;SI;NO;
21;MAGDALENA;001;SANTA MARTA;06;01;I.E.D.RODRIGOBASTIDAS;031;01;PRESIDENTE;NO;;;148;BUEN ESTADO;148;0;6;148;NO;;NO;;;;NO;NO;NO;NO;NO;NO;SI;NO;
21;MAGDALENA;001;SANTA MARTA;06;01;I.E.D.RODRIGOBASTIDAS;032;01;PRESIDENTE;NO;;;137;BUEN ESTADO;137;0;6;137;NO;;NO;;;;NO;NO;NO;NO;NO;NO;NO;NO;
21;MAGDALENA;001;SANTA MARTA;06;01;I.E.D.RODRIGOBASTIDAS;033;01;PRESIDENTE;NO;;;131;BUEN ESTADO;131;0;6;131;NO;;NO;;;;NO;NO;NO;NO;NO;NO;NO;NO;
21;MAGDALENA;001;SANTA MARTA;06;01;I.E.D.RODRIGOBASTIDAS;034;01;PRESIDENTE;NO;;;55;BUEN ESTADO;55;0;6;55;NO;;NO;;;;NO;NO;NO;NO;NO;NO;NO;NO;
21;MAGDALENA;001;SANTA MARTA;06;02;HOGARINFANTILBASTIDAS;001;01;PRESIDENTE;NO;;;198;BUEN ESTADO;198;0;6;198;NO;;NO;;;;NO;NO;NO;NO;NO;NO;SI;NO;
21;MAGDALENA;001;SANTA MARTA;06;02;HOGARINFANTILBASTIDAS;002;01;PRESIDENTE;NO;;;211;BUEN ESTADO;211;0;6;211;NO;;NO;;;;NO;NO;NO;NO;NO;NO;SI;NO;
21;MAGDALENA;001;SANTA MARTA;06;02;HOGARINFANTILBASTIDAS;003;01;PRESIDENTE;NO;;;211;BUEN ESTADO;211;0;6;211;NO;;NO;;;;NO;NO;NO;NO;NO;NO;SI;NO;
21;MAGDALENA;001;SANTA MARTA;06;02;HOGARINFANTILBASTIDAS;004;01;PRESIDENTE;NO;;;211;BUEN ESTADO;211;0;6;211;NO;;NO;;;;NO;NO;NO;NO;NO;NO;SI;NO;
21;MAGDALENA;001;SANTA MARTA;06;02;HOGARINFANTILBASTIDAS;005;01;PRESIDENTE;NO;;;212;BUEN ESTADO;212;0;6;212;NO;;NO;;;;NO;NO;NO;NO;NO;NO;SI;NO;
21;MAGDALENA;001;SANTA MARTA;06;02;HOGARINFANTILBASTIDAS;006;01;PRESIDENTE;NO;;;190;BUEN ESTADO;190;0;6;190;NO;;NO;;;;NO;NO;NO;NO;NO;NO;NO;NO;
21;MAGDALENA;001;SANTA MARTA;06;02;HOGARINFANTILBASTIDAS;007;01;PRESIDENTE;NO;;;101;BUEN ESTADO;101;0;6;101;NO;;NO;;;;NO;NO;NO;NO;NO;NO;NO;NO;
21;MAGDALENA;001;SANTA MARTA;06;02;HOGARINFANTILBASTIDAS;008;01;PRESIDENTE;NO;;;132;BUEN ESTADO;132;0;6;132;NO;;NO;;;;NO;NO;NO;NO;NO;NO;NO;NO;
21;MAGDALENA;001;SANTA MARTA;06;02;HOGARINFANTILBASTIDAS;009;01;PRESIDENTE;NO;;;158;BUEN ESTADO;158;0;6;158;NO;;NO;;;;NO;NO;NO;NO;NO;NO;SI;NO;
21;MAGDALENA;001;SANTA MARTA;06;02;HOGARINFANTILBASTIDAS;010;01;PRESIDENTE;NO;;;149;BUEN ESTADO;148;0;6;149;NO;;NO;;;;NO;NO;NO;NO;NO;NO;SI;NO;
21;MAGDALENA;001;SANTA MARTA;06;02;HOGARINFANTILBASTIDAS;011;01;PRESIDENTE;NO;;;171;BUEN ESTADO;171;0;6;171;NO;;NO;;;;NO;NO;NO;NO;NO;NO;NO;NO;
21;MAGDALENA;001;SANTA MARTA;06;02;HOGARINFANTILBASTIDAS;012;01;PRESIDENTE;NO;;;151;BUEN ESTADO;151;0;6;151;NO;;NO;;;;NO;NO;NO;NO;NO;NO;SI;NO;
21;MAGDALENA;001;SANTA MARTA;06;02;HOGARINFANTILBASTIDAS;013;01;PRESIDENTE;NO;;;104;BUEN ESTADO;104;0;6;104;NO;;NO;;;;NO;NO;NO;NO;NO;NO;NO;NO;
21;MAGDALENA;001;SANTA MARTA;06;03;IEDRODRIGODEBASTIDASSD17DEDIC;001;01;PRESIDENTE;NO;;;145;BUEN ESTADO;145;0;6;145;NO;;NO;;;;NO;NO;NO;NO;NO;NO;SI;NO;
21;MAGDALENA;001;SANTA MARTA;06;03;IEDRODRIGODEBASTIDASSD17DEDIC;002;01;PRESIDENTE;NO;;;154;BUEN ESTADO;154;0;6;154;NO;;NO;;;;NO;NO;NO;NO;NO;NO;NO;NO;
21;MAGDALENA;001;SANTA MARTA;06;03;IEDRODRIGODEBASTIDASSD17DEDIC;003;01;PRESIDENTE;NO;;;138;BUEN ESTADO;138;0;6;138;NO;;NO;;;;NO;NO;NO;NO;NO;NO;SI;NO;
21;MAGDALENA;001;SANTA MARTA;06;03;IEDRODRIGODEBASTIDASSD17DEDIC;004;01;PRESIDENTE;NO;;;160;BUEN ESTADO;160;0;6;160;NO;;NO;;;;NO;NO;NO;NO;NO;NO;NO;NO;
21;MAGDALENA;001;SANTA MARTA;06;03;IEDRODRIGODEBASTIDASSD17DEDIC;005;01;PRESIDENTE;NO;;;158;BUEN ESTADO;158;0;6;158;NO;;NO;;;;NO;NO;NO;NO;NO;NO;NO;NO;
21;MAGDALENA;001;SANTA MARTA;06;03;IEDRODRIGODEBASTIDASSD17DEDIC;006;01;PRESIDENTE;NO;;;137;BUEN ESTADO;137;0;6;137;NO;;NO;;;;NO;NO;NO;NO;NO;NO;NO;NO;
21;MAGDALENA;001;SANTA MARTA;06;03;IEDRODRIGODEBASTIDASSD17DEDIC;007;01;PRESIDENTE;NO;;;133;BUEN ESTADO;133;0;6;133;NO;;NO;;;;NO;NO;NO;NO;NO;NO;NO;NO;
21;MAGDALENA;001;SANTA MARTA;06;03;IEDRODRIGODEBASTIDASSD17DEDIC;008;01;PRESIDENTE;NO;;;144;BUEN ESTADO;144;0;6;144;NO;;NO;;;;NO;NO;NO;NO;NO;NO;NO;NO;
21;MAGDALENA;001;SANTA MARTA;06;03;IEDRODRIGODEBASTIDASSD17DEDIC;009;01;PRESIDENTE;NO;;;110;BUEN ESTADO;110;0;6;110;NO;;NO;;;;NO;NO;NO;NO;NO;NO;NO;NO;
21;MAGDALENA;001;SANTA MARTA;06;03;IEDRODRIGODEBASTIDASSD17DEDIC;010;01;PRESIDENTE;NO;;;70;BUEN ESTADO;70;0;6;70;NO;;NO;;;;NO;NO;NO;NO;NO;NO;SI;NO;
21;MAGDALENA;001;SANTA MARTA;06;04;I.E.D.NICOLASBUENAVENTURA;001;01;PRESIDENTE;NO;;;203;BUEN ESTADO;203;0;6;203;NO;;NO;;;;NO;NO;NO;NO;NO;NO;NO;NO;
21;MAGDALENA;001;SANTA MARTA;06;04;I.E.D.NICOLASBUENAVENTURA;002;01;PRESIDENTE;NO;;;214;BUEN ESTADO;214;0;6;214;NO;;NO;;;;NO;NO;NO;NO;NO;NO;SI;NO;
21;MAGDALENA;001;SANTA MARTA;06;04;I.E.D.NICOLASBUENAVENTURA;003;01;PRESIDENTE;NO;;;196;BUEN ESTADO;196;0;6;196;NO;;NO;;;;NO;NO;NO;NO;NO;NO;NO;NO;
21;MAGDALENA;001;SANTA MARTA;06;04;I.E.D.NICOLASBUENAVENTURA;004;01;PRESIDENTE;NO;;;229;BUEN ESTADO;229;0;6;229;NO;;NO;;;;NO;NO;NO;NO;NO;NO;SI;NO;
21;MAGDALENA;001;SANTA MARTA;06;04;I.E.D.NICOLASBUENAVENTURA;005;01;PRESIDENTE;NO;;;206;BUEN ESTADO;206;0;6;206;NO;;NO;;;;NO;NO;NO;NO;NO;NO;NO;NO;
21;MAGDALENA;001;SANTA MARTA;06;04;I.E.D.NICOLASBUENAVENTURA;006;01;PRESIDENTE;NO;;;199;BUEN ESTADO;199;0;6;199;NO;;NO;;;;NO;NO;NO;NO;NO;NO;SI;NO;
21;MAGDALENA;001;SANTA MARTA;06;04;I.E.D.NICOLASBUENAVENTURA;007;01;PRESIDENTE;NO;;;222;BUEN ESTADO;222;0;6;222;NO;;NO;;;;NO;NO;NO;NO;NO;NO;SI;NO;
21;MAGDALENA;001;SANTA MARTA;06;04;I.E.D.NICOLASBUENAVENTURA;008;01;PRESIDENTE;NO;;;217;BUEN ESTADO;217;0;6;217;NO;;NO;;;;NO;NO;NO;NO;NO;NO;SI;NO;
21;MAGDALENA;001;SANTA MARTA;06;04;I.E.D.NICOLASBUENAVENTURA;009;01;PRESIDENTE;NO;;;176;BUEN ESTADO;176;0;6;176;NO;;NO;;;;NO;NO;NO;NO;NO;NO;NO;NO;
21;MAGDALENA;001;SANTA MARTA;06;04;I.E.D.NICOLASBUENAVENTURA;010;01;PRESIDENTE;NO;;;128;BUEN ESTADO;128;0;6;128;NO;;NO;;;;NO;NO;NO;NO;NO;NO;SI;NO;
21;MAGDALENA;001;SANTA MARTA;06;04;I.E.D.NICOLASBUENAVENTURA;011;01;PRESIDENTE;NO;;;132;BUEN ESTADO;132;0;6;132;NO;;NO;;;;NO;NO;NO;NO;NO;NO;SI;NO;
21;MAGDALENA;001;SANTA MARTA;06;04;I.E.D.NICOLASBUENAVENTURA;012;01;PRESIDENTE;NO;;;134;BUEN ESTADO;134;0;6;134;NO;;NO;;;;NO;NO;NO;NO;NO;NO;NO;NO;
21;MAGDALENA;001;SANTA MARTA;06;04;I.E.D.NICOLASBUENAVENTURA;013;01;PRESIDENTE;NO;;;129;BUEN ESTADO;129;0;6;129;NO;;NO;;;;NO;NO;NO;NO;NO;NO;NO;NO;
21;MAGDALENA;001;SANTA MARTA;06;04;I.E.D.NICOLASBUENAVENTURA;014;01;PRESIDENTE;NO;;;165;BUEN ESTADO;165;0;6;165;NO;;NO;;;;NO;NO;NO;NO;NO;NO;NO;NO;
21;MAGDALENA;001;SANTA MARTA;06;04;I.E.D.NICOLASBUENAVENTURA;015;01;PRESIDENTE;NO;;;141;BUEN ESTADO;141;0;6;141;NO;;NO;;;;NO;NO;NO;NO;NO;NO;SI;NO;
21;MAGDALENA;001;SANTA MARTA;06;04;I.E.D.NICOLASBUENAVENTURA;016;01;PRESIDENTE;NO;;;156;BUEN ESTADO;156;0;6;156;NO;;NO;;;;NO;NO;NO;NO;NO;NO;NO;NO;
21;MAGDALENA;001;SANTA MARTA;06;04;I.E.D.NICOLASBUENAVENTURA;017;01;PRESIDENTE;NO;;;144;BUEN ESTADO;144;0;6;144;NO;;NO;;;;NO;NO;NO;NO;NO;NO;SI;NO;
21;MAGDALENA;001;SANTA MARTA;06;04;I.E.D.NICOLASBUENAVENTURA;018;01;PRESIDENTE;NO;;;146;BUEN ESTADO;146;0;6;146;NO;;NO;;;;NO;NO;NO;NO;NO;NO;SI;NO;
21;MAGDALENA;001;SANTA MARTA;06;04;I.E.D.NICOLASBUENAVENTURA;019;01;PRESIDENTE;NO;;;160;BUEN ESTADO;160;0;6;160;NO;;NO;;;;NO;NO;NO;NO;NO;NO;NO;NO;
21;MAGDALENA;001;SANTA MARTA;06;04;I.E.D.NICOLASBUENAVENTURA;020;01;PRESIDENTE;NO;;;149;BUEN ESTADO;149;0;6;149;NO;;NO;;;;NO;NO;NO;NO;NO;NO;NO;NO;
21;MAGDALENA;001;SANTA MARTA;06;04;I.E.D.NICOLASBUENAVENTURA;021;01;PRESIDENTE;NO;;;128;BUEN ESTADO;128;0;5;128;NO;;NO;;;;NO;NO;NO;NO;NO;NO;NO;NO;
21;MAGDALENA;001;SANTA MARTA;06;04;I.E.D.NICOLASBUENAVENTURA;022;01;PRESIDENTE;NO;;;124;BUEN ESTADO;124;0;6;124;NO;;NO;;;;NO;NO;NO;NO;NO;NO;SI;NO;
21;MAGDALENA;001;SANTA MARTA;06;04;I.E.D.NICOLASBUENAVENTURA;023;01;PRESIDENTE;NO;;;161;BUEN ESTADO;161;0;6;161;NO;;NO;;;;NO;NO;NO;NO;NO;NO;NO;NO;
21;MAGDALENA;001;SANTA MARTA;06;04;I.E.D.NICOLASBUENAVENTURA;024;01;PRESIDENTE;NO;;;131;BUEN ESTADO;131;0;6;131;NO;;NO;;;;NO;NO;NO;NO;NO;NO;SI;NO;
21;MAGDALENA;001;SANTA MARTA;06;04;I.E.D.NICOLASBUENAVENTURA;025;01;PRESIDENTE;NO;;;26;BUEN ESTADO;26;0;6;26;NO;;NO;;;;NO;NO;NO;NO;NO;NO;NO;NO;
21;MAGDALENA;001;SANTA MARTA;06;05;I.E.D.ONDASDELCARIBE;001;01;PRESIDENTE;NO;;;223;BUEN ESTADO;223;0;6;223;NO;;NO;;;;NO;NO;NO;NO;NO;NO;SI;NO;
21;MAGDALENA;001;SANTA MARTA;06;05;I.E.D.ONDASDELCARIBE;002;01;PRESIDENTE;NO;;;229;BUEN ESTADO;229;0;6;229;NO;;NO;;;;NO;NO;NO;NO;NO;NO;SI;NO;
21;MAGDALENA;001;SANTA MARTA;06;05;I.E.D.ONDASDELCARIBE;003;01;PRESIDENTE;NO;;;196;BUEN ESTADO;196;0;6;196;NO;;NO;;;;NO;NO;NO;NO;NO;NO;NO;NO;
21;MAGDALENA;001;SANTA MARTA;06;05;I.E.D.ONDASDELCARIBE;004;01;PRESIDENTE;NO;;;180;BUEN ESTADO;180;0;6;180;NO;;NO;;;;NO;NO;NO;NO;NO;NO;NO;NO;
21;MAGDALENA;001;SANTA MARTA;06;05;I.E.D.ONDASDELCARIBE;005;01;PRESIDENTE;NO;;;131;BUEN ESTADO;131;0;6;131;NO;;NO;;;;NO;NO;NO;NO;NO;NO;SI;NO;
21;MAGDALENA;001;SANTA MARTA;06;05;I.E.D.ONDASDELCARIBE;006;01;PRESIDENTE;NO;;;137;BUEN ESTADO;137;0;6;137;NO;;NO;;;;NO;NO;NO;NO;NO;NO;NO;NO;
21;MAGDALENA;001;SANTA MARTA;06;05;I.E.D.ONDASDELCARIBE;007;01;PRESIDENTE;NO;;;116;BUEN ESTADO;116;0;6;116;NO;;NO;;;;NO;NO;NO;NO;NO;NO;NO;NO;
21;MAGDALENA;001;SANTA MARTA;06;05;I.E.D.ONDASDELCARIBE;008;01;PRESIDENTE;NO;;;135;BUEN ESTADO;135;0;6;135;NO;;NO;;;;NO;NO;NO;NO;NO;NO;SI;NO;
21;MAGDALENA;001;SANTA MARTA;06;05;I.E.D.ONDASDELCARIBE;009;01;PRESIDENTE;NO;;;135;BUEN ESTADO;135;0;6;135;NO;;NO;;;;NO;NO;NO;NO;NO;NO;SI;NO;
21;MAGDALENA;001;SANTA MARTA;06;05;I.E.D.ONDASDELCARIBE;010;01;PRESIDENTE;NO;;;115;BUEN ESTADO;115;0;6;115;NO;;NO;;;;NO;NO;NO;NO;NO;NO;SI;NO;
21;MAGDALENA;001;SANTA MARTA;06;05;I.E.D.ONDASDELCARIBE;011;01;PRESIDENTE;NO;;;35;BUEN ESTADO;35;0;6;35;NO;;NO;;;;NO;NO;NO;NO;NO;NO;NO;NO;
21;MAGDALENA;001;SANTA MARTA;06;06;I.E.DLAURAVICUÑA;001;01;PRESIDENTE;NO;;;77;BUEN ESTADO;77;0;5;77;NO;;NO;;;;NO;NO;NO;NO;NO;NO;NO;NO;
21;MAGDALENA;001;SANTA MARTA;06;06;I.E.DLAURAVICUÑA;002;01;PRESIDENTE;NO;;;171;BUEN ESTADO;170;0;6;171;NO;;NO;;;;NO;NO;NO;NO;NO;NO;SI;NO;
21;MAGDALENA;001;SANTA MARTA;06;06;I.E.DLAURAVICUÑA;003;01;PRESIDENTE;NO;;;212;BUEN ESTADO;212;0;6;212;NO;;NO;;;;NO;NO;NO;NO;NO;NO;SI;NO;
21;MAGDALENA;001;SANTA MARTA;06;06;I.E.DLAURAVICUÑA;004;01;PRESIDENTE;NO;;;204;BUEN ESTADO;204;0;6;204;NO;;NO;;;;NO;NO;NO;NO;NO;NO;SI;NO;
21;MAGDALENA;001;SANTA MARTA;06;06;I.E.DLAURAVICUÑA;005;01;PRESIDENTE;NO;;;204;BUEN ESTADO;204;0;6;204;NO;;SI;TESTIGO ELECTORAL;0026;HUBO RECUENTO DE VOTOS SOLICITADO POR TESTIGO DEL PARTIDO PACTO HISTORIC;NO;NO;NO;NO;NO;NO;SI;NO;
21;MAGDALENA;001;SANTA MARTA;06;06;I.E.DLAURAVICUÑA;006;01;PRESIDENTE;NO;;;227;BUEN ESTADO;227;0;6;227;NO;;NO;;;;NO;NO;NO;NO;NO;NO;SI;NO;
21;MAGDALENA;001;SANTA MARTA;06;06;I.E.DLAURAVICUÑA;007;01;PRESIDENTE;NO;;;229;BUEN ESTADO;229;0;6;229;NO;;NO;;;;NO;NO;NO;NO;NO;NO;SI;NO;
21;MAGDALENA;001;SANTA MARTA;06;06;I.E.DLAURAVICUÑA;008;01;PRESIDENTE;NO;;;206;BUEN ESTADO;206;0;6;206;NO;;NO;;;;NO;NO;NO;NO;NO;NO;SI;NO;
21;MAGDALENA;001;SANTA MARTA;06;06;I.E.DLAURAVICUÑA;009;01;PRESIDENTE;NO;;;191;BUEN ESTADO;191;0;6;191;NO;;NO;;;;NO;NO;NO;NO;NO;NO;SI;NO;
21;MAGDALENA;001;SANTA MARTA;06;06;I.E.DLAURAVICUÑA;010;01;PRESIDENTE;NO;;;200;BUEN ESTADO;200;0;6;200;NO;;NO;;;;NO;NO;NO;NO;NO;NO;NO;NO;
21;MAGDALENA;001;SANTA MARTA;06;06;I.E.DLAURAVICUÑA;011;01;PRESIDENTE;NO;;;189;BUEN ESTADO;189;0;6;189;NO;;NO;;;;NO;NO;NO;NO;NO;NO;SI;NO;
21;MAGDALENA;001;SANTA MARTA;06;06;I.E.DLAURAVICUÑA;012;01;PRESIDENTE;NO;;;123;BUEN ESTADO;123;0;6;123;NO;;NO;;;;NO;NO;NO;NO;NO;NO;SI;NO;
21;MAGDALENA;001;SANTA MARTA;06;06;I.E.DLAURAVICUÑA;013;01;PRESIDENTE;NO;;;207;BUEN ESTADO;207;0;6;207;NO;;NO;;;;NO;NO;NO;NO;NO;NO;NO;NO;
21;MAGDALENA;001;SANTA MARTA;06;06;I.E.DLAURAVICUÑA;014;01;PRESIDENTE;NO;;;263;BUEN ESTADO;263;0;6;263;NO;;NO;;;;NO;NO;NO;NO;NO;NO;SI;NO;
21;MAGDALENA;001;SANTA MARTA;06;06;I.E.DLAURAVICUÑA;015;01;PRESIDENTE;NO;;;194;BUEN ESTADO;194;0;6;194;NO;;NO;;;;NO;NO;NO;NO;NO;NO;NO;NO;
21;MAGDALENA;001;SANTA MARTA;06;06;I.E.DLAURAVICUÑA;016;01;PRESIDENTE;NO;;;178;BUEN ESTADO;178;0;6;178;NO;;NO;;;;NO;NO;NO;NO;NO;NO;NO;NO;
21;MAGDALENA;001;SANTA MARTA;06;06;I.E.DLAURAVICUÑA;017;01;PRESIDENTE;NO;;;160;BUEN ESTADO;160;0;6;160;NO;;NO;;;;NO;NO;NO;NO;NO;NO;NO;NO;
21;MAGDALENA;001;SANTA MARTA;06;06;I.E.DLAURAVICUÑA;018;01;PRESIDENTE;NO;;;176;BUEN ESTADO;176;0;6;176;NO;;NO;;;;NO;NO;NO;NO;NO;NO;SI;NO;
21;MAGDALENA;001;SANTA MARTA;06;06;I.E.DLAURAVICUÑA;019;01;PRESIDENTE;NO;;;164;BUEN ESTADO;164;0;6;164;NO;;NO;;;;NO;NO;NO;NO;NO;NO;NO;NO;
21;MAGDALENA;001;SANTA MARTA;06;06;I.E.DLAURAVICUÑA;020;01;PRESIDENTE;NO;;;25;BUEN ESTADO;25;0;6;25;NO;;NO;;;;NO;NO;NO;NO;NO;NO;NO;NO;
21;MAGDALENA;001;SANTA MARTA;06;07;I.E.D.ESC.NORMALSUP.MARIAAUX;001;01;PRESIDENTE;NO;;;253;BUEN ESTADO;253;0;6;253;NO;;NO;;;;NO;NO;NO;NO;NO;NO;NO;NO;
21;MAGDALENA;001;SANTA MARTA;06;07;I.E.D.ESC.NORMALSUP.MARIAAUX;002;01;PRESIDENTE;NO;;;227;BUEN ESTADO;227;0;6;227;NO;;NO;;;;NO;NO;NO;NO;NO;NO;SI;NO;
21;MAGDALENA;001;SANTA MARTA;06;07;I.E.D.ESC.NORMALSUP.MARIAAUX;003;01;PRESIDENTE;NO;;;162;BUEN ESTADO;162;0;6;162;NO;;NO;;;;NO;NO;NO;NO;NO;NO;NO;NO;
21;MAGDALENA;001;SANTA MARTA;06;07;I.E.D.ESC.NORMALSUP.MARIAAUX;004;01;PRESIDENTE;NO;;;191;BUEN ESTADO;191;0;6;191;NO;;NO;;;;NO;NO;NO;NO;NO;NO;SI;NO;
21;MAGDALENA;001;SANTA MARTA;06;07;I.E.D.ESC.NORMALSUP.MARIAAUX;005;01;PRESIDENTE;NO;;;141;BUEN ESTADO;141;0;6;141;NO;;NO;;;;NO;NO;NO;NO;NO;NO;SI;NO;
21;MAGDALENA;001;SANTA MARTA;06;07;I.E.D.ESC.NORMALSUP.MARIAAUX;006;01;PRESIDENTE;NO;;;154;BUEN ESTADO;154;0;6;154;NO;;NO;;;;NO;NO;NO;NO;NO;NO;NO;NO;
21;MAGDALENA;001;SANTA MARTA;06;07;I.E.D.ESC.NORMALSUP.MARIAAUX;007;01;PRESIDENTE;NO;;;127;BUEN ESTADO;127;0;6;127;NO;;NO;;;;NO;NO;NO;NO;NO;NO;SI;NO;
21;MAGDALENA;001;SANTA MARTA;06;07;I.E.D.ESC.NORMALSUP.MARIAAUX;008;01;PRESIDENTE;NO;;;163;BUEN ESTADO;163;0;6;163;NO;;NO;;;;NO;NO;NO;NO;NO;NO;NO;NO;
21;MAGDALENA;001;SANTA MARTA;06;07;I.E.D.ESC.NORMALSUP.MARIAAUX;009;01;PRESIDENTE;NO;;;144;BUEN ESTADO;144;0;6;144;NO;;NO;;;;NO;NO;NO;NO;NO;NO;SI;NO;
21;MAGDALENA;001;SANTA MARTA;06;07;I.E.D.ESC.NORMALSUP.MARIAAUX;010;01;PRESIDENTE;NO;;;203;BUEN ESTADO;203;0;6;203;NO;;NO;;;;NO;NO;NO;NO;NO;NO;SI;NO;
21;MAGDALENA;001;SANTA MARTA;06;07;I.E.D.ESC.NORMALSUP.MARIAAUX;011;01;PRESIDENTE;NO;;;199;BUEN ESTADO;199;0;6;199;NO;;NO;;;;NO;NO;NO;NO;NO;NO;SI;NO;
21;MAGDALENA;001;SANTA MARTA;06;07;I.E.D.ESC.NORMALSUP.MARIAAUX;012;01;PRESIDENTE;NO;;;138;BUEN ESTADO;138;0;6;138;NO;;NO;;;;NO;NO;NO;NO;NO;NO;SI;NO;
21;MAGDALENA;001;SANTA MARTA;06;07;I.E.D.ESC.NORMALSUP.MARIAAUX;013;01;PRESIDENTE;NO;;;174;BUEN ESTADO;174;0;6;174;NO;;NO;;;;NO;NO;NO;NO;NO;NO;NO;NO;
21;MAGDALENA;001;SANTA MARTA;06;07;I.E.D.ESC.NORMALSUP.MARIAAUX;014;01;PRESIDENTE;NO;;;205;BUEN ESTADO;205;0;6;205;NO;;NO;;;;NO;NO;NO;NO;NO;NO;SI;NO;
21;MAGDALENA;001;SANTA MARTA;06;07;I.E.D.ESC.NORMALSUP.MARIAAUX;015;01;PRESIDENTE;NO;;;195;BUEN ESTADO;195;0;6;195;NO;;NO;;;;NO;NO;NO;NO;NO;NO;NO;NO;
21;MAGDALENA;001;SANTA MARTA;06;07;I.E.D.ESC.NORMALSUP.MARIAAUX;016;01;PRESIDENTE;NO;;;10;BUEN ESTADO;10;0;6;10;NO;;NO;;;;NO;NO;NO;NO;NO;NO;NO;NO;
21;MAGDALENA;001;SANTA MARTA;06;08;IEDELCARMEN;001;01;PRESIDENTE;NO;;;173;BUEN ESTADO;173;0;6;173;NO;;NO;;;;NO;NO;NO;NO;NO;NO;NO;NO;
21;MAGDALENA;001;SANTA MARTA;06;08;IEDELCARMEN;002;01;PRESIDENTE;NO;;;197;BUEN ESTADO;197;0;6;197;NO;;NO;;;;NO;NO;NO;NO;NO;NO;SI;NO;
21;MAGDALENA;001;SANTA MARTA;06;08;IEDELCARMEN;003;01;PRESIDENTE;NO;;;240;BUEN ESTADO;240;0;6;240;NO;;NO;;;;NO;NO;NO;NO;NO;NO;NO;NO;
21;MAGDALENA;001;SANTA MARTA;06;08;IEDELCARMEN;004;01;PRESIDENTE;NO;;;237;BUEN ESTADO;237;0;6;237;NO;;NO;;;;NO;NO;NO;NO;NO;NO;NO;NO;
21;MAGDALENA;001;SANTA MARTA;06;08;IEDELCARMEN;005;01;PRESIDENTE;NO;;;176;BUEN ESTADO;176;0;6;176;NO;;NO;;;;NO;NO;NO;NO;NO;NO;SI;NO;
21;MAGDALENA;001;SANTA MARTA;06;08;IEDELCARMEN;006;01;PRESIDENTE;NO;;;124;BUEN ESTADO;124;0;6;124;NO;;NO;;;;NO;NO;NO;NO;NO;NO;SI;NO;
21;MAGDALENA;001;SANTA MARTA;06;08;IEDELCARMEN;007;01;PRESIDENTE;NO;;;166;BUEN ESTADO;166;0;6;166;NO;;NO;;;;NO;NO;NO;NO;NO;NO;NO;NO;
21;MAGDALENA;001;SANTA MARTA;06;08;IEDELCARMEN;008;01;PRESIDENTE;NO;;;227;BUEN ESTADO;227;0;6;227;NO;;NO;;;;NO;NO;NO;NO;NO;NO;SI;NO;
21;MAGDALENA;001;SANTA MARTA;06;08;IEDELCARMEN;009;01;PRESIDENTE;NO;;;245;BUEN ESTADO;245;0;6;245;NO;;NO;;;;NO;NO;NO;NO;NO;NO;SI;NO;
21;MAGDALENA;001;SANTA MARTA;06;08;IEDELCARMEN;010;01;PRESIDENTE;NO;;;227;BUEN ESTADO;227;0;6;227;NO;;NO;;;;NO;NO;NO;NO;NO;NO;SI;NO;
21;MAGDALENA;001;SANTA MARTA;06;08;IEDELCARMEN;011;01;PRESIDENTE;NO;;;198;BUEN ESTADO;198;0;6;198;NO;;NO;;;;NO;NO;NO;NO;NO;NO;NO;NO;
21;MAGDALENA;001;SANTA MARTA;06;08;IEDELCARMEN;012;01;PRESIDENTE;NO;;;194;BUEN ESTADO;194;0;6;194;NO;;NO;;;;NO;NO;NO;NO;NO;NO;SI;NO;
21;MAGDALENA;001;SANTA MARTA;06;08;IEDELCARMEN;013;01;PRESIDENTE;NO;;;181;BUEN ESTADO;181;0;6;181;NO;;NO;;;;NO;NO;NO;NO;NO;NO;SI;NO;
21;MAGDALENA;001;SANTA MARTA;06;08;IEDELCARMEN;014;01;PRESIDENTE;NO;;;216;BUEN ESTADO;216;0;6;216;NO;;NO;;;;NO;NO;NO;NO;NO;NO;NO;NO;
21;MAGDALENA;001;SANTA MARTA;06;08;IEDELCARMEN;015;01;PRESIDENTE;NO;;;153;BUEN ESTADO;153;0;6;153;NO;;NO;;;;NO;NO;NO;NO;NO;NO;NO;NO;
21;MAGDALENA;001;SANTA MARTA;06;08;IEDELCARMEN;016;01;PRESIDENTE;NO;;;162;BUEN ESTADO;162;0;6;162;NO;;NO;;;;NO;NO;NO;NO;NO;NO;SI;NO;
21;MAGDALENA;001;SANTA MARTA;06;08;IEDELCARMEN;017;01;PRESIDENTE;NO;;;76;BUEN ESTADO;76;0;6;76;NO;;NO;;;;NO;NO;NO;NO;NO;NO;NO;NO;
21;MAGDALENA;001;SANTA MARTA;06;09;IEDRODRIGOGALVANDEBASTIDAS;001;01;PRESIDENTE;NO;;;287;BUEN ESTADO;287;0;6;287;NO;;NO;;;;NO;NO;NO;NO;NO;NO;SI;NO;
21;MAGDALENA;001;SANTA MARTA;06;09;IEDRODRIGOGALVANDEBASTIDAS;002;01;PRESIDENTE;NO;;;269;BUEN ESTADO;269;0;6;269;NO;;NO;;;;NO;NO;NO;NO;NO;NO;NO;NO;
21;MAGDALENA;001;SANTA MARTA;06;09;IEDRODRIGOGALVANDEBASTIDAS;003;01;PRESIDENTE;NO;;;264;BUEN ESTADO;264;0;6;264;NO;;NO;;;;NO;NO;NO;NO;NO;NO;SI;NO;
21;MAGDALENA;001;SANTA MARTA;06;09;IEDRODRIGOGALVANDEBASTIDAS;004;01;PRESIDENTE;NO;;;279;BUEN ESTADO;279;0;6;279;NO;;NO;;;;NO;NO;NO;NO;NO;NO;NO;NO;
21;MAGDALENA;001;SANTA MARTA;06;09;IEDRODRIGOGALVANDEBASTIDAS;005;01;PRESIDENTE;NO;;;248;BUEN ESTADO;248;0;6;248;NO;;NO;;;;NO;NO;NO;NO;NO;NO;NO;NO;
21;MAGDALENA;001;SANTA MARTA;06;09;IEDRODRIGOGALVANDEBASTIDAS;006;01;PRESIDENTE;NO;;;260;BUEN ESTADO;260;0;6;260;NO;;NO;;;;NO;NO;NO;NO;NO;NO;SI;NO;
21;MAGDALENA;001;SANTA MARTA;06;09;IEDRODRIGOGALVANDEBASTIDAS;007;01;PRESIDENTE;NO;;;269;BUEN ESTADO;269;0;6;269;NO;;NO;;;;NO;NO;NO;NO;NO;NO;SI;NO;
21;MAGDALENA;001;SANTA MARTA;06;09;IEDRODRIGOGALVANDEBASTIDAS;008;01;PRESIDENTE;NO;;;233;BUEN ESTADO;233;0;6;233;NO;;NO;;;;NO;NO;NO;NO;NO;NO;SI;NO;
21;MAGDALENA;001;SANTA MARTA;06;09;IEDRODRIGOGALVANDEBASTIDAS;009;01;PRESIDENTE;NO;;;181;BUEN ESTADO;181;0;6;181;NO;;NO;;;;NO;NO;NO;NO;NO;NO;NO;NO;
21;MAGDALENA;001;SANTA MARTA;06;09;IEDRODRIGOGALVANDEBASTIDAS;010;01;PRESIDENTE;NO;;;190;BUEN ESTADO;190;0;6;190;NO;;NO;;;;NO;NO;NO;NO;NO;NO;NO;NO;
21;MAGDALENA;001;SANTA MARTA;06;09;IEDRODRIGOGALVANDEBASTIDAS;011;01;PRESIDENTE;NO;;;186;BUEN ESTADO;186;0;6;186;NO;;NO;;;;NO;NO;NO;NO;NO;NO;NO;NO;
21;MAGDALENA;001;SANTA MARTA;06;09;IEDRODRIGOGALVANDEBASTIDAS;012;01;PRESIDENTE;NO;;;180;BUEN ESTADO;180;0;6;180;NO;;NO;;;;NO;NO;NO;NO;NO;NO;SI;NO;
21;MAGDALENA;001;SANTA MARTA;06;09;IEDRODRIGOGALVANDEBASTIDAS;013;01;PRESIDENTE;NO;;;167;BUEN ESTADO;167;0;6;167;NO;;NO;;;;NO;NO;NO;NO;NO;NO;SI;NO;
21;MAGDALENA;001;SANTA MARTA;06;09;IEDRODRIGOGALVANDEBASTIDAS;014;01;PRESIDENTE;NO;;;171;BUEN ESTADO;171;0;6;171;NO;;NO;;;;NO;NO;NO;NO;NO;NO;NO;NO;
21;MAGDALENA;001;SANTA MARTA;06;09;IEDRODRIGOGALVANDEBASTIDAS;015;01;PRESIDENTE;NO;;;186;BUEN ESTADO;186;0;6;186;NO;;NO;;;;NO;NO;NO;NO;NO;NO;NO;NO;
21;MAGDALENA;001;SANTA MARTA;06;09;IEDRODRIGOGALVANDEBASTIDAS;016;01;PRESIDENTE;NO;;;174;BUEN ESTADO;174;0;6;174;NO;;NO;;;;NO;NO;NO;NO;NO;NO;SI;NO;
21;MAGDALENA;001;SANTA MARTA;06;09;IEDRODRIGOGALVANDEBASTIDAS;017;01;PRESIDENTE;NO;;;196;BUEN ESTADO;196;0;6;196;NO;;NO;;;;NO;NO;NO;NO;NO;NO;SI;NO;
21;MAGDALENA;001;SANTA MARTA;06;09;IEDRODRIGOGALVANDEBASTIDAS;018;01;PRESIDENTE;NO;;;214;BUEN ESTADO;214;0;6;214;NO;;NO;;;;NO;NO;NO;NO;NO;NO;SI;NO;
21;MAGDALENA;001;SANTA MARTA;06;09;IEDRODRIGOGALVANDEBASTIDAS;019;01;PRESIDENTE;NO;;;216;BUEN ESTADO;216;0;6;216;NO;;NO;;;;NO;NO;NO;NO;NO;NO;SI;NO;
21;MAGDALENA;001;SANTA MARTA;06;09;IEDRODRIGOGALVANDEBASTIDAS;020;01;PRESIDENTE;NO;;;166;BUEN ESTADO;166;0;6;166;NO;;NO;;;;NO;NO;NO;NO;NO;NO;SI;NO;
21;MAGDALENA;001;SANTA MARTA;06;09;IEDRODRIGOGALVANDEBASTIDAS;021;01;PRESIDENTE;NO;;;69;BUEN ESTADO;69;0;6;69;NO;;NO;;;;NO;NO;NO;NO;NO;NO;NO;NO;
21;MAGDALENA;001;SANTA MARTA;06;10;IEDPANTANOSEDE01;001;01;PRESIDENTE;NO;;;250;BUEN ESTADO;250;0;6;250;NO;;NO;;;;NO;NO;NO;NO;NO;NO;SI;NO;
21;MAGDALENA;001;SANTA MARTA;06;10;IEDPANTANOSEDE01;002;01;PRESIDENTE;NO;;;160;BUEN ESTADO;160;0;6;160;NO;;NO;;;;NO;NO;NO;NO;NO;NO;NO;NO;
21;MAGDALENA;001;SANTA MARTA;06;10;IEDPANTANOSEDE01;003;01;PRESIDENTE;NO;;;227;BUEN ESTADO;127;0;6;127;NO;;NO;;;;NO;NO;NO;NO;NO;NO;NO;NO;
21;MAGDALENA;001;SANTA MARTA;07;01;I.E.D.MADRELAURA;001;01;PRESIDENTE;NO;;;227;BUEN ESTADO;227;0;6;227;NO;;NO;;;;NO;NO;NO;NO;NO;NO;SI;NO;
21;MAGDALENA;001;SANTA MARTA;07;01;I.E.D.MADRELAURA;002;01;PRESIDENTE;NO;;;231;BUEN ESTADO;231;0;6;231;NO;;NO;;;;NO;NO;NO;NO;NO;NO;SI;NO;
21;MAGDALENA;001;SANTA MARTA;07;01;I.E.D.MADRELAURA;003;01;PRESIDENTE;NO;;;189;BUEN ESTADO;189;0;6;189;NO;;NO;;;;NO;NO;NO;NO;NO;NO;SI;NO;
21;MAGDALENA;001;SANTA MARTA;07;01;I.E.D.MADRELAURA;004;01;PRESIDENTE;NO;;;201;BUEN ESTADO;201;0;6;201;NO;;NO;;;;NO;NO;NO;NO;NO;NO;NO;NO;
21;MAGDALENA;001;SANTA MARTA;07;01;I.E.D.MADRELAURA;005;01;PRESIDENTE;NO;;;231;BUEN ESTADO;230;0;5;231;NO;;NO;;;;NO;NO;NO;NO;NO;NO;SI;NO;
21;MAGDALENA;001;SANTA MARTA;07;01;I.E.D.MADRELAURA;006;01;PRESIDENTE;NO;;;216;BUEN ESTADO;216;0;6;216;NO;;NO;;;;NO;NO;NO;NO;NO;NO;SI;NO;
21;MAGDALENA;001;SANTA MARTA;07;01;I.E.D.MADRELAURA;007;01;PRESIDENTE;NO;;;165;BUEN ESTADO;165;0;6;165;NO;;NO;;;;NO;NO;NO;NO;NO;NO;SI;NO;
21;MAGDALENA;001;SANTA MARTA;07;01;I.E.D.MADRELAURA;008;01;PRESIDENTE;NO;;;143;BUEN ESTADO;143;0;6;143;NO;;NO;;;;NO;NO;NO;NO;NO;NO;NO;NO;
21;MAGDALENA;001;SANTA MARTA;07;01;I.E.D.MADRELAURA;009;01;PRESIDENTE;NO;;;148;BUEN ESTADO;148;0;6;148;NO;;NO;;;;NO;NO;NO;NO;NO;NO;NO;NO;
21;MAGDALENA;001;SANTA MARTA;07;01;I.E.D.MADRELAURA;010;01;PRESIDENTE;NO;;;159;BUEN ESTADO;158;0;6;158;NO;;NO;;;;NO;NO;NO;NO;NO;NO;NO;NO;
21;MAGDALENA;001;SANTA MARTA;07;01;I.E.D.MADRELAURA;011;01;PRESIDENTE;NO;;;139;BUEN ESTADO;139;0;6;139;NO;;NO;;;;NO;NO;NO;NO;NO;NO;NO;NO;
21;MAGDALENA;001;SANTA MARTA;07;01;I.E.D.MADRELAURA;012;01;PRESIDENTE;NO;;;172;BUEN ESTADO;172;0;6;172;NO;;NO;;;;NO;NO;NO;NO;NO;NO;NO;NO;
21;MAGDALENA;001;SANTA MARTA;07;01;I.E.D.MADRELAURA;013;01;PRESIDENTE;NO;;;148;BUEN ESTADO;148;0;6;148;NO;;NO;;;;NO;NO;NO;NO;NO;NO;SI;NO;
21;MAGDALENA;001;SANTA MARTA;07;01;I.E.D.MADRELAURA;014;01;PRESIDENTE;NO;;;174;BUEN ESTADO;174;0;6;174;NO;;NO;;;;NO;NO;NO;NO;NO;NO;SI;NO;
21;MAGDALENA;001;SANTA MARTA;07;01;I.E.D.MADRELAURA;015;01;PRESIDENTE;NO;;;159;BUEN ESTADO;159;0;6;159;NO;;NO;;;;NO;NO;NO;NO;NO;NO;NO;NO;
21;MAGDALENA;001;SANTA MARTA;07;01;I.E.D.MADRELAURA;016;01;PRESIDENTE;NO;;;169;BUEN ESTADO;169;0;6;169;NO;;NO;;;;NO;NO;NO;NO;NO;NO;SI;NO;
21;MAGDALENA;001;SANTA MARTA;07;01;I.E.D.MADRELAURA;017;01;PRESIDENTE;NO;;;149;BUEN ESTADO;149;0;6;149;NO;;NO;;;;NO;NO;NO;NO;NO;NO;SI;NO;
21;MAGDALENA;001;SANTA MARTA;07;01;I.E.D.MADRELAURA;018;01;PRESIDENTE;NO;;;122;BUEN ESTADO;122;0;5;122;NO;;NO;;;;NO;NO;NO;NO;NO;NO;NO;NO;
21;MAGDALENA;001;SANTA MARTA;07;01;I.E.D.MADRELAURA;019;01;PRESIDENTE;NO;;;50;BUEN ESTADO;50;0;6;50;NO;;NO;;;;NO;NO;NO;NO;NO;NO;NO;NO;
21;MAGDALENA;001;SANTA MARTA;07;02;I.E.D.LICEODELNORTE;001;01;PRESIDENTE;NO;;;167;BUEN ESTADO;167;0;6;167;NO;;NO;;;;NO;NO;NO;NO;NO;NO;SI;NO;
21;MAGDALENA;001;SANTA MARTA;07;02;I.E.D.LICEODELNORTE;002;01;PRESIDENTE;NO;;;238;BUEN ESTADO;238;0;6;238;NO;;NO;;;;NO;NO;NO;NO;NO;NO;SI;NO;
21;MAGDALENA;001;SANTA MARTA;07;02;I.E.D.LICEODELNORTE;003;01;PRESIDENTE;NO;;;230;BUEN ESTADO;230;0;6;230;NO;;NO;;;;NO;NO;NO;NO;NO;NO;NO;NO;
21;MAGDALENA;001;SANTA MARTA;07;02;I.E.D.LICEODELNORTE;004;01;PRESIDENTE;NO;;;235;BUEN ESTADO;235;0;6;235;NO;;NO;;;;NO;NO;NO;NO;NO;NO;SI;NO;
21;MAGDALENA;001;SANTA MARTA;07;02;I.E.D.LICEODELNORTE;005;01;PRESIDENTE;NO;;;257;BUEN ESTADO;257;0;6;257;NO;;NO;;;;NO;NO;NO;NO;NO;NO;NO;NO;
21;MAGDALENA;001;SANTA MARTA;07;02;I.E.D.LICEODELNORTE;006;01;PRESIDENTE;NO;;;248;BUEN ESTADO;248;0;6;248;NO;;NO;;;;NO;NO;NO;NO;NO;NO;SI;NO;
21;MAGDALENA;001;SANTA MARTA;07;02;I.E.D.LICEODELNORTE;007;01;PRESIDENTE;NO;;;260;BUEN ESTADO;259;0;6;260;NO;;NO;;;;NO;NO;NO;NO;NO;NO;SI;NO;
21;MAGDALENA;001;SANTA MARTA;07;02;I.E.D.LICEODELNORTE;008;01;PRESIDENTE;NO;;;186;BUEN ESTADO;186;0;6;186;NO;;NO;;;;NO;NO;NO;NO;NO;NO;NO;NO;
21;MAGDALENA;001;SANTA MARTA;07;02;I.E.D.LICEODELNORTE;009;01;PRESIDENTE;NO;;;182;BUEN ESTADO;182;0;6;182;NO;;NO;;;;NO;NO;NO;NO;NO;NO;NO;NO;
21;MAGDALENA;001;SANTA MARTA;07;02;I.E.D.LICEODELNORTE;010;01;PRESIDENTE;NO;;;170;BUEN ESTADO;170;0;6;170;NO;;NO;;;;NO;NO;NO;NO;NO;NO;NO;NO;
21;MAGDALENA;001;SANTA MARTA;07;02;I.E.D.LICEODELNORTE;011;01;PRESIDENTE;NO;;;174;BUEN ESTADO;174;0;6;174;NO;;NO;;;;NO;NO;NO;NO;NO;NO;SI;NO;
21;MAGDALENA;001;SANTA MARTA;07;02;I.E.D.LICEODELNORTE;012;01;PRESIDENTE;NO;;;217;BUEN ESTADO;217;0;6;217;NO;;NO;;;;NO;NO;NO;NO;NO;NO;NO;NO;
21;MAGDALENA;001;SANTA MARTA;07;02;I.E.D.LICEODELNORTE;013;01;PRESIDENTE;NO;;;231;BUEN ESTADO;232;1;6;231;NO;;NO;;;;NO;NO;NO;NO;NO;NO;SI;NO;
21;MAGDALENA;001;SANTA MARTA;07;02;I.E.D.LICEODELNORTE;014;01;PRESIDENTE;NO;;;257;BUEN ESTADO;254;0;6;257;NO;;NO;;;;NO;NO;NO;NO;NO;NO;NO;NO;
21;MAGDALENA;001;SANTA MARTA;07;02;I.E.D.LICEODELNORTE;015;01;PRESIDENTE;NO;;;242;BUEN ESTADO;243;1;6;242;NO;;NO;;;;NO;NO;NO;NO;NO;NO;SI;NO;
21;MAGDALENA;001;SANTA MARTA;07;02;I.E.D.LICEODELNORTE;016;01;PRESIDENTE;NO;;;232;BUEN ESTADO;231;0;6;232;NO;;NO;;;;NO;NO;NO;NO;NO;NO;NO;NO;
21;MAGDALENA;001;SANTA MARTA;07;02;I.E.D.LICEODELNORTE;017;01;PRESIDENTE;NO;;;237;BUEN ESTADO;237;0;6;237;NO;;NO;;;;NO;NO;NO;NO;NO;NO;SI;NO;
21;MAGDALENA;001;SANTA MARTA;07;02;I.E.D.LICEODELNORTE;018;01;PRESIDENTE;NO;;;225;BUEN ESTADO;225;0;6;225;NO;;NO;;;;NO;NO;NO;NO;NO;NO;SI;NO;
21;MAGDALENA;001;SANTA MARTA;07;02;I.E.D.LICEODELNORTE;019;01;PRESIDENTE;NO;;;240;BUEN ESTADO;240;0;6;240;NO;;NO;;;;NO;NO;NO;NO;NO;NO;SI;NO;
21;MAGDALENA;001;SANTA MARTA;07;02;I.E.D.LICEODELNORTE;020;01;PRESIDENTE;NO;;;263;BUEN ESTADO;263;0;6;263;NO;;NO;;;;NO;NO;NO;NO;NO;NO;SI;NO;
21;MAGDALENA;001;SANTA MARTA;07;02;I.E.D.LICEODELNORTE;021;01;PRESIDENTE;NO;;;194;BUEN ESTADO;194;0;6;194;NO;;NO;;;;NO;NO;NO;NO;NO;NO;SI;NO;
21;MAGDALENA;001;SANTA MARTA;07;02;I.E.D.LICEODELNORTE;022;01;PRESIDENTE;NO;;;177;BUEN ESTADO;177;0;6;177;NO;;NO;;;;NO;NO;NO;NO;NO;NO;NO;NO;
21;MAGDALENA;001;SANTA MARTA;07;02;I.E.D.LICEODELNORTE;023;01;PRESIDENTE;NO;;;204;BUEN ESTADO;204;0;6;204;NO;;NO;;;;NO;NO;NO;NO;NO;NO;NO;NO;
21;MAGDALENA;001;SANTA MARTA;07;02;I.E.D.LICEODELNORTE;024;01;PRESIDENTE;NO;;;230;BUEN ESTADO;230;0;6;230;NO;;NO;;;;NO;NO;NO;NO;NO;NO;NO;NO;
21;MAGDALENA;001;SANTA MARTA;07;02;I.E.D.LICEODELNORTE;025;01;PRESIDENTE;NO;;;23;BUEN ESTADO;23;0;6;23;NO;;NO;;;;NO;NO;NO;NO;NO;NO;NO;NO;
21;MAGDALENA;001;SANTA MARTA;07;03;I.E.D.ALFONSOLOPEZ;001;01;PRESIDENTE;NO;;;232;BUEN ESTADO;232;0;6;232;NO;;NO;;;;NO;NO;NO;NO;NO;NO;SI;NO;
21;MAGDALENA;001;SANTA MARTA;07;03;I.E.D.ALFONSOLOPEZ;002;01;PRESIDENTE;NO;;;221;BUEN ESTADO;221;0;6;221;NO;;NO;;;;NO;NO;NO;NO;NO;NO;SI;NO;
21;MAGDALENA;001;SANTA MARTA;07;03;I.E.D.ALFONSOLOPEZ;003;01;PRESIDENTE;NO;;;219;BUEN ESTADO;219;0;6;219;NO;;NO;;;;NO;NO;NO;NO;NO;NO;SI;NO;
21;MAGDALENA;001;SANTA MARTA;07;03;I.E.D.ALFONSOLOPEZ;004;01;PRESIDENTE;NO;;;217;BUEN ESTADO;217;0;6;217;NO;;NO;;;;NO;NO;NO;NO;NO;NO;SI;NO;
21;MAGDALENA;001;SANTA MARTA;07;03;I.E.D.ALFONSOLOPEZ;005;01;PRESIDENTE;NO;;;221;BUEN ESTADO;221;0;6;221;NO;;NO;;;;NO;NO;NO;NO;NO;NO;NO;NO;
21;MAGDALENA;001;SANTA MARTA;07;03;I.E.D.ALFONSOLOPEZ;006;01;PRESIDENTE;NO;;;231;BUEN ESTADO;231;0;6;231;NO;;NO;;;;NO;NO;NO;NO;NO;NO;SI;NO;
21;MAGDALENA;001;SANTA MARTA;07;03;I.E.D.ALFONSOLOPEZ;007;01;PRESIDENTE;NO;;;237;BUEN ESTADO;237;0;6;237;NO;;NO;;;;NO;NO;NO;NO;NO;NO;SI;NO;
21;MAGDALENA;001;SANTA MARTA;07;03;I.E.D.ALFONSOLOPEZ;008;01;PRESIDENTE;NO;;;165;BUEN ESTADO;165;0;6;165;NO;;NO;;;;NO;NO;NO;NO;NO;NO;SI;NO;
21;MAGDALENA;001;SANTA MARTA;07;03;I.E.D.ALFONSOLOPEZ;009;01;PRESIDENTE;NO;;;142;BUEN ESTADO;142;0;6;142;NO;;NO;;;;NO;NO;NO;NO;NO;NO;SI;NO;
21;MAGDALENA;001;SANTA MARTA;07;03;I.E.D.ALFONSOLOPEZ;010;01;PRESIDENTE;NO;;;156;BUEN ESTADO;156;0;6;156;NO;;NO;;;;NO;NO;NO;NO;NO;NO;NO;NO;
21;MAGDALENA;001;SANTA MARTA;07;03;I.E.D.ALFONSOLOPEZ;011;01;PRESIDENTE;NO;;;136;BUEN ESTADO;136;0;6;136;NO;;NO;;;;NO;NO;NO;NO;NO;NO;SI;NO;
21;MAGDALENA;001;SANTA MARTA;07;03;I.E.D.ALFONSOLOPEZ;012;01;PRESIDENTE;NO;;;174;BUEN ESTADO;174;0;6;174;NO;;NO;;;;NO;NO;NO;NO;NO;NO;NO;NO;
21;MAGDALENA;001;SANTA MARTA;07;03;I.E.D.ALFONSOLOPEZ;013;01;PRESIDENTE;NO;;;183;BUEN ESTADO;183;0;6;183;NO;;NO;;;;NO;NO;NO;NO;NO;NO;NO;NO;
21;MAGDALENA;001;SANTA MARTA;07;03;I.E.D.ALFONSOLOPEZ;014;01;PRESIDENTE;NO;;;156;BUEN ESTADO;156;0;6;156;NO;;NO;;;;NO;NO;NO;NO;NO;NO;NO;NO;
21;MAGDALENA;001;SANTA MARTA;07;03;I.E.D.ALFONSOLOPEZ;015;01;PRESIDENTE;NO;;;171;BUEN ESTADO;171;0;5;171;NO;;NO;;;;NO;NO;NO;NO;NO;NO;NO;NO;
21;MAGDALENA;001;SANTA MARTA;07;03;I.E.D.ALFONSOLOPEZ;016;01;PRESIDENTE;NO;;;165;BUEN ESTADO;165;0;6;165;NO;;NO;;;;NO;NO;NO;NO;NO;NO;NO;NO;
21;MAGDALENA;001;SANTA MARTA;07;03;I.E.D.ALFONSOLOPEZ;017;01;PRESIDENTE;NO;;;165;BUEN ESTADO;165;0;6;165;NO;;NO;;;;NO;NO;NO;NO;NO;NO;NO;NO;
21;MAGDALENA;001;SANTA MARTA;07;03;I.E.D.ALFONSOLOPEZ;018;01;PRESIDENTE;NO;;;176;BUEN ESTADO;176;0;6;176;NO;;NO;;;;NO;NO;NO;NO;NO;NO;SI;NO;
21;MAGDALENA;001;SANTA MARTA;07;03;I.E.D.ALFONSOLOPEZ;019;01;PRESIDENTE;NO;;;178;BUEN ESTADO;178;0;6;178;NO;;NO;;;;NO;NO;NO;NO;NO;NO;SI;NO;
21;MAGDALENA;001;SANTA MARTA;07;03;I.E.D.ALFONSOLOPEZ;020;01;PRESIDENTE;NO;;;150;BUEN ESTADO;150;0;6;150;NO;;NO;;;;NO;NO;NO;NO;NO;NO;NO;NO;
21;MAGDALENA;001;SANTA MARTA;07;03;I.E.D.ALFONSOLOPEZ;021;01;PRESIDENTE;NO;;;81;BUEN ESTADO;81;0;6;81;NO;;NO;;;;NO;NO;NO;NO;NO;NO;NO;NO;
21;MAGDALENA;001;SANTA MARTA;07;04;IEDJHONFKENNEDY;001;01;PRESIDENTE;NO;;;258;BUEN ESTADO;257;0;6;258;NO;;NO;;;;NO;NO;NO;NO;NO;NO;NO;NO;
21;MAGDALENA;001;SANTA MARTA;07;04;IEDJHONFKENNEDY;002;01;PRESIDENTE;NO;;;224;BUEN ESTADO;223;0;6;224;NO;;NO;;;;NO;NO;NO;NO;NO;NO;SI;NO;
21;MAGDALENA;001;SANTA MARTA;07;04;IEDJHONFKENNEDY;003;01;PRESIDENTE;NO;;;147;BUEN ESTADO;147;0;6;147;NO;;NO;;;;NO;NO;NO;NO;NO;NO;NO;NO;
21;MAGDALENA;001;SANTA MARTA;07;04;IEDJHONFKENNEDY;004;01;PRESIDENTE;NO;;;151;BUEN ESTADO;149;0;6;151;NO;;NO;;;;NO;NO;NO;NO;NO;NO;NO;NO;
21;MAGDALENA;001;SANTA MARTA;07;04;IEDJHONFKENNEDY;005;01;PRESIDENTE;NO;;;147;BUEN ESTADO;147;0;6;147;NO;;NO;;;;NO;NO;NO;NO;NO;NO;SI;NO;
21;MAGDALENA;001;SANTA MARTA;07;04;IEDJHONFKENNEDY;006;01;PRESIDENTE;NO;;;69;BUEN ESTADO;69;0;5;69;NO;;NO;;;;NO;NO;NO;NO;NO;NO;NO;NO;
21;MAGDALENA;001;SANTA MARTA;07;05;IEDLICEODELNORTESEDE2MIXTANo3;001;01;PRESIDENTE;NO;;;258;BUEN ESTADO;258;0;6;258;NO;;NO;;;;NO;NO;NO;NO;NO;NO;NO;NO;
21;MAGDALENA;001;SANTA MARTA;07;05;IEDLICEODELNORTESEDE2MIXTANo3;002;01;PRESIDENTE;NO;;;216;BUEN ESTADO;216;0;6;216;NO;;NO;;;;NO;NO;NO;NO;NO;NO;SI;NO;
21;MAGDALENA;001;SANTA MARTA;07;05;IEDLICEODELNORTESEDE2MIXTANo3;003;01;PRESIDENTE;NO;;;233;BUEN ESTADO;233;0;6;233;NO;;NO;;;;NO;NO;NO;NO;NO;NO;SI;NO;
21;MAGDALENA;001;SANTA MARTA;07;05;IEDLICEODELNORTESEDE2MIXTANo3;004;01;PRESIDENTE;NO;;;250;BUEN ESTADO;251;1;6;250;NO;;NO;;;;NO;NO;NO;NO;NO;NO;SI;NO;
21;MAGDALENA;001;SANTA MARTA;07;05;IEDLICEODELNORTESEDE2MIXTANo3;005;01;PRESIDENTE;NO;;;233;BUEN ESTADO;233;0;6;233;NO;;NO;;;;NO;NO;NO;NO;NO;NO;NO;NO;
21;MAGDALENA;001;SANTA MARTA;07;05;IEDLICEODELNORTESEDE2MIXTANo3;006;01;PRESIDENTE;NO;;;204;BUEN ESTADO;204;0;6;204;NO;;NO;;;;NO;NO;NO;NO;NO;NO;SI;NO;
21;MAGDALENA;001;SANTA MARTA;07;05;IEDLICEODELNORTESEDE2MIXTANo3;007;01;PRESIDENTE;NO;;;152;BUEN ESTADO;152;0;6;152;NO;;NO;;;;NO;NO;NO;NO;NO;NO;NO;NO;
21;MAGDALENA;001;SANTA MARTA;07;05;IEDLICEODELNORTESEDE2MIXTANo3;008;01;PRESIDENTE;NO;;;145;BUEN ESTADO;145;0;6;145;NO;;NO;;;;NO;NO;NO;NO;NO;NO;NO;NO;
21;MAGDALENA;001;SANTA MARTA;07;05;IEDLICEODELNORTESEDE2MIXTANo3;009;01;PRESIDENTE;NO;;;169;BUEN ESTADO;169;0;6;169;NO;;NO;;;;NO;NO;NO;NO;NO;NO;NO;NO;
21;MAGDALENA;001;SANTA MARTA;07;05;IEDLICEODELNORTESEDE2MIXTANo3;010;01;PRESIDENTE;NO;;;149;BUEN ESTADO;149;0;6;149;NO;;NO;;;;NO;NO;NO;NO;NO;NO;NO;NO;
21;MAGDALENA;001;SANTA MARTA;07;05;IEDLICEODELNORTESEDE2MIXTANo3;011;01;PRESIDENTE;NO;;;162;BUEN ESTADO;162;0;6;162;NO;;NO;;;;NO;NO;NO;NO;NO;NO;SI;NO;
21;MAGDALENA;001;SANTA MARTA;07;05;IEDLICEODELNORTESEDE2MIXTANo3;012;01;PRESIDENTE;NO;;;199;BUEN ESTADO;199;0;6;199;NO;;NO;;;;NO;NO;NO;NO;NO;NO;NO;NO;
21;MAGDALENA;001;SANTA MARTA;07;05;IEDLICEODELNORTESEDE2MIXTANo3;013;01;PRESIDENTE;NO;;;186;BUEN ESTADO;186;0;6;186;NO;;NO;;;;NO;NO;NO;NO;NO;NO;SI;NO;
21;MAGDALENA;001;SANTA MARTA;07;05;IEDLICEODELNORTESEDE2MIXTANo3;014;01;PRESIDENTE;NO;;;162;BUEN ESTADO;162;0;6;162;NO;;NO;;;;NO;NO;NO;NO;NO;NO;SI;NO;
21;MAGDALENA;001;SANTA MARTA;07;05;IEDLICEODELNORTESEDE2MIXTANo3;015;01;PRESIDENTE;NO;;;157;BUEN ESTADO;157;0;6;157;NO;;NO;;;;NO;NO;NO;NO;NO;NO;SI;NO;
21;MAGDALENA;001;SANTA MARTA;07;05;IEDLICEODELNORTESEDE2MIXTANo3;016;01;PRESIDENTE;NO;;;128;BUEN ESTADO;128;0;6;128;NO;;NO;;;;NO;NO;NO;NO;NO;NO;NO;NO;
21;MAGDALENA;001;SANTA MARTA;07;06;IEDSANFERNANDOSEDE01;001;01;PRESIDENTE;NO;;;258;BUEN ESTADO;257;1;6;258;NO;;NO;;;;NO;NO;NO;NO;NO;NO;SI;NO;
21;MAGDALENA;001;SANTA MARTA;07;06;IEDSANFERNANDOSEDE01;002;01;PRESIDENTE;NO;;;175;BUEN ESTADO;175;0;6;175;NO;;NO;;;;NO;NO;NO;NO;NO;NO;NO;NO;
21;MAGDALENA;001;SANTA MARTA;07;06;IEDSANFERNANDOSEDE01;003;01;PRESIDENTE;NO;;;157;BUEN ESTADO;157;0;6;157;NO;;NO;;;;NO;NO;NO;NO;NO;NO;NO;NO;
21;MAGDALENA;001;SANTA MARTA;07;06;IEDSANFERNANDOSEDE01;004;01;PRESIDENTE;NO;;;59;BUEN ESTADO;59;0;6;59;NO;;NO;;;;NO;NO;NO;NO;NO;NO;SI;NO;
21;MAGDALENA;001;SANTA MARTA;07;07;IEDOLIVOSSEDE01;001;01;PRESIDENTE;NO;;;285;BUEN ESTADO;284;0;6;285;NO;;NO;;;;NO;NO;NO;NO;NO;NO;NO;NO;
21;MAGDALENA;001;SANTA MARTA;07;07;IEDOLIVOSSEDE01;002;01;PRESIDENTE;NO;;;199;BUEN ESTADO;199;0;6;199;NO;;NO;;;;NO;NO;NO;NO;NO;NO;SI;NO;
21;MAGDALENA;001;SANTA MARTA;07;07;IEDOLIVOSSEDE01;003;01;PRESIDENTE;NO;;;7;BUEN ESTADO;7;0;5;7;NO;;NO;;;;NO;NO;NO;NO;NO;NO;NO;NO;
21;MAGDALENA;001;SANTA MARTA;07;08;IEDOLIVOSSEDE02JUANXXIII;001;01;PRESIDENTE;NO;;;278;BUEN ESTADO;278;0;6;278;NO;;NO;;;;NO;NO;NO;NO;NO;NO;SI;NO;
21;MAGDALENA;001;SANTA MARTA;07;08;IEDOLIVOSSEDE02JUANXXIII;002;01;PRESIDENTE;NO;;;163;BUEN ESTADO;163;0;5;163;NO;;NO;;;;NO;NO;NO;NO;NO;NO;SI;NO;
21;MAGDALENA;001;SANTA MARTA;07;08;IEDOLIVOSSEDE02JUANXXIII;003;01;PRESIDENTE;NO;;;129;BUEN ESTADO;129;0;5;129;NO;;NO;;;;NO;NO;NO;NO;NO;NO;NO;NO;
21;MAGDALENA;001;SANTA MARTA;07;09;IED20DEJULIO;001;01;PRESIDENTE;NO;;;192;BUEN ESTADO;192;0;6;192;NO;;NO;;;;NO;NO;NO;NO;NO;NO;SI;NO;
21;MAGDALENA;001;SANTA MARTA;08;01;I.E.D.JOSELABORDEGNECCO;001;01;PRESIDENTE;NO;;;141;BUEN ESTADO;141;0;6;141;NO;;NO;;;;NO;NO;NO;NO;NO;NO;NO;NO;
21;MAGDALENA;001;SANTA MARTA;08;01;I.E.D.JOSELABORDEGNECCO;002;01;PRESIDENTE;NO;;;194;BUEN ESTADO;194;0;6;194;NO;;NO;;;;NO;NO;NO;NO;NO;NO;NO;NO;
21;MAGDALENA;001;SANTA MARTA;08;01;I.E.D.JOSELABORDEGNECCO;003;01;PRESIDENTE;NO;;;214;BUEN ESTADO;214;0;6;214;NO;;NO;;;;NO;NO;NO;NO;NO;NO;SI;NO;
21;MAGDALENA;001;SANTA MARTA;08;01;I.E.D.JOSELABORDEGNECCO;004;01;PRESIDENTE;NO;;;219;BUEN ESTADO;219;0;6;219;NO;;NO;;;;NO;NO;NO;NO;NO;NO;NO;NO;
21;MAGDALENA;001;SANTA MARTA;08;01;I.E.D.JOSELABORDEGNECCO;005;01;PRESIDENTE;NO;;;233;BUEN ESTADO;233;0;6;233;NO;;NO;;;;NO;NO;NO;NO;NO;NO;SI;NO;
21;MAGDALENA;001;SANTA MARTA;08;01;I.E.D.JOSELABORDEGNECCO;006;01;PRESIDENTE;NO;;;214;BUEN ESTADO;215;0;6;215;NO;;SI;TESTIGO;0000;ALMOMENTO DE DILIGENCIAR EL E-14 HACIENDO LA ANOTACION TOTAL DE VOTANTES DEL E-11 DABA UN TOTAL DE 214 PERO AL SUMAR EN EL E-14 SABA UNTOTALDE 215 VOTANTES SE HIZO EL RECUENTO DE VOTOS Y LA CANTIDAD DE VOTANTES NO ERA 214 SINO 215 DELANTE DEL OTRO TESTIGO PARA CORRUBORAR EL TOTAL DE LOS VOTOS Y DIO 215;SI;NO;NO;NO;NO;NO;SI;NO;
21;MAGDALENA;001;SANTA MARTA;08;01;I.E.D.JOSELABORDEGNECCO;007;01;PRESIDENTE;NO;;;190;BUEN ESTADO;190;0;6;190;NO;;NO;;;;NO;NO;NO;NO;NO;NO;NO;NO;
21;MAGDALENA;001;SANTA MARTA;08;01;I.E.D.JOSELABORDEGNECCO;008;01;PRESIDENTE;NO;;;168;BUEN ESTADO;168;0;6;168;NO;;NO;;;;NO;NO;NO;NO;NO;NO;NO;NO;
21;MAGDALENA;001;SANTA MARTA;08;01;I.E.D.JOSELABORDEGNECCO;009;01;PRESIDENTE;NO;;;149;BUEN ESTADO;149;0;6;149;NO;;NO;;;;NO;NO;NO;NO;NO;NO;SI;NO;
21;MAGDALENA;001;SANTA MARTA;08;01;I.E.D.JOSELABORDEGNECCO;010;01;PRESIDENTE;NO;;;192;BUEN ESTADO;192;0;6;192;NO;;NO;;;;NO;NO;NO;NO;NO;NO;NO;NO;
21;MAGDALENA;001;SANTA MARTA;08;01;I.E.D.JOSELABORDEGNECCO;011;01;PRESIDENTE;NO;;;217;BUEN ESTADO;217;0;6;217;NO;;NO;;;;NO;NO;NO;NO;NO;NO;SI;NO;
21;MAGDALENA;001;SANTA MARTA;08;01;I.E.D.JOSELABORDEGNECCO;012;01;PRESIDENTE;NO;;;214;BUEN ESTADO;214;0;6;214;NO;;NO;;;;NO;NO;NO;NO;NO;NO;SI;NO;
21;MAGDALENA;001;SANTA MARTA;08;01;I.E.D.JOSELABORDEGNECCO;013;01;PRESIDENTE;NO;;;197;BUEN ESTADO;197;0;6;197;NO;;NO;;;;NO;NO;NO;NO;NO;NO;NO;NO;
21;MAGDALENA;001;SANTA MARTA;08;01;I.E.D.JOSELABORDEGNECCO;014;01;PRESIDENTE;NO;;;225;BUEN ESTADO;225;0;6;225;NO;;NO;;;;NO;NO;NO;NO;NO;NO;SI;NO;
21;MAGDALENA;001;SANTA MARTA;08;01;I.E.D.JOSELABORDEGNECCO;015;01;PRESIDENTE;NO;;;209;BUEN ESTADO;209;0;6;209;NO;;NO;;;;NO;NO;NO;NO;NO;NO;NO;NO;
21;MAGDALENA;001;SANTA MARTA;08;01;I.E.D.JOSELABORDEGNECCO;016;01;PRESIDENTE;NO;;;182;BUEN ESTADO;182;0;6;182;NO;;NO;;;;NO;NO;NO;NO;NO;NO;SI;NO;
21;MAGDALENA;001;SANTA MARTA;08;01;I.E.D.JOSELABORDEGNECCO;017;01;PRESIDENTE;NO;;;139;BUEN ESTADO;139;0;6;139;NO;;NO;;;;NO;NO;NO;NO;NO;NO;SI;NO;
21;MAGDALENA;001;SANTA MARTA;08;01;I.E.D.JOSELABORDEGNECCO;018;01;PRESIDENTE;NO;;;153;BUEN ESTADO;153;0;6;153;NO;;NO;;;;NO;NO;NO;NO;NO;NO;SI;NO;
21;MAGDALENA;001;SANTA MARTA;08;01;I.E.D.JOSELABORDEGNECCO;019;01;PRESIDENTE;NO;;;152;BUEN ESTADO;152;0;6;152;NO;;NO;;;;NO;NO;NO;NO;NO;NO;SI;NO;
21;MAGDALENA;001;SANTA MARTA;08;01;I.E.D.JOSELABORDEGNECCO;020;01;PRESIDENTE;NO;;;164;BUEN ESTADO;164;0;6;164;NO;;NO;;;;NO;NO;NO;NO;NO;NO;SI;NO;
21;MAGDALENA;001;SANTA MARTA;08;01;I.E.D.JOSELABORDEGNECCO;021;01;PRESIDENTE;NO;;;163;BUEN ESTADO;163;0;6;163;NO;;NO;;;;NO;NO;NO;NO;NO;NO;NO;NO;
21;MAGDALENA;001;SANTA MARTA;08;01;I.E.D.JOSELABORDEGNECCO;022;01;PRESIDENTE;NO;;;150;BUEN ESTADO;150;0;6;150;NO;;NO;;;;NO;NO;NO;NO;NO;NO;NO;NO;
21;MAGDALENA;001;SANTA MARTA;08;01;I.E.D.JOSELABORDEGNECCO;023;01;PRESIDENTE;NO;;;150;BUEN ESTADO;150;0;6;150;NO;;NO;;;;NO;NO;NO;NO;NO;NO;NO;NO;
21;MAGDALENA;001;SANTA MARTA;08;01;I.E.D.JOSELABORDEGNECCO;024;01;PRESIDENTE;NO;;;151;BUEN ESTADO;151;0;6;151;NO;;NO;;;;NO;NO;NO;NO;NO;NO;SI;NO;
21;MAGDALENA;001;SANTA MARTA;08;01;I.E.D.JOSELABORDEGNECCO;025;01;PRESIDENTE;NO;;;127;BUEN ESTADO;127;0;6;127;NO;;NO;;;;NO;NO;NO;NO;NO;NO;NO;NO;
21;MAGDALENA;001;SANTA MARTA;08;01;I.E.D.JOSELABORDEGNECCO;026;01;PRESIDENTE;NO;;;44;BUEN ESTADO;44;0;6;44;NO;;NO;;;;NO;NO;NO;NO;NO;NO;NO;NO;
21;MAGDALENA;001;SANTA MARTA;08;02;I.E.DCAMILOTORRESDEGAIRA;001;01;PRESIDENTE;NO;;;212;BUEN ESTADO;212;0;4;212;NO;;NO;;;;NO;NO;NO;NO;NO;NO;SI;NO;
21;MAGDALENA;001;SANTA MARTA;08;02;I.E.DCAMILOTORRESDEGAIRA;002;01;PRESIDENTE;NO;;;208;BUEN ESTADO;208;0;6;208;NO;;NO;;;;NO;NO;NO;NO;NO;NO;SI;NO;
21;MAGDALENA;001;SANTA MARTA;08;02;I.E.DCAMILOTORRESDEGAIRA;003;01;PRESIDENTE;NO;;;244;BUEN ESTADO;244;0;6;244;NO;;NO;;;;NO;NO;NO;NO;NO;NO;SI;NO;
21;MAGDALENA;001;SANTA MARTA;08;02;I.E.DCAMILOTORRESDEGAIRA;004;01;PRESIDENTE;NO;;;200;BUEN ESTADO;200;0;5;200;NO;;NO;;;;NO;NO;NO;NO;NO;NO;SI;NO;
21;MAGDALENA;001;SANTA MARTA;08;02;I.E.DCAMILOTORRESDEGAIRA;005;01;PRESIDENTE;NO;;;195;BUEN ESTADO;195;0;6;195;NO;;NO;;;;NO;NO;NO;NO;NO;NO;SI;NO;
21;MAGDALENA;001;SANTA MARTA;08;02;I.E.DCAMILOTORRESDEGAIRA;006;01;PRESIDENTE;NO;;;196;BUEN ESTADO;196;0;6;196;NO;;NO;;;;NO;NO;NO;NO;NO;NO;NO;NO;
21;MAGDALENA;001;SANTA MARTA;08;02;I.E.DCAMILOTORRESDEGAIRA;007;01;PRESIDENTE;NO;;;216;BUEN ESTADO;216;0;5;216;NO;;NO;;;;NO;NO;NO;NO;NO;NO;NO;NO;
21;MAGDALENA;001;SANTA MARTA;08;02;I.E.DCAMILOTORRESDEGAIRA;008;01;PRESIDENTE;NO;;;228;BUEN ESTADO;228;0;5;228;NO;;NO;;;;NO;NO;NO;NO;NO;NO;SI;NO;
21;MAGDALENA;001;SANTA MARTA;08;02;I.E.DCAMILOTORRESDEGAIRA;009;01;PRESIDENTE;NO;;;225;BUEN ESTADO;225;0;6;225;NO;;NO;;;;NO;NO;NO;NO;NO;NO;SI;NO;
21;MAGDALENA;001;SANTA MARTA;08;02;I.E.DCAMILOTORRESDEGAIRA;010;01;PRESIDENTE;NO;;;206;BUEN ESTADO;206;0;5;206;NO;;NO;;;;NO;NO;NO;NO;NO;NO;SI;NO;
21;MAGDALENA;001;SANTA MARTA;08;02;I.E.DCAMILOTORRESDEGAIRA;011;01;PRESIDENTE;NO;;;191;BUEN ESTADO;191;0;6;191;NO;;NO;;;;NO;NO;NO;NO;NO;NO;SI;NO;
21;MAGDALENA;001;SANTA MARTA;08;02;I.E.DCAMILOTORRESDEGAIRA;012;01;PRESIDENTE;NO;;;206;BUEN ESTADO;206;0;5;206;NO;;NO;;;;NO;NO;NO;NO;NO;NO;SI;NO;
21;MAGDALENA;001;SANTA MARTA;08;02;I.E.DCAMILOTORRESDEGAIRA;013;01;PRESIDENTE;NO;;;214;BUEN ESTADO;214;0;5;214;NO;;NO;;;;NO;NO;NO;NO;NO;NO;SI;NO;
21;MAGDALENA;001;SANTA MARTA;08;02;I.E.DCAMILOTORRESDEGAIRA;014;01;PRESIDENTE;NO;;;196;BUEN ESTADO;196;0;6;196;NO;;NO;;;;NO;NO;NO;NO;NO;NO;SI;NO;
21;MAGDALENA;001;SANTA MARTA;08;02;I.E.DCAMILOTORRESDEGAIRA;015;01;PRESIDENTE;NO;;;218;BUEN ESTADO;218;0;5;218;NO;;NO;;;;NO;NO;NO;NO;NO;NO;SI;NO;
21;MAGDALENA;001;SANTA MARTA;08;02;I.E.DCAMILOTORRESDEGAIRA;016;01;PRESIDENTE;NO;;;211;BUEN ESTADO;211;0;5;211;NO;;NO;;;;NO;NO;NO;NO;NO;NO;SI;NO;
21;MAGDALENA;001;SANTA MARTA;08;02;I.E.DCAMILOTORRESDEGAIRA;017;01;PRESIDENTE;NO;;;172;BUEN ESTADO;172;0;6;172;NO;;NO;;;;NO;NO;NO;NO;NO;NO;NO;NO;
21;MAGDALENA;001;SANTA MARTA;08;02;I.E.DCAMILOTORRESDEGAIRA;018;01;PRESIDENTE;NO;;;127;BUEN ESTADO;127;0;6;127;NO;;NO;;;;NO;NO;NO;NO;NO;NO;SI;NO;
21;MAGDALENA;001;SANTA MARTA;08;02;I.E.DCAMILOTORRESDEGAIRA;019;01;PRESIDENTE;NO;;;128;BUEN ESTADO;128;0;5;128;NO;;NO;;;;NO;NO;NO;NO;NO;NO;SI;NO;
21;MAGDALENA;001;SANTA MARTA;08;02;I.E.DCAMILOTORRESDEGAIRA;020;01;PRESIDENTE;NO;;;161;BUEN ESTADO;161;0;5;161;NO;;NO;;;;NO;NO;NO;NO;NO;NO;NO;NO;
21;MAGDALENA;001;SANTA MARTA;08;02;I.E.DCAMILOTORRESDEGAIRA;021;01;PRESIDENTE;NO;;;150;BUEN ESTADO;150;0;6;150;NO;;NO;;;;NO;NO;NO;NO;NO;NO;NO;NO;
21;MAGDALENA;001;SANTA MARTA;08;02;I.E.DCAMILOTORRESDEGAIRA;022;01;PRESIDENTE;NO;;;165;BUEN ESTADO;165;0;5;165;NO;;NO;;;;NO;NO;NO;NO;NO;NO;SI;NO;
21;MAGDALENA;001;SANTA MARTA;08;02;I.E.DCAMILOTORRESDEGAIRA;023;01;PRESIDENTE;NO;;;137;BUEN ESTADO;137;0;5;137;NO;;NO;;;;NO;NO;NO;NO;NO;NO;NO;NO;
21;MAGDALENA;001;SANTA MARTA;08;02;I.E.DCAMILOTORRESDEGAIRA;024;01;PRESIDENTE;NO;;;141;BUEN ESTADO;141;0;5;141;NO;;NO;;;;NO;NO;NO;NO;NO;NO;SI;NO;
21;MAGDALENA;001;SANTA MARTA;08;02;I.E.DCAMILOTORRESDEGAIRA;025;01;PRESIDENTE;NO;;;138;BUEN ESTADO;138;0;5;138;NO;;NO;;;;NO;NO;NO;NO;NO;NO;SI;NO;
21;MAGDALENA;001;SANTA MARTA;08;02;I.E.DCAMILOTORRESDEGAIRA;026;01;PRESIDENTE;NO;;;57;BUEN ESTADO;57;0;5;57;NO;;NO;;;;NO;NO;NO;NO;NO;NO;NO;NO;
21;MAGDALENA;001;SANTA MARTA;08;03;IEDCAMILOTORRESDEGAIRASDISABELP.F;001;01;PRESIDENTE;NO;;;205;BUEN ESTADO;205;0;6;205;NO;;NO;;;;NO;NO;NO;NO;NO;NO;SI;NO;
21;MAGDALENA;001;SANTA MARTA;08;03;IEDCAMILOTORRESDEGAIRASDISABELP.F;002;01;PRESIDENTE;NO;;;229;BUEN ESTADO;229;0;6;229;NO;;NO;;;;NO;NO;NO;NO;NO;NO;SI;NO;
21;MAGDALENA;001;SANTA MARTA;08;03;IEDCAMILOTORRESDEGAIRASDISABELP.F;003;01;PRESIDENTE;NO;;;218;BUEN ESTADO;218;0;6;218;NO;;NO;;;;NO;NO;NO;NO;NO;NO;NO;NO;
21;MAGDALENA;001;SANTA MARTA;08;03;IEDCAMILOTORRESDEGAIRASDISABELP.F;004;01;PRESIDENTE;NO;;;201;BUEN ESTADO;201;0;6;201;NO;;NO;;;;NO;NO;NO;NO;NO;NO;NO;NO;
21;MAGDALENA;001;SANTA MARTA;08;03;IEDCAMILOTORRESDEGAIRASDISABELP.F;005;01;PRESIDENTE;NO;;;213;BUEN ESTADO;213;0;6;213;NO;;NO;;;;NO;NO;NO;NO;NO;NO;SI;NO;
21;MAGDALENA;001;SANTA MARTA;08;03;IEDCAMILOTORRESDEGAIRASDISABELP.F;006;01;PRESIDENTE;NO;;;217;BUEN ESTADO;217;0;6;217;NO;;NO;;;;NO;NO;NO;NO;NO;NO;SI;NO;
21;MAGDALENA;001;SANTA MARTA;08;03;IEDCAMILOTORRESDEGAIRASDISABELP.F;007;01;PRESIDENTE;NO;;;222;BUEN ESTADO;222;0;6;222;NO;;NO;;;;NO;NO;NO;NO;NO;NO;SI;NO;
21;MAGDALENA;001;SANTA MARTA;08;03;IEDCAMILOTORRESDEGAIRASDISABELP.F;008;01;PRESIDENTE;NO;;;217;BUEN ESTADO;217;0;6;217;NO;;NO;;;;NO;NO;NO;NO;NO;NO;SI;NO;
21;MAGDALENA;001;SANTA MARTA;08;03;IEDCAMILOTORRESDEGAIRASDISABELP.F;009;01;PRESIDENTE;NO;;;132;BUEN ESTADO;132;0;6;132;NO;;NO;;;;NO;NO;NO;NO;NO;NO;SI;NO;
21;MAGDALENA;001;SANTA MARTA;08;03;IEDCAMILOTORRESDEGAIRASDISABELP.F;010;01;PRESIDENTE;NO;;;138;BUEN ESTADO;138;0;6;138;NO;;NO;;;;NO;NO;NO;NO;NO;NO;SI;NO;
21;MAGDALENA;001;SANTA MARTA;08;03;IEDCAMILOTORRESDEGAIRASDISABELP.F;011;01;PRESIDENTE;NO;;;181;BUEN ESTADO;181;0;6;181;NO;;NO;;;;NO;NO;NO;NO;NO;NO;NO;NO;
21;MAGDALENA;001;SANTA MARTA;08;03;IEDCAMILOTORRESDEGAIRASDISABELP.F;012;01;PRESIDENTE;NO;;;187;BUEN ESTADO;187;0;6;187;NO;;NO;;;;NO;NO;NO;NO;NO;NO;SI;NO;
21;MAGDALENA;001;SANTA MARTA;08;03;IEDCAMILOTORRESDEGAIRASDISABELP.F;013;01;PRESIDENTE;NO;;;153;BUEN ESTADO;153;0;6;153;NO;;NO;;;;NO;NO;NO;NO;NO;NO;SI;NO;
21;MAGDALENA;001;SANTA MARTA;08;03;IEDCAMILOTORRESDEGAIRASDISABELP.F;014;01;PRESIDENTE;NO;;;157;BUEN ESTADO;157;0;6;157;NO;;NO;;;;NO;NO;NO;NO;NO;NO;SI;NO;
21;MAGDALENA;001;SANTA MARTA;08;03;IEDCAMILOTORRESDEGAIRASDISABELP.F;015;01;PRESIDENTE;NO;;;184;BUEN ESTADO;184;0;6;184;NO;;NO;;;;NO;NO;NO;NO;NO;NO;SI;NO;
21;MAGDALENA;001;SANTA MARTA;08;03;IEDCAMILOTORRESDEGAIRASDISABELP.F;016;01;PRESIDENTE;NO;;;165;BUEN ESTADO;165;0;6;165;NO;;NO;;;;NO;NO;NO;NO;NO;NO;SI;NO;
21;MAGDALENA;001;SANTA MARTA;08;03;IEDCAMILOTORRESDEGAIRASDISABELP.F;017;01;PRESIDENTE;NO;;;150;BUEN ESTADO;150;0;6;150;NO;;NO;;;;NO;NO;NO;NO;NO;NO;NO;NO;
21;MAGDALENA;001;SANTA MARTA;08;03;IEDCAMILOTORRESDEGAIRASDISABELP.F;018;01;PRESIDENTE;NO;;;69;BUEN ESTADO;69;0;5;69;NO;;NO;;;;NO;NO;NO;NO;NO;NO;SI;NO;
21;MAGDALENA;001;SANTA MARTA;08;04;I.E.D.LAPAZ,MEGACOL.LAPAZ;001;01;PRESIDENTE;NO;;;192;BUEN ESTADO;191;0;6;192;NO;;NO;;;;NO;NO;NO;NO;NO;NO;SI;NO;
21;MAGDALENA;001;SANTA MARTA;08;04;I.E.D.LAPAZ,MEGACOL.LAPAZ;002;01;PRESIDENTE;NO;;;203;BUEN ESTADO;203;0;6;203;NO;;NO;;;;NO;NO;NO;NO;NO;NO;SI;NO;
21;MAGDALENA;001;SANTA MARTA;08;04;I.E.D.LAPAZ,MEGACOL.LAPAZ;003;01;PRESIDENTE;NO;;;194;BUEN ESTADO;194;0;6;194;NO;;NO;;;;NO;NO;NO;NO;NO;NO;NO;NO;
21;MAGDALENA;001;SANTA MARTA;08;04;I.E.D.LAPAZ,MEGACOL.LAPAZ;004;01;PRESIDENTE;NO;;;195;BUEN ESTADO;195;0;6;195;NO;;NO;;;;NO;NO;NO;NO;NO;NO;NO;NO;
21;MAGDALENA;001;SANTA MARTA;08;04;I.E.D.LAPAZ,MEGACOL.LAPAZ;005;01;PRESIDENTE;NO;;;167;BUEN ESTADO;167;0;6;167;NO;;NO;;;;NO;NO;NO;NO;NO;NO;NO;NO;
21;MAGDALENA;001;SANTA MARTA;08;04;I.E.D.LAPAZ,MEGACOL.LAPAZ;006;01;PRESIDENTE;NO;;;197;BUEN ESTADO;197;0;5;197;NO;;NO;;;;NO;NO;NO;NO;NO;NO;SI;NO;
21;MAGDALENA;001;SANTA MARTA;08;04;I.E.D.LAPAZ,MEGACOL.LAPAZ;007;01;PRESIDENTE;NO;;;203;BUEN ESTADO;203;0;6;203;NO;;NO;;;;NO;NO;NO;NO;NO;NO;NO;NO;
21;MAGDALENA;001;SANTA MARTA;08;04;I.E.D.LAPAZ,MEGACOL.LAPAZ;008;01;PRESIDENTE;NO;;;201;BUEN ESTADO;201;0;6;201;NO;;NO;;;;NO;NO;NO;NO;NO;NO;NO;NO;
21;MAGDALENA;001;SANTA MARTA;08;04;I.E.D.LAPAZ,MEGACOL.LAPAZ;009;01;PRESIDENTE;NO;;;204;BUEN ESTADO;204;0;6;204;NO;;NO;;;;NO;NO;NO;NO;NO;NO;NO;NO;
21;MAGDALENA;001;SANTA MARTA;08;04;I.E.D.LAPAZ,MEGACOL.LAPAZ;010;01;PRESIDENTE;NO;;;197;BUEN ESTADO;197;0;6;197;NO;;NO;;;;NO;NO;NO;NO;NO;NO;NO;NO;
21;MAGDALENA;001;SANTA MARTA;08;04;I.E.D.LAPAZ,MEGACOL.LAPAZ;011;01;PRESIDENTE;NO;;;200;BUEN ESTADO;200;0;6;200;NO;;NO;;;;NO;NO;NO;NO;NO;NO;SI;NO;
21;MAGDALENA;001;SANTA MARTA;08;04;I.E.D.LAPAZ,MEGACOL.LAPAZ;012;01;PRESIDENTE;NO;;;181;BUEN ESTADO;181;0;6;181;NO;;NO;;;;NO;NO;NO;NO;NO;NO;NO;NO;
21;MAGDALENA;001;SANTA MARTA;08;04;I.E.D.LAPAZ,MEGACOL.LAPAZ;013;01;PRESIDENTE;NO;;;210;BUEN ESTADO;210;0;6;210;NO;;NO;;;;NO;NO;NO;NO;NO;NO;SI;NO;
21;MAGDALENA;001;SANTA MARTA;08;04;I.E.D.LAPAZ,MEGACOL.LAPAZ;014;01;PRESIDENTE;NO;;;173;BUEN ESTADO;173;0;6;173;NO;;NO;;;;NO;NO;NO;NO;NO;NO;NO;NO;
21;MAGDALENA;001;SANTA MARTA;08;04;I.E.D.LAPAZ,MEGACOL.LAPAZ;015;01;PRESIDENTE;NO;;;138;BUEN ESTADO;138;0;6;138;NO;;NO;;;;NO;NO;NO;NO;NO;NO;NO;NO;
21;MAGDALENA;001;SANTA MARTA;08;04;I.E.D.LAPAZ,MEGACOL.LAPAZ;016;01;PRESIDENTE;NO;;;113;BUEN ESTADO;113;0;6;113;NO;;NO;;;;NO;NO;NO;NO;NO;NO;SI;NO;
21;MAGDALENA;001;SANTA MARTA;08;04;I.E.D.LAPAZ,MEGACOL.LAPAZ;017;01;PRESIDENTE;NO;;;125;BUEN ESTADO;125;0;6;125;NO;;NO;;;;NO;NO;NO;NO;NO;NO;SI;NO;
21;MAGDALENA;001;SANTA MARTA;08;04;I.E.D.LAPAZ,MEGACOL.LAPAZ;018;01;PRESIDENTE;NO;;;152;BUEN ESTADO;152;0;6;152;NO;;NO;;;;NO;NO;NO;NO;NO;NO;SI;NO;
21;MAGDALENA;001;SANTA MARTA;08;04;I.E.D.LAPAZ,MEGACOL.LAPAZ;019;01;PRESIDENTE;NO;;;165;BUEN ESTADO;165;0;6;165;NO;;NO;;;;NO;NO;NO;NO;NO;NO;NO;NO;
21;MAGDALENA;001;SANTA MARTA;08;04;I.E.D.LAPAZ,MEGACOL.LAPAZ;020;01;PRESIDENTE;NO;;;159;BUEN ESTADO;159;0;6;159;NO;;NO;;;;NO;NO;NO;NO;NO;NO;SI;NO;
21;MAGDALENA;001;SANTA MARTA;08;04;I.E.D.LAPAZ,MEGACOL.LAPAZ;021;01;PRESIDENTE;NO;;;132;BUEN ESTADO;132;0;6;132;NO;;NO;;;;NO;NO;NO;NO;NO;NO;SI;NO;
21;MAGDALENA;001;SANTA MARTA;08;04;I.E.D.LAPAZ,MEGACOL.LAPAZ;022;01;PRESIDENTE;NO;;;156;BUEN ESTADO;156;0;6;156;NO;;NO;;;;NO;NO;NO;NO;NO;NO;NO;NO;
21;MAGDALENA;001;SANTA MARTA;08;04;I.E.D.LAPAZ,MEGACOL.LAPAZ;023;01;PRESIDENTE;NO;;;136;BUEN ESTADO;136;0;6;136;NO;;NO;;;;NO;NO;NO;NO;NO;NO;NO;NO;
21;MAGDALENA;001;SANTA MARTA;08;04;I.E.D.LAPAZ,MEGACOL.LAPAZ;024;01;PRESIDENTE;NO;;;144;BUEN ESTADO;144;0;6;144;NO;;NO;;;;NO;NO;NO;NO;NO;NO;SI;NO;
21;MAGDALENA;001;SANTA MARTA;08;04;I.E.D.LAPAZ,MEGACOL.LAPAZ;025;01;PRESIDENTE;NO;;;150;BUEN ESTADO;150;0;6;150;NO;;NO;;;;NO;NO;NO;NO;NO;NO;NO;NO;
21;MAGDALENA;001;SANTA MARTA;08;04;I.E.D.LAPAZ,MEGACOL.LAPAZ;026;01;PRESIDENTE;NO;;;133;BUEN ESTADO;133;0;6;133;NO;;NO;;;;NO;NO;NO;NO;NO;NO;NO;NO;
21;MAGDALENA;001;SANTA MARTA;08;04;I.E.D.LAPAZ,MEGACOL.LAPAZ;027;01;PRESIDENTE;NO;;;113;BUEN ESTADO;113;0;6;113;NO;;NO;;;;NO;NO;NO;NO;NO;NO;NO;NO;
21;MAGDALENA;001;SANTA MARTA;08;05;IEDCRISTOREY;001;01;PRESIDENTE;NO;;;243;BUEN ESTADO;242;1;6;243;NO;;NO;;;;NO;NO;NO;NO;NO;NO;SI;NO;
21;MAGDALENA;001;SANTA MARTA;08;05;IEDCRISTOREY;002;01;PRESIDENTE;NO;;;242;BUEN ESTADO;242;0;6;242;NO;;NO;;;;NO;NO;NO;NO;NO;NO;SI;NO;
21;MAGDALENA;001;SANTA MARTA;08;05;IEDCRISTOREY;003;01;PRESIDENTE;NO;;;226;BUEN ESTADO;226;0;6;226;NO;;NO;;;;NO;NO;NO;NO;NO;NO;SI;NO;
21;MAGDALENA;001;SANTA MARTA;08;05;IEDCRISTOREY;004;01;PRESIDENTE;NO;;;219;BUEN ESTADO;219;0;6;219;NO;;NO;;;;NO;NO;NO;NO;NO;NO;SI;NO;
21;MAGDALENA;001;SANTA MARTA;08;05;IEDCRISTOREY;005;01;PRESIDENTE;NO;;;169;BUEN ESTADO;169;0;6;169;NO;;NO;;;;NO;NO;NO;NO;NO;NO;SI;NO;
21;MAGDALENA;001;SANTA MARTA;08;05;IEDCRISTOREY;006;01;PRESIDENTE;NO;;;146;BUEN ESTADO;146;0;6;146;NO;;NO;;;;NO;NO;NO;NO;NO;NO;NO;NO;
21;MAGDALENA;001;SANTA MARTA;08;05;IEDCRISTOREY;007;01;PRESIDENTE;NO;;;120;BUEN ESTADO;120;0;6;120;NO;;NO;;;;NO;NO;NO;NO;NO;NO;NO;NO;
21;MAGDALENA;001;SANTA MARTA;08;05;IEDCRISTOREY;008;01;PRESIDENTE;NO;;;114;BUEN ESTADO;114;0;6;114;NO;;NO;;;;NO;NO;NO;NO;NO;NO;NO;NO;
21;MAGDALENA;001;SANTA MARTA;08;05;IEDCRISTOREY;009;01;PRESIDENTE;NO;;;123;BUEN ESTADO;123;0;6;123;NO;;NO;;;;NO;NO;NO;NO;NO;NO;SI;NO;
21;MAGDALENA;001;SANTA MARTA;08;05;IEDCRISTOREY;010;01;PRESIDENTE;NO;;;170;BUEN ESTADO;170;0;6;170;NO;;NO;;;;NO;NO;NO;NO;NO;NO;SI;NO;
21;MAGDALENA;001;SANTA MARTA;08;05;IEDCRISTOREY;011;01;PRESIDENTE;NO;;;164;BUEN ESTADO;164;0;6;164;NO;;NO;;;;NO;NO;NO;NO;NO;NO;SI;NO;
21;MAGDALENA;001;SANTA MARTA;08;05;IEDCRISTOREY;012;01;PRESIDENTE;NO;;;114;BUEN ESTADO;114;0;6;114;NO;;NO;;;;NO;NO;NO;NO;NO;NO;SI;NO;
21;MAGDALENA;001;SANTA MARTA;08;05;IEDCRISTOREY;013;01;PRESIDENTE;NO;;;5;BUEN ESTADO;5;0;5;5;NO;;NO;;;;NO;NO;NO;NO;NO;NO;NO;NO;
21;MAGDALENA;001;SANTA MARTA;08;06;SEDERECREATIVACOOEDUMAG;001;01;PRESIDENTE;NO;;;282;BUEN ESTADO;282;0;6;282;NO;;NO;;;;NO;NO;NO;NO;NO;NO;NO;NO;
21;MAGDALENA;001;SANTA MARTA;08;06;SEDERECREATIVACOOEDUMAG;002;01;PRESIDENTE;NO;;;274;BUEN ESTADO;274;0;6;274;NO;;NO;;;;NO;NO;NO;NO;NO;NO;SI;NO;
21;MAGDALENA;001;SANTA MARTA;08;06;SEDERECREATIVACOOEDUMAG;003;01;PRESIDENTE;NO;;;275;BUEN ESTADO;275;0;6;275;NO;;NO;;;;NO;NO;NO;NO;NO;NO;SI;NO;
21;MAGDALENA;001;SANTA MARTA;08;06;SEDERECREATIVACOOEDUMAG;004;01;PRESIDENTE;NO;;;282;BUEN ESTADO;282;0;6;282;NO;;NO;;;;NO;NO;NO;NO;NO;NO;SI;NO;
21;MAGDALENA;001;SANTA MARTA;08;06;SEDERECREATIVACOOEDUMAG;005;01;PRESIDENTE;NO;;;270;BUEN ESTADO;270;0;6;270;NO;;NO;;;;NO;NO;NO;NO;NO;NO;NO;NO;
21;MAGDALENA;001;SANTA MARTA;08;06;SEDERECREATIVACOOEDUMAG;006;01;PRESIDENTE;NO;;;285;BUEN ESTADO;285;0;6;285;NO;;NO;;;;NO;NO;NO;NO;NO;NO;SI;NO;
21;MAGDALENA;001;SANTA MARTA;08;06;SEDERECREATIVACOOEDUMAG;007;01;PRESIDENTE;NO;;;248;BUEN ESTADO;248;0;6;248;NO;;NO;;;;NO;NO;NO;NO;NO;NO;SI;NO;
21;MAGDALENA;001;SANTA MARTA;08;06;SEDERECREATIVACOOEDUMAG;008;01;PRESIDENTE;NO;;;181;BUEN ESTADO;181;0;6;181;NO;;NO;;;;NO;NO;NO;NO;NO;NO;NO;NO;
21;MAGDALENA;001;SANTA MARTA;08;06;SEDERECREATIVACOOEDUMAG;009;01;PRESIDENTE;NO;;;178;BUEN ESTADO;177;0;6;178;NO;;NO;;;;NO;NO;NO;NO;NO;NO;NO;NO;
21;MAGDALENA;001;SANTA MARTA;08;06;SEDERECREATIVACOOEDUMAG;010;01;PRESIDENTE;NO;;;190;BUEN ESTADO;190;0;6;190;NO;;NO;;;;NO;NO;NO;NO;NO;NO;SI;NO;
21;MAGDALENA;001;SANTA MARTA;08;06;SEDERECREATIVACOOEDUMAG;011;01;PRESIDENTE;NO;;;188;BUEN ESTADO;188;0;6;188;NO;;NO;;;;NO;NO;NO;NO;NO;NO;NO;NO;
21;MAGDALENA;001;SANTA MARTA;08;06;SEDERECREATIVACOOEDUMAG;012;01;PRESIDENTE;NO;;;59;BUEN ESTADO;59;0;5;59;NO;;NO;;;;NO;NO;NO;NO;NO;NO;NO;NO;
21;MAGDALENA;001;SANTA MARTA;08;07;IEDGABRIELAMISTRALSD2KINDERMAUX;001;01;PRESIDENTE;NO;;;360;BUEN ESTADO;263;0;6;360;NO;;NO;;;;NO;NO;NO;NO;NO;NO;SI;NO;
21;MAGDALENA;001;SANTA MARTA;08;07;IEDGABRIELAMISTRALSD2KINDERMAUX;002;01;PRESIDENTE;NO;;;273;BUEN ESTADO;273;0;6;273;NO;;NO;;;;NO;NO;NO;NO;NO;NO;NO;NO;
21;MAGDALENA;001;SANTA MARTA;08;07;IEDGABRIELAMISTRALSD2KINDERMAUX;003;01;PRESIDENTE;NO;;;259;BUEN ESTADO;259;0;6;259;NO;;NO;;;;NO;NO;NO;NO;NO;NO;SI;NO;
21;MAGDALENA;001;SANTA MARTA;08;07;IEDGABRIELAMISTRALSD2KINDERMAUX;004;01;PRESIDENTE;NO;;;236;BUEN ESTADO;236;0;6;236;NO;;NO;;;;NO;NO;NO;NO;NO;NO;NO;NO;
21;MAGDALENA;001;SANTA MARTA;08;07;IEDGABRIELAMISTRALSD2KINDERMAUX;005;01;PRESIDENTE;NO;;;248;BUEN ESTADO;248;0;6;248;NO;;NO;;;;NO;NO;NO;NO;NO;NO;NO;NO;
21;MAGDALENA;001;SANTA MARTA;08;07;IEDGABRIELAMISTRALSD2KINDERMAUX;006;01;PRESIDENTE;NO;;;200;BUEN ESTADO;200;0;6;200;NO;;NO;;;;NO;NO;NO;NO;NO;NO;NO;NO;
21;MAGDALENA;001;SANTA MARTA;08;07;IEDGABRIELAMISTRALSD2KINDERMAUX;007;01;PRESIDENTE;NO;;;206;BUEN ESTADO;205;0;6;206;NO;;NO;;;;NO;NO;NO;NO;NO;NO;NO;NO;
21;MAGDALENA;001;SANTA MARTA;08;07;IEDGABRIELAMISTRALSD2KINDERMAUX;008;01;PRESIDENTE;NO;;;171;BUEN ESTADO;171;0;6;171;NO;;NO;;;;NO;NO;NO;NO;NO;NO;SI;NO;
21;MAGDALENA;001;SANTA MARTA;08;07;IEDGABRIELAMISTRALSD2KINDERMAUX;009;01;PRESIDENTE;NO;;;170;BUEN ESTADO;170;0;6;170;NO;;NO;;;;NO;NO;NO;NO;NO;NO;SI;NO;
21;MAGDALENA;001;SANTA MARTA;08;07;IEDGABRIELAMISTRALSD2KINDERMAUX;010;01;PRESIDENTE;NO;;;190;BUEN ESTADO;190;0;6;190;NO;;NO;;;;NO;NO;NO;NO;NO;NO;NO;NO;
21;MAGDALENA;001;SANTA MARTA;08;07;IEDGABRIELAMISTRALSD2KINDERMAUX;011;01;PRESIDENTE;NO;;;214;BUEN ESTADO;214;0;6;214;NO;;NO;;;;NO;NO;NO;NO;NO;NO;SI;NO;
21;MAGDALENA;001;SANTA MARTA;08;07;IEDGABRIELAMISTRALSD2KINDERMAUX;012;01;PRESIDENTE;NO;;;152;BUEN ESTADO;151;0;6;152;NO;;NO;;;;NO;NO;NO;NO;NO;NO;NO;NO;
21;MAGDALENA;001;SANTA MARTA;08;08;IEDJESUSESPELETAFAJARDO;001;01;PRESIDENTE;NO;;;261;BUEN ESTADO;262;1;6;261;NO;;NO;;;;NO;NO;NO;NO;NO;NO;NO;NO;
21;MAGDALENA;001;SANTA MARTA;08;08;IEDJESUSESPELETAFAJARDO;002;01;PRESIDENTE;NO;;;279;BUEN ESTADO;279;0;6;279;NO;;NO;;;;NO;NO;NO;NO;NO;NO;NO;NO;
21;MAGDALENA;001;SANTA MARTA;08;08;IEDJESUSESPELETAFAJARDO;003;01;PRESIDENTE;NO;;;245;BUEN ESTADO;246;1;6;245;NO;;NO;;;;NO;NO;NO;NO;NO;NO;SI;NO;
21;MAGDALENA;001;SANTA MARTA;08;08;IEDJESUSESPELETAFAJARDO;004;01;PRESIDENTE;NO;;;280;BUEN ESTADO;279;0;6;280;NO;;NO;;;;NO;NO;NO;NO;NO;NO;NO;NO;
21;MAGDALENA;001;SANTA MARTA;08;08;IEDJESUSESPELETAFAJARDO;005;01;PRESIDENTE;NO;;;256;BUEN ESTADO;256;0;6;256;NO;;NO;;;;NO;NO;NO;NO;NO;NO;SI;NO;
21;MAGDALENA;001;SANTA MARTA;08;08;IEDJESUSESPELETAFAJARDO;006;01;PRESIDENTE;NO;;;229;BUEN ESTADO;228;0;6;229;NO;;NO;;;;NO;NO;NO;NO;NO;NO;SI;NO;
21;MAGDALENA;001;SANTA MARTA;08;08;IEDJESUSESPELETAFAJARDO;007;01;PRESIDENTE;NO;;;167;BUEN ESTADO;167;0;6;167;NO;;NO;;;;NO;NO;NO;NO;NO;NO;NO;NO;
21;MAGDALENA;001;SANTA MARTA;08;08;IEDJESUSESPELETAFAJARDO;008;01;PRESIDENTE;NO;;;172;BUEN ESTADO;172;0;6;172;NO;;NO;;;;NO;NO;NO;NO;NO;NO;NO;NO;
21;MAGDALENA;001;SANTA MARTA;08;08;IEDJESUSESPELETAFAJARDO;009;01;PRESIDENTE;NO;;;129;BUEN ESTADO;129;0;6;129;NO;;NO;;;;NO;NO;NO;NO;NO;NO;NO;NO;
21;MAGDALENA;001;SANTA MARTA;08;08;IEDJESUSESPELETAFAJARDO;010;01;PRESIDENTE;NO;;;138;BUEN ESTADO;138;0;6;138;NO;;NO;;;;NO;NO;NO;NO;NO;NO;SI;NO;
21;MAGDALENA;001;SANTA MARTA;08;08;IEDJESUSESPELETAFAJARDO;011;01;PRESIDENTE;NO;;;158;BUEN ESTADO;158;0;6;158;NO;;NO;;;;NO;NO;NO;NO;NO;NO;SI;NO;
21;MAGDALENA;001;SANTA MARTA;08;08;IEDJESUSESPELETAFAJARDO;012;01;PRESIDENTE;NO;;;150;BUEN ESTADO;150;0;6;150;NO;;NO;;;;NO;NO;NO;NO;NO;NO;NO;NO;
21;MAGDALENA;001;SANTA MARTA;08;08;IEDJESUSESPELETAFAJARDO;013;01;PRESIDENTE;NO;;;171;BUEN ESTADO;171;0;6;171;NO;;NO;;;;NO;NO;NO;NO;NO;NO;SI;NO;
21;MAGDALENA;001;SANTA MARTA;08;08;IEDJESUSESPELETAFAJARDO;014;01;PRESIDENTE;NO;;;112;BUEN ESTADO;112;0;6;112;NO;;NO;;;;NO;NO;NO;NO;NO;NO;SI;NO;
21;MAGDALENA;001;SANTA MARTA;08;09;IEDSIMONBOLIVARDEGAIRASEDE01;001;01;PRESIDENTE;NO;;;229;BUEN ESTADO;229;0;6;229;NO;;NO;;;;NO;NO;NO;NO;NO;NO;SI;NO;
21;MAGDALENA;001;SANTA MARTA;08;09;IEDSIMONBOLIVARDEGAIRASEDE01;002;01;PRESIDENTE;NO;;;246;BUEN ESTADO;246;0;6;246;NO;;NO;;;;NO;NO;NO;NO;NO;NO;SI;NO;
21;MAGDALENA;001;SANTA MARTA;08;09;IEDSIMONBOLIVARDEGAIRASEDE01;003;01;PRESIDENTE;NO;;;189;BUEN ESTADO;189;0;6;189;NO;;NO;;;;NO;NO;NO;NO;NO;NO;NO;NO;
21;MAGDALENA;001;SANTA MARTA;08;09;IEDSIMONBOLIVARDEGAIRASEDE01;004;01;PRESIDENTE;NO;;;171;BUEN ESTADO;171;0;6;171;NO;;NO;;;;NO;NO;NO;NO;NO;NO;SI;NO;
21;MAGDALENA;001;SANTA MARTA;08;09;IEDSIMONBOLIVARDEGAIRASEDE01;005;01;PRESIDENTE;NO;;;159;BUEN ESTADO;159;0;6;159;NO;;NO;;;;NO;NO;NO;NO;NO;NO;NO;NO;
21;MAGDALENA;001;SANTA MARTA;08;09;IEDSIMONBOLIVARDEGAIRASEDE01;006;01;PRESIDENTE;NO;;;152;BUEN ESTADO;152;0;6;152;NO;;NO;;;;NO;NO;NO;NO;NO;NO;SI;NO;
21;MAGDALENA;001;SANTA MARTA;08;09;IEDSIMONBOLIVARDEGAIRASEDE01;007;01;PRESIDENTE;NO;;;165;BUEN ESTADO;165;0;6;165;NO;;NO;;;;NO;NO;NO;NO;NO;NO;NO;NO;
21;MAGDALENA;001;SANTA MARTA;08;09;IEDSIMONBOLIVARDEGAIRASEDE01;008;01;PRESIDENTE;NO;;;57;BUEN ESTADO;57;0;6;57;NO;;NO;;;;NO;NO;NO;NO;NO;NO;NO;NO;
21;MAGDALENA;001;SANTA MARTA;08;10;IEDBEATRIZGUTIERREZDEVIVES;001;01;PRESIDENTE;NO;;;211;BUEN ESTADO;211;0;6;211;NO;;NO;;;;NO;NO;NO;NO;NO;NO;SI;NO;
21;MAGDALENA;001;SANTA MARTA;08;10;IEDBEATRIZGUTIERREZDEVIVES;002;01;PRESIDENTE;NO;;;133;BUEN ESTADO;133;0;6;133;NO;;NO;;;;NO;NO;NO;NO;NO;NO;NO;NO;
21;MAGDALENA;001;SANTA MARTA;08;10;IEDBEATRIZGUTIERREZDEVIVES;003;01;PRESIDENTE;NO;;;142;BUEN ESTADO;142;0;6;142;NO;;NO;;;;NO;NO;NO;NO;NO;NO;NO;NO;
21;MAGDALENA;001;SANTA MARTA;08;10;IEDBEATRIZGUTIERREZDEVIVES;004;01;PRESIDENTE;NO;;;19;BUEN ESTADO;19;0;4;19;NO;;NO;;;;NO;NO;NO;NO;NO;NO;NO;NO;
21;MAGDALENA;001;SANTA MARTA;08;11;IEDDONJACASEDEBAJA;001;01;PRESIDENTE;NO;;;187;BUEN ESTADO;187;0;6;187;NO;;NO;;;;NO;NO;NO;NO;NO;NO;NO;NO;
21;MAGDALENA;001;SANTA MARTA;08;11;IEDDONJACASEDEBAJA;002;01;PRESIDENTE;NO;;;23;BUEN ESTADO;23;0;6;23;NO;;NO;;;;NO;NO;NO;NO;NO;NO;NO;NO;
21;MAGDALENA;001;SANTA MARTA;90;01;IEDTECINEMSIMONBOLIVARDEMAMATOCO;001;01;PRESIDENTE;NO;;;264;BUEN ESTADO;263;0;6;264;NO;;NO;;;;NO;NO;NO;NO;NO;NO;SI;NO;
21;MAGDALENA;001;SANTA MARTA;90;01;IEDTECINEMSIMONBOLIVARDEMAMATOCO;002;01;PRESIDENTE;NO;;;310;BUEN ESTADO;310;0;6;310;NO;;NO;;;;NO;NO;NO;NO;NO;NO;NO;NO;
21;MAGDALENA;001;SANTA MARTA;90;01;IEDTECINEMSIMONBOLIVARDEMAMATOCO;003;01;PRESIDENTE;NO;;;273;BUEN ESTADO;273;0;6;273;NO;;NO;;;;NO;NO;NO;NO;NO;NO;SI;NO;
21;MAGDALENA;001;SANTA MARTA;90;01;IEDTECINEMSIMONBOLIVARDEMAMATOCO;004;01;PRESIDENTE;NO;;;284;BUEN ESTADO;283;0;6;284;NO;;NO;;;;NO;NO;NO;NO;NO;NO;SI;NO;
21;MAGDALENA;001;SANTA MARTA;90;01;IEDTECINEMSIMONBOLIVARDEMAMATOCO;005;01;PRESIDENTE;NO;;;297;BUEN ESTADO;297;0;6;297;NO;;NO;;;;NO;NO;NO;NO;NO;NO;SI;NO;
21;MAGDALENA;001;SANTA MARTA;90;01;IEDTECINEMSIMONBOLIVARDEMAMATOCO;006;01;PRESIDENTE;NO;;;298;BUEN ESTADO;298;0;6;298;NO;;NO;;;;NO;NO;NO;NO;NO;NO;SI;NO;
21;MAGDALENA;001;SANTA MARTA;90;01;IEDTECINEMSIMONBOLIVARDEMAMATOCO;007;01;PRESIDENTE;NO;;;309;BUEN ESTADO;309;0;6;309;NO;;NO;;;;NO;NO;NO;NO;NO;NO;SI;NO;
21;MAGDALENA;001;SANTA MARTA;90;01;IEDTECINEMSIMONBOLIVARDEMAMATOCO;008;01;PRESIDENTE;NO;;;284;BUEN ESTADO;284;0;6;284;NO;;NO;;;;NO;NO;NO;NO;NO;NO;SI;NO;
21;MAGDALENA;001;SANTA MARTA;90;01;IEDTECINEMSIMONBOLIVARDEMAMATOCO;009;01;PRESIDENTE;NO;;;333;BUEN ESTADO;332;0;6;333;NO;;NO;;;;NO;NO;NO;NO;NO;NO;SI;NO;
21;MAGDALENA;001;SANTA MARTA;90;01;IEDTECINEMSIMONBOLIVARDEMAMATOCO;010;01;PRESIDENTE;NO;;;284;BUEN ESTADO;284;0;6;284;NO;;NO;;;;NO;NO;NO;NO;NO;NO;SI;NO;
21;MAGDALENA;001;SANTA MARTA;90;01;IEDTECINEMSIMONBOLIVARDEMAMATOCO;011;01;PRESIDENTE;NO;;;317;BUEN ESTADO;317;0;6;317;NO;;NO;;;;NO;NO;NO;NO;NO;NO;SI;NO;
21;MAGDALENA;001;SANTA MARTA;90;01;IEDTECINEMSIMONBOLIVARDEMAMATOCO;012;01;PRESIDENTE;NO;;;286;BUEN ESTADO;286;0;6;286;NO;;NO;;;;NO;NO;NO;NO;NO;NO;SI;NO;
21;MAGDALENA;001;SANTA MARTA;90;01;IEDTECINEMSIMONBOLIVARDEMAMATOCO;013;01;PRESIDENTE;NO;;;281;BUEN ESTADO;281;0;6;281;NO;;NO;;;;NO;NO;NO;NO;NO;NO;NO;NO;
21;MAGDALENA;001;SANTA MARTA;90;01;IEDTECINEMSIMONBOLIVARDEMAMATOCO;014;01;PRESIDENTE;NO;;;310;BUEN ESTADO;310;0;6;310;NO;;NO;;;;NO;NO;NO;NO;NO;NO;SI;NO;
21;MAGDALENA;001;SANTA MARTA;90;01;IEDTECINEMSIMONBOLIVARDEMAMATOCO;015;01;PRESIDENTE;NO;;;286;BUEN ESTADO;286;0;6;286;NO;;NO;;;;NO;NO;NO;NO;NO;NO;SI;NO;
21;MAGDALENA;001;SANTA MARTA;90;01;IEDTECINEMSIMONBOLIVARDEMAMATOCO;016;01;PRESIDENTE;NO;;;280;BUEN ESTADO;280;0;6;280;NO;;NO;;;;NO;NO;NO;NO;NO;NO;SI;NO;
21;MAGDALENA;001;SANTA MARTA;90;01;IEDTECINEMSIMONBOLIVARDEMAMATOCO;017;01;PRESIDENTE;NO;;;286;BUEN ESTADO;286;0;6;286;NO;;NO;;;;NO;NO;NO;NO;NO;NO;NO;NO;
21;MAGDALENA;001;SANTA MARTA;90;01;IEDTECINEMSIMONBOLIVARDEMAMATOCO;018;01;PRESIDENTE;NO;;;168;BUEN ESTADO;168;0;6;168;NO;;NO;;;;NO;NO;NO;NO;NO;NO;SI;NO;
21;MAGDALENA;001;SANTA MARTA;98;01;CARCEL;001;01;PRESIDENTE;NO;;;90;BUEN ESTADO;90;0;6;90;NO;;NO;;;;NO;NO;NO;NO;NO;NO;NO;NO;
21;MAGDALENA;001;SANTA MARTA;98;01;CARCEL;002;01;PRESIDENTE;NO;;;97;MAL ESTADO;97;0;6;97;NO;;NO;;;;NO;NO;NO;NO;NO;NO;SI;NO;
21;MAGDALENA;001;SANTA MARTA;99;01;IEDBONDASEDE02SANTAANA;001;01;PRESIDENTE;NO;;;263;BUEN ESTADO;262;0;6;263;NO;;NO;;;;NO;NO;NO;NO;NO;NO;SI;NO;
21;MAGDALENA;001;SANTA MARTA;99;01;IEDBONDASEDE02SANTAANA;002;01;PRESIDENTE;NO;;;181;BUEN ESTADO;181;0;6;181;NO;;NO;;;;NO;NO;NO;NO;NO;NO;SI;NO;
21;MAGDALENA;001;SANTA MARTA;99;01;IEDBONDASEDE02SANTAANA;003;01;PRESIDENTE;NO;;;149;BUEN ESTADO;149;0;5;149;NO;;NO;;;;NO;NO;NO;NO;NO;NO;NO;NO;
21;MAGDALENA;001;SANTA MARTA;99;01;IEDBONDASEDE02SANTAANA;004;01;PRESIDENTE;NO;;;166;BUEN ESTADO;166;0;6;166;NO;;NO;;;;NO;NO;NO;NO;NO;NO;SI;NO;
21;MAGDALENA;001;SANTA MARTA;99;01;IEDBONDASEDE02SANTAANA;005;01;PRESIDENTE;NO;;;162;BUEN ESTADO;160;0;6;162;NO;;NO;;;;NO;NO;NO;NO;NO;NO;NO;NO;
21;MAGDALENA;001;SANTA MARTA;99;01;IEDBONDASEDE02SANTAANA;006;01;PRESIDENTE;NO;;;146;BUEN ESTADO;146;0;6;146;NO;;NO;;;;NO;NO;NO;NO;NO;NO;SI;NO;
21;MAGDALENA;001;SANTA MARTA;99;01;IEDBONDASEDE02SANTAANA;007;01;PRESIDENTE;NO;;;123;BUEN ESTADO;123;0;6;123;NO;;NO;;;;NO;NO;NO;NO;NO;NO;NO;NO;
21;MAGDALENA;001;SANTA MARTA;99;01;IEDBONDASEDE02SANTAANA;008;01;PRESIDENTE;NO;;;16;BUEN ESTADO;16;0;6;16;NO;;NO;;;;NO;NO;NO;NO;NO;NO;NO;NO;
21;MAGDALENA;001;SANTA MARTA;99;02;BONDA;001;01;PRESIDENTE;NO;;;185;BUEN ESTADO;185;0;6;185;NO;;NO;;;;NO;NO;NO;NO;NO;NO;NO;NO;
21;MAGDALENA;001;SANTA MARTA;99;02;BONDA;002;01;PRESIDENTE;NO;;;212;BUEN ESTADO;212;0;6;212;NO;;NO;;;;NO;NO;NO;NO;NO;NO;SI;NO;
21;MAGDALENA;001;SANTA MARTA;99;02;BONDA;003;01;PRESIDENTE;NO;;;232;BUEN ESTADO;232;0;6;232;NO;;NO;;;;NO;NO;NO;NO;NO;NO;SI;NO;
21;MAGDALENA;001;SANTA MARTA;99;02;BONDA;004;01;PRESIDENTE;NO;;;196;BUEN ESTADO;196;0;6;196;NO;;NO;;;;NO;NO;NO;NO;NO;NO;NO;NO;
21;MAGDALENA;001;SANTA MARTA;99;02;BONDA;005;01;PRESIDENTE;NO;;;219;BUEN ESTADO;219;0;6;219;NO;;NO;;;;NO;NO;NO;NO;NO;NO;SI;NO;
21;MAGDALENA;001;SANTA MARTA;99;02;BONDA;006;01;PRESIDENTE;NO;;;236;BUEN ESTADO;236;0;6;236;NO;;NO;;;;NO;NO;NO;NO;NO;NO;NO;NO;
21;MAGDALENA;001;SANTA MARTA;99;02;BONDA;007;01;PRESIDENTE;NO;;;215;BUEN ESTADO;215;0;6;215;NO;;NO;;;;NO;NO;NO;NO;NO;NO;SI;NO;
21;MAGDALENA;001;SANTA MARTA;99;02;BONDA;008;01;PRESIDENTE;NO;;;224;BUEN ESTADO;224;0;6;224;NO;;NO;;;;NO;NO;NO;NO;NO;NO;SI;NO;
21;MAGDALENA;001;SANTA MARTA;99;02;BONDA;009;01;PRESIDENTE;NO;;;216;BUEN ESTADO;216;0;6;216;NO;;NO;;;;NO;NO;NO;NO;NO;NO;SI;NO;
21;MAGDALENA;001;SANTA MARTA;99;02;BONDA;010;01;PRESIDENTE;NO;;;211;BUEN ESTADO;212;1;6;211;NO;;NO;;;;NO;NO;NO;NO;NO;NO;NO;NO;
21;MAGDALENA;001;SANTA MARTA;99;02;BONDA;011;01;PRESIDENTE;NO;;;222;BUEN ESTADO;222;0;6;222;NO;;NO;;;;NO;NO;NO;NO;NO;NO;SI;NO;
21;MAGDALENA;001;SANTA MARTA;99;02;BONDA;012;01;PRESIDENTE;NO;;;181;BUEN ESTADO;181;0;6;181;NO;;NO;;;;NO;NO;NO;NO;NO;NO;SI;NO;
21;MAGDALENA;001;SANTA MARTA;99;02;BONDA;013;01;PRESIDENTE;NO;;;143;BUEN ESTADO;143;0;6;143;NO;;NO;;;;NO;NO;NO;NO;NO;NO;NO;NO;
21;MAGDALENA;001;SANTA MARTA;99;02;BONDA;014;01;PRESIDENTE;NO;;;162;BUEN ESTADO;162;0;6;162;NO;;NO;;;;NO;NO;NO;NO;NO;NO;SI;NO;
21;MAGDALENA;001;SANTA MARTA;99;02;BONDA;015;01;PRESIDENTE;NO;;;151;BUEN ESTADO;151;0;6;151;NO;;NO;;;;NO;NO;NO;NO;NO;NO;SI;NO;
21;MAGDALENA;001;SANTA MARTA;99;02;BONDA;016;01;PRESIDENTE;NO;;;169;BUEN ESTADO;169;0;6;169;NO;;NO;;;;NO;NO;NO;NO;NO;NO;SI;NO;
21;MAGDALENA;001;SANTA MARTA;99;02;BONDA;017;01;PRESIDENTE;NO;;;160;BUEN ESTADO;160;0;6;160;NO;;NO;;;;NO;NO;NO;NO;NO;NO;SI;NO;
21;MAGDALENA;001;SANTA MARTA;99;02;BONDA;018;01;PRESIDENTE;NO;;;168;BUEN ESTADO;168;0;6;168;NO;;NO;;;;NO;NO;NO;NO;NO;NO;SI;NO;
21;MAGDALENA;001;SANTA MARTA;99;02;BONDA;019;01;PRESIDENTE;NO;;;178;BUEN ESTADO;178;0;6;178;NO;;NO;;;;NO;NO;NO;NO;NO;NO;NO;NO;
21;MAGDALENA;001;SANTA MARTA;99;02;BONDA;020;01;PRESIDENTE;NO;;;20;BUEN ESTADO;20;0;6;20;NO;;NO;;;;NO;NO;NO;NO;NO;NO;NO;NO;
21;MAGDALENA;001;SANTA MARTA;99;03;GUACHACA;001;01;PRESIDENTE;NO;;;118;BUEN ESTADO;118;0;6;118;NO;;NO;;;;NO;NO;NO;NO;NO;NO;SI;NO;
21;MAGDALENA;001;SANTA MARTA;99;03;GUACHACA;002;01;PRESIDENTE;NO;;;181;BUEN ESTADO;181;0;6;181;NO;;NO;;;;NO;NO;NO;NO;NO;NO;SI;NO;
21;MAGDALENA;001;SANTA MARTA;99;03;GUACHACA;003;01;PRESIDENTE;NO;;;180;BUEN ESTADO;180;0;6;180;NO;;NO;;;;NO;NO;NO;NO;NO;NO;SI;NO;
21;MAGDALENA;001;SANTA MARTA;99;03;GUACHACA;004;01;PRESIDENTE;NO;;;152;BUEN ESTADO;152;0;6;152;NO;;NO;;;;NO;NO;NO;NO;NO;NO;SI;NO;
21;MAGDALENA;001;SANTA MARTA;99;03;GUACHACA;005;01;PRESIDENTE;NO;;;192;BUEN ESTADO;192;0;6;192;NO;;NO;;;;NO;NO;NO;NO;NO;NO;SI;NO;
21;MAGDALENA;001;SANTA MARTA;99;03;GUACHACA;006;01;PRESIDENTE;NO;;;191;BUEN ESTADO;191;0;6;191;NO;;NO;;;;NO;NO;NO;NO;NO;NO;SI;NO;
21;MAGDALENA;001;SANTA MARTA;99;03;GUACHACA;007;01;PRESIDENTE;NO;;;190;BUEN ESTADO;190;0;6;190;NO;;NO;;;;NO;NO;NO;NO;NO;NO;SI;NO;
21;MAGDALENA;001;SANTA MARTA;99;03;GUACHACA;008;01;PRESIDENTE;NO;;;138;BUEN ESTADO;138;0;6;138;NO;;NO;;;;NO;NO;NO;NO;NO;NO;SI;NO;
21;MAGDALENA;001;SANTA MARTA;99;03;GUACHACA;009;01;PRESIDENTE;NO;;;122;BUEN ESTADO;122;0;6;122;NO;;NO;;;;NO;NO;NO;NO;NO;NO;SI;NO;
21;MAGDALENA;001;SANTA MARTA;99;03;GUACHACA;010;01;PRESIDENTE;NO;;;107;BUEN ESTADO;107;0;6;107;NO;;NO;;;;NO;NO;NO;NO;NO;NO;NO;NO;
21;MAGDALENA;001;SANTA MARTA;99;03;GUACHACA;011;01;PRESIDENTE;NO;;;99;BUEN ESTADO;99;0;6;99;NO;;NO;;;;NO;NO;NO;NO;NO;NO;SI;NO;
21;MAGDALENA;001;SANTA MARTA;99;03;GUACHACA;012;01;PRESIDENTE;NO;;;99;BUEN ESTADO;99;0;6;99;NO;;NO;;;;NO;NO;NO;NO;NO;NO;SI;NO;
21;MAGDALENA;001;SANTA MARTA;99;03;GUACHACA;013;01;PRESIDENTE;NO;;;99;BUEN ESTADO;99;0;6;99;NO;;NO;;;;NO;NO;NO;NO;NO;NO;NO;NO;
21;MAGDALENA;001;SANTA MARTA;99;03;GUACHACA;014;01;PRESIDENTE;NO;;;93;BUEN ESTADO;93;0;6;93;NO;;NO;;;;NO;NO;NO;NO;NO;NO;NO;NO;
21;MAGDALENA;001;SANTA MARTA;99;03;GUACHACA;015;01;PRESIDENTE;NO;;;115;BUEN ESTADO;115;0;6;115;NO;;NO;;;;NO;NO;NO;NO;NO;NO;SI;NO;
21;MAGDALENA;001;SANTA MARTA;99;03;GUACHACA;016;01;PRESIDENTE;NO;;;111;BUEN ESTADO;111;0;6;111;NO;;NO;;;;NO;NO;NO;NO;NO;NO;SI;NO;
21;MAGDALENA;001;SANTA MARTA;99;03;GUACHACA;017;01;PRESIDENTE;NO;;;82;BUEN ESTADO;82;0;6;82;NO;;NO;;;;NO;NO;NO;NO;NO;NO;NO;NO;
21;MAGDALENA;001;SANTA MARTA;99;03;GUACHACA;018;01;PRESIDENTE;NO;;;86;BUEN ESTADO;86;0;6;86;NO;;NO;;;;NO;NO;NO;NO;NO;NO;NO;NO;
21;MAGDALENA;001;SANTA MARTA;99;03;GUACHACA;019;01;PRESIDENTE;NO;;;61;BUEN ESTADO;61;0;6;61;NO;;NO;;;;NO;NO;NO;NO;NO;NO;NO;NO;
21;MAGDALENA;001;SANTA MARTA;99;03;GUACHACA;020;01;PRESIDENTE;NO;;;64;BUEN ESTADO;64;0;6;64;NO;;NO;;;;NO;NO;NO;NO;NO;NO;NO;NO;
21;MAGDALENA;001;SANTA MARTA;99;03;GUACHACA;021;01;PRESIDENTE;NO;;;28;BUEN ESTADO;28;0;6;28;NO;;NO;;;;NO;NO;NO;NO;NO;NO;NO;NO;
21;MAGDALENA;001;SANTA MARTA;99;04;CALABAZO;001;01;PRESIDENTE;NO;;;180;BUEN ESTADO;180;0;6;180;NO;;NO;;;;NO;NO;NO;NO;NO;NO;NO;NO;
21;MAGDALENA;001;SANTA MARTA;99;04;CALABAZO;002;01;PRESIDENTE;NO;;;182;BUEN ESTADO;182;0;6;182;NO;;NO;;;;NO;NO;NO;NO;NO;NO;SI;NO;
21;MAGDALENA;001;SANTA MARTA;99;04;CALABAZO;003;01;PRESIDENTE;NO;;;152;BUEN ESTADO;152;0;6;152;NO;;NO;;;;NO;NO;NO;NO;NO;NO;NO;NO;
21;MAGDALENA;001;SANTA MARTA;99;04;CALABAZO;004;01;PRESIDENTE;NO;;;137;BUEN ESTADO;137;0;6;137;NO;;NO;;;;NO;NO;NO;NO;NO;NO;SI;NO;
21;MAGDALENA;001;SANTA MARTA;99;04;CALABAZO;005;01;PRESIDENTE;NO;;;103;BUEN ESTADO;103;0;6;103;NO;;NO;;;;NO;NO;NO;NO;NO;NO;SI;NO;
21;MAGDALENA;001;SANTA MARTA;99;05;TAGANGA;001;01;PRESIDENTE;NO;;;193;BUEN ESTADO;192;0;6;193;NO;;NO;;;;NO;NO;NO;NO;NO;NO;NO;NO;
21;MAGDALENA;001;SANTA MARTA;99;05;TAGANGA;002;01;PRESIDENTE;NO;;;209;BUEN ESTADO;209;0;6;209;NO;;NO;;;;NO;NO;NO;NO;NO;NO;SI;NO;
21;MAGDALENA;001;SANTA MARTA;99;05;TAGANGA;003;01;PRESIDENTE;NO;;;223;BUEN ESTADO;222;0;6;223;NO;;NO;;;;NO;NO;NO;NO;NO;NO;SI;NO;
21;MAGDALENA;001;SANTA MARTA;99;05;TAGANGA;004;01;PRESIDENTE;NO;;;202;BUEN ESTADO;202;0;6;202;NO;;NO;;;;NO;NO;NO;NO;NO;NO;SI;NO;
21;MAGDALENA;001;SANTA MARTA;99;05;TAGANGA;005;01;PRESIDENTE;NO;;;218;BUEN ESTADO;218;0;6;218;NO;;NO;;;;NO;NO;NO;NO;NO;NO;NO;NO;
21;MAGDALENA;001;SANTA MARTA;99;05;TAGANGA;006;01;PRESIDENTE;NO;;;205;BUEN ESTADO;205;0;6;205;NO;;NO;;;;NO;NO;NO;NO;NO;NO;SI;NO;
21;MAGDALENA;001;SANTA MARTA;99;05;TAGANGA;007;01;PRESIDENTE;NO;;;130;BUEN ESTADO;130;0;6;130;NO;;NO;;;;NO;NO;NO;NO;NO;NO;SI;NO;
21;MAGDALENA;001;SANTA MARTA;99;05;TAGANGA;008;01;PRESIDENTE;NO;;;156;BUEN ESTADO;156;0;6;156;NO;;NO;;;;NO;NO;NO;NO;NO;NO;NO;NO;
21;MAGDALENA;001;SANTA MARTA;99;05;TAGANGA;009;01;PRESIDENTE;NO;;;153;BUEN ESTADO;153;0;6;153;NO;;NO;;;;NO;NO;NO;NO;NO;NO;NO;NO;
21;MAGDALENA;001;SANTA MARTA;99;05;TAGANGA;010;01;PRESIDENTE;NO;;;162;BUEN ESTADO;162;0;6;162;NO;;NO;;;;NO;NO;NO;NO;NO;NO;SI;NO;
21;MAGDALENA;001;SANTA MARTA;99;05;TAGANGA;011;01;PRESIDENTE;NO;;;124;BUEN ESTADO;124;0;6;124;NO;;NO;;;;NO;NO;NO;NO;NO;NO;SI;NO;
21;MAGDALENA;001;SANTA MARTA;99;07;MINCA;001;01;PRESIDENTE;NO;;;158;BUEN ESTADO;158;0;6;158;NO;;NO;;;;NO;NO;NO;NO;NO;NO;NO;NO;
21;MAGDALENA;001;SANTA MARTA;99;07;MINCA;002;01;PRESIDENTE;NO;;;195;BUEN ESTADO;195;0;6;195;NO;;NO;;;;NO;NO;NO;NO;NO;NO;SI;NO;
21;MAGDALENA;001;SANTA MARTA;99;07;MINCA;003;01;PRESIDENTE;NO;;;153;BUEN ESTADO;153;0;6;153;NO;;NO;;;;NO;NO;NO;NO;NO;NO;SI;NO;
21;MAGDALENA;001;SANTA MARTA;99;07;MINCA;004;01;PRESIDENTE;NO;;;126;BUEN ESTADO;126;0;6;126;NO;;NO;;;;NO;NO;NO;NO;NO;NO;NO;NO;
21;MAGDALENA;001;SANTA MARTA;99;07;MINCA;005;01;PRESIDENTE;NO;;;116;BUEN ESTADO;116;0;6;116;NO;;NO;;;;NO;NO;NO;NO;NO;NO;SI;NO;
21;MAGDALENA;001;SANTA MARTA;99;07;MINCA;006;01;PRESIDENTE;NO;;;40;BUEN ESTADO;40;0;6;40;NO;;NO;;;;NO;NO;NO;NO;NO;NO;NO;NO;
21;MAGDALENA;001;SANTA MARTA;99;08;LATAGUA;001;01;PRESIDENTE;NO;;;158;BUEN ESTADO;158;0;6;158;NO;;NO;;;;NO;NO;NO;NO;NO;NO;NO;NO;
21;MAGDALENA;001;SANTA MARTA;99;08;LATAGUA;002;01;PRESIDENTE;NO;;;49;BUEN ESTADO;49;0;6;49;NO;;NO;;;;NO;NO;NO;NO;NO;NO;NO;NO;
21;MAGDALENA;001;SANTA MARTA;99;13;ELCAMPANO;001;01;PRESIDENTE;NO;;;136;BUEN ESTADO;136;0;6;136;NO;;NO;;;;NO;NO;NO;NO;NO;NO;NO;NO;
21;MAGDALENA;001;SANTA MARTA;99;13;ELCAMPANO;002;01;PRESIDENTE;NO;;;30;BUEN ESTADO;30;0;6;30;NO;;NO;;;;NO;NO;NO;NO;NO;NO;NO;NO;
21;MAGDALENA;001;SANTA MARTA;99;15;IEDJULIOJOSECEBALLOSOSPINOSD01;001;01;PRESIDENTE;NO;;;209;BUEN ESTADO;209;0;5;209;NO;;NO;;;;NO;NO;NO;NO;NO;NO;SI;NO;
21;MAGDALENA;001;SANTA MARTA;99;15;IEDJULIOJOSECEBALLOSOSPINOSD01;002;01;PRESIDENTE;NO;;;101;BUEN ESTADO;101;0;6;101;NO;;NO;;;;NO;NO;NO;NO;NO;NO;NO;NO;
21;MAGDALENA;001;SANTA MARTA;99;17;IEDPALOMINITO;001;01;PRESIDENTE;NO;;;191;BUEN ESTADO;191;0;5;191;NO;;NO;;;;NO;NO;NO;NO;NO;NO;SI;NO;
21;MAGDALENA;001;SANTA MARTA;99;17;IEDPALOMINITO;002;01;PRESIDENTE;NO;;;9;BUEN ESTADO;9;0;5;9;NO;;NO;;;;NO;NO;NO;NO;NO;NO;NO;NO;
21;MAGDALENA;001;SANTA MARTA;99;17;IEDPALOMINITO;003;01;PRESIDENTE;NO;;;43;BUEN ESTADO;43;0;6;43;NO;;NO;;;;NO;NO;NO;NO;NO;NO;NO;NO;
21;MAGDALENA;001;SANTA MARTA;99;19;IEDMOSQUITO;001;01;PRESIDENTE;NO;;;129;BUEN ESTADO;129;0;6;129;NO;;NO;;;;NO;NO;NO;NO;NO;NO;SI;NO;
21;MAGDALENA;001;SANTA MARTA;99;20;INSETNOEDUCDISTINTERCULTURALELMAMEY;001;01;PRESIDENTE;NO;;;116;BUEN ESTADO;116;0;6;116;NO;;NO;;;;NO;NO;NO;NO;NO;NO;NO;NO;
21;MAGDALENA;001;SANTA MARTA;99;21;IETNOEDUCDISTINTERCULTURALLAREVUELT;001;01;PRESIDENTE;NO;;;228;BUEN ESTADO;228;0;6;228;NO;;NO;;;;NO;NO;NO;NO;NO;NO;SI;NO;
21;MAGDALENA;008;ALGARROBO;00;00;PUESTOCABECERAMUNICIPAL;001;01;PRESIDENTE;NO;;;164;BUEN ESTADO;164;0;6;164;NO;;NO;;;;NO;NO;NO;NO;NO;NO;SI;NO;
21;MAGDALENA;008;ALGARROBO;00;00;PUESTOCABECERAMUNICIPAL;002;01;PRESIDENTE;NO;;;207;BUEN ESTADO;207;0;6;207;NO;;NO;;;;NO;NO;NO;NO;NO;NO;SI;NO;
21;MAGDALENA;008;ALGARROBO;00;00;PUESTOCABECERAMUNICIPAL;003;01;PRESIDENTE;NO;;;232;BUEN ESTADO;232;0;6;232;NO;;NO;;;;NO;NO;NO;NO;NO;NO;SI;NO;
21;MAGDALENA;008;ALGARROBO;00;00;PUESTOCABECERAMUNICIPAL;004;01;PRESIDENTE;NO;;;204;BUEN ESTADO;204;0;6;204;NO;;NO;;;;NO;NO;NO;NO;NO;NO;NO;NO;
21;MAGDALENA;008;ALGARROBO;00;00;PUESTOCABECERAMUNICIPAL;005;01;PRESIDENTE;NO;;;195;BUEN ESTADO;195;0;6;195;NO;;NO;;;;NO;NO;NO;NO;NO;NO;SI;NO;
21;MAGDALENA;008;ALGARROBO;00;00;PUESTOCABECERAMUNICIPAL;006;01;PRESIDENTE;NO;;;201;BUEN ESTADO;201;0;6;201;NO;;NO;;;;NO;NO;NO;NO;NO;NO;SI;NO;
21;MAGDALENA;008;ALGARROBO;00;00;PUESTOCABECERAMUNICIPAL;007;01;PRESIDENTE;NO;;;215;BUEN ESTADO;215;0;6;215;NO;;NO;;;;NO;NO;NO;NO;NO;NO;SI;NO;
21;MAGDALENA;008;ALGARROBO;00;00;PUESTOCABECERAMUNICIPAL;008;01;PRESIDENTE;NO;;;181;BUEN ESTADO;181;0;6;181;NO;;NO;;;;NO;NO;NO;NO;NO;NO;NO;NO;
21;MAGDALENA;008;ALGARROBO;00;00;PUESTOCABECERAMUNICIPAL;009;01;PRESIDENTE;NO;;;201;BUEN ESTADO;201;0;6;201;NO;;NO;;;;NO;NO;NO;NO;NO;NO;NO;NO;
21;MAGDALENA;008;ALGARROBO;00;00;PUESTOCABECERAMUNICIPAL;010;01;PRESIDENTE;NO;;;211;BUEN ESTADO;211;0;6;211;NO;;NO;;;;NO;NO;NO;NO;NO;NO;SI;NO;
21;MAGDALENA;008;ALGARROBO;00;00;PUESTOCABECERAMUNICIPAL;011;01;PRESIDENTE;NO;;;144;BUEN ESTADO;14;0;6;144;NO;;NO;;;;NO;NO;NO;NO;NO;NO;SI;NO;
21;MAGDALENA;008;ALGARROBO;00;00;PUESTOCABECERAMUNICIPAL;012;01;PRESIDENTE;NO;;;130;BUEN ESTADO;130;0;6;130;NO;;NO;;;;NO;NO;NO;NO;NO;NO;NO;NO;
21;MAGDALENA;008;ALGARROBO;00;00;PUESTOCABECERAMUNICIPAL;013;01;PRESIDENTE;NO;;;130;BUEN ESTADO;130;0;6;130;NO;;NO;;;;NO;NO;NO;NO;NO;NO;SI;NO;
21;MAGDALENA;008;ALGARROBO;00;00;PUESTOCABECERAMUNICIPAL;014;01;PRESIDENTE;NO;;;140;BUEN ESTADO;140;0;6;140;NO;;NO;;;;NO;NO;NO;NO;NO;NO;NO;NO;
21;MAGDALENA;008;ALGARROBO;00;00;PUESTOCABECERAMUNICIPAL;015;01;PRESIDENTE;NO;;;130;BUEN ESTADO;130;0;6;130;NO;;NO;;;;NO;NO;NO;NO;NO;NO;SI;NO;
21;MAGDALENA;008;ALGARROBO;00;00;PUESTOCABECERAMUNICIPAL;016;01;PRESIDENTE;NO;;;131;BUEN ESTADO;131;0;6;131;NO;;NO;;;;NO;NO;NO;NO;NO;NO;SI;NO;
21;MAGDALENA;008;ALGARROBO;00;00;PUESTOCABECERAMUNICIPAL;017;01;PRESIDENTE;NO;;;139;BUEN ESTADO;139;0;6;139;NO;;NO;;;;NO;NO;NO;NO;NO;NO;NO;NO;
21;MAGDALENA;008;ALGARROBO;00;00;PUESTOCABECERAMUNICIPAL;018;01;PRESIDENTE;NO;;;125;BUEN ESTADO;215;0;6;125;NO;;NO;;;;NO;NO;NO;NO;NO;NO;SI;NO;
21;MAGDALENA;008;ALGARROBO;00;00;PUESTOCABECERAMUNICIPAL;019;01;PRESIDENTE;NO;;;135;BUEN ESTADO;135;0;6;135;NO;;NO;;;;NO;NO;NO;NO;NO;NO;NO;NO;
21;MAGDALENA;008;ALGARROBO;00;00;PUESTOCABECERAMUNICIPAL;020;01;PRESIDENTE;NO;;;119;BUEN ESTADO;119;0;6;119;NO;;NO;;;;NO;NO;NO;NO;NO;NO;SI;NO;
21;MAGDALENA;008;ALGARROBO;00;00;PUESTOCABECERAMUNICIPAL;021;01;PRESIDENTE;NO;;;115;BUEN ESTADO;115;0;6;115;NO;;NO;;;;NO;NO;NO;NO;NO;NO;SI;NO;
21;MAGDALENA;008;ALGARROBO;00;00;PUESTOCABECERAMUNICIPAL;022;01;PRESIDENTE;NO;;;138;BUEN ESTADO;138;0;6;138;NO;;NO;;;;NO;NO;NO;NO;NO;NO;NO;NO;
21;MAGDALENA;008;ALGARROBO;00;00;PUESTOCABECERAMUNICIPAL;023;01;PRESIDENTE;NO;;;149;BUEN ESTADO;149;0;6;149;NO;;NO;;;;NO;NO;NO;NO;NO;NO;NO;NO;
21;MAGDALENA;008;ALGARROBO;00;00;PUESTOCABECERAMUNICIPAL;024;01;PRESIDENTE;NO;;;151;BUEN ESTADO;151;0;6;151;NO;;NO;;;;NO;NO;NO;NO;NO;NO;SI;NO;
21;MAGDALENA;008;ALGARROBO;00;00;PUESTOCABECERAMUNICIPAL;025;01;PRESIDENTE;NO;;;28;BUEN ESTADO;28;0;6;28;NO;;NO;;;;NO;NO;NO;NO;NO;NO;NO;NO;
21;MAGDALENA;008;ALGARROBO;99;10;BELLAVISTA;001;01;PRESIDENTE;NO;;;112;BUEN ESTADO;112;0;6;112;NO;;NO;;;;NO;NO;NO;NO;NO;NO;NO;NO;
21;MAGDALENA;008;ALGARROBO;99;10;BELLAVISTA;002;01;PRESIDENTE;NO;;;71;BUEN ESTADO;71;0;6;71;NO;;NO;;;;NO;NO;NO;NO;NO;NO;NO;NO;
21;MAGDALENA;008;ALGARROBO;99;20;RIOMAR;001;01;PRESIDENTE;NO;;;84;BUEN ESTADO;84;0;5;84;NO;;NO;;;;NO;NO;NO;NO;NO;NO;NO;NO;
21;MAGDALENA;008;ALGARROBO;99;30;LAESTACIONLLERAS;001;01;PRESIDENTE;NO;;;122;BUEN ESTADO;122;0;6;122;NO;;NO;;;;NO;NO;NO;NO;NO;NO;NO;NO;
21;MAGDALENA;008;ALGARROBO;99;30;LAESTACIONLLERAS;002;01;PRESIDENTE;NO;;;165;BUEN ESTADO;27;0;6;27;NO;;NO;;;;NO;NO;NO;NO;NO;NO;NO;NO;
21;MAGDALENA;008;ALGARROBO;99;35;LOMADEBALSAMO;001;01;PRESIDENTE;NO;;;173;BUEN ESTADO;173;0;6;173;NO;;NO;;;;NO;NO;NO;NO;NO;NO;NO;NO;
21;MAGDALENA;008;ALGARROBO;99;35;LOMADEBALSAMO;002;01;PRESIDENTE;NO;;;165;BUEN ESTADO;165;0;6;165;NO;;NO;;;;NO;NO;NO;NO;NO;NO;SI;NO;
21;MAGDALENA;008;ALGARROBO;99;35;LOMADEBALSAMO;003;01;PRESIDENTE;NO;;;123;BUEN ESTADO;123;0;6;123;NO;;NO;;;;NO;NO;NO;NO;NO;NO;SI;NO;
21;MAGDALENA;008;ALGARROBO;99;35;LOMADEBALSAMO;004;01;PRESIDENTE;NO;;;125;BUEN ESTADO;125;0;5;125;NO;;NO;;;;NO;NO;NO;NO;NO;NO;NO;NO;
21;MAGDALENA;008;ALGARROBO;99;35;LOMADEBALSAMO;005;01;PRESIDENTE;NO;;;42;BUEN ESTADO;42;0;5;42;NO;;NO;;;;NO;NO;NO;NO;NO;NO;NO;NO;
21;MAGDALENA;010;ARACATACA;01;01;INS.EDUCATIVAELVIAVIZCAINOT;001;01;PRESIDENTE;NO;;;135;BUEN ESTADO;135;0;6;135;NO;;NO;;;;NO;NO;NO;NO;NO;NO;SI;NO;
21;MAGDALENA;010;ARACATACA;01;01;INS.EDUCATIVAELVIAVIZCAINOT;002;01;PRESIDENTE;NO;;;172;BUEN ESTADO;172;0;6;172;NO;;NO;;;;NO;NO;NO;NO;NO;NO;NO;NO;
21;MAGDALENA;010;ARACATACA;01;01;INS.EDUCATIVAELVIAVIZCAINOT;003;01;PRESIDENTE;NO;;;176;BUEN ESTADO;176;0;6;176;NO;;NO;;;;NO;NO;NO;NO;NO;NO;NO;NO;
21;MAGDALENA;010;ARACATACA;01;01;INS.EDUCATIVAELVIAVIZCAINOT;004;01;PRESIDENTE;NO;;;217;BUEN ESTADO;217;0;6;217;NO;;NO;;;;NO;NO;NO;NO;NO;NO;SI;NO;
21;MAGDALENA;010;ARACATACA;01;01;INS.EDUCATIVAELVIAVIZCAINOT;005;01;PRESIDENTE;NO;;;221;BUEN ESTADO;221;0;6;221;NO;;NO;;;;NO;NO;NO;NO;NO;NO;NO;NO;
21;MAGDALENA;010;ARACATACA;01;01;INS.EDUCATIVAELVIAVIZCAINOT;006;01;PRESIDENTE;NO;;;201;BUEN ESTADO;201;0;6;201;NO;;NO;;;;NO;NO;NO;NO;NO;NO;NO;NO;
21;MAGDALENA;010;ARACATACA;01;01;INS.EDUCATIVAELVIAVIZCAINOT;007;01;PRESIDENTE;NO;;;179;BUEN ESTADO;179;0;6;179;NO;;NO;;;;NO;NO;NO;NO;NO;NO;SI;NO;
21;MAGDALENA;010;ARACATACA;01;01;INS.EDUCATIVAELVIAVIZCAINOT;008;01;PRESIDENTE;NO;;;151;BUEN ESTADO;151;0;6;151;NO;;NO;;;;NO;NO;NO;NO;NO;NO;SI;NO;
21;MAGDALENA;010;ARACATACA;01;01;INS.EDUCATIVAELVIAVIZCAINOT;009;01;PRESIDENTE;NO;;;173;BUEN ESTADO;173;0;6;173;NO;;NO;;;;NO;NO;NO;NO;NO;NO;SI;NO;
21;MAGDALENA;010;ARACATACA;01;01;INS.EDUCATIVAELVIAVIZCAINOT;010;01;PRESIDENTE;NO;;;216;BUEN ESTADO;216;0;6;216;NO;;NO;;;;NO;NO;NO;NO;NO;NO;SI;NO;
21;MAGDALENA;010;ARACATACA;01;01;INS.EDUCATIVAELVIAVIZCAINOT;011;01;PRESIDENTE;NO;;;141;BUEN ESTADO;141;0;6;141;NO;;NO;;;;NO;NO;NO;NO;NO;NO;NO;NO;
21;MAGDALENA;010;ARACATACA;01;01;INS.EDUCATIVAELVIAVIZCAINOT;012;01;PRESIDENTE;NO;;;124;BUEN ESTADO;124;0;6;124;NO;;NO;;;;NO;NO;NO;NO;NO;NO;NO;NO;
21;MAGDALENA;010;ARACATACA;01;01;INS.EDUCATIVAELVIAVIZCAINOT;013;01;PRESIDENTE;NO;;;139;BUEN ESTADO;139;0;6;139;NO;;NO;;;;NO;NO;NO;NO;NO;NO;NO;NO;
21;MAGDALENA;010;ARACATACA;01;01;INS.EDUCATIVAELVIAVIZCAINOT;014;01;PRESIDENTE;NO;;;135;BUEN ESTADO;135;0;6;135;NO;;NO;;;;NO;NO;NO;NO;NO;NO;NO;NO;
21;MAGDALENA;010;ARACATACA;01;01;INS.EDUCATIVAELVIAVIZCAINOT;015;01;PRESIDENTE;NO;;;126;BUEN ESTADO;126;0;6;126;NO;;NO;;;;NO;NO;NO;NO;NO;NO;SI;NO;
21;MAGDALENA;010;ARACATACA;01;01;INS.EDUCATIVAELVIAVIZCAINOT;016;01;PRESIDENTE;NO;;;115;BUEN ESTADO;115;0;6;115;NO;;NO;;;;NO;NO;NO;NO;NO;NO;NO;NO;
21;MAGDALENA;010;ARACATACA;01;01;INS.EDUCATIVAELVIAVIZCAINOT;017;01;PRESIDENTE;NO;;;103;BUEN ESTADO;103;0;6;103;NO;;NO;;;;NO;NO;NO;NO;NO;NO;SI;NO;
21;MAGDALENA;010;ARACATACA;01;01;INS.EDUCATIVAELVIAVIZCAINOT;018;01;PRESIDENTE;NO;;;38;BUEN ESTADO;38;0;6;38;NO;;NO;;;;NO;NO;NO;NO;NO;NO;NO;NO;
21;MAGDALENA;010;ARACATACA;01;02;JHONF.KENEDDY;001;01;PRESIDENTE;NO;;;213;BUEN ESTADO;212;0;6;212;NO;;NO;;;;NO;NO;NO;NO;NO;NO;SI;NO;
21;MAGDALENA;010;ARACATACA;01;02;JHONF.KENEDDY;002;01;PRESIDENTE;NO;;;150;BUEN ESTADO;150;0;6;150;NO;;NO;;;;NO;NO;NO;NO;NO;NO;SI;NO;
21;MAGDALENA;010;ARACATACA;01;02;JHONF.KENEDDY;003;01;PRESIDENTE;NO;;;122;BUEN ESTADO;122;0;6;122;NO;;NO;;;;NO;NO;NO;NO;NO;NO;SI;NO;
21;MAGDALENA;010;ARACATACA;01;02;JHONF.KENEDDY;004;01;PRESIDENTE;NO;;;116;BUEN ESTADO;116;0;6;116;NO;;NO;;;;NO;NO;NO;NO;NO;NO;SI;NO;
21;MAGDALENA;010;ARACATACA;01;02;JHONF.KENEDDY;005;01;PRESIDENTE;NO;;;214;BUEN ESTADO;214;0;6;214;NO;;NO;;;;NO;NO;NO;NO;NO;NO;SI;NO;
21;MAGDALENA;010;ARACATACA;01;02;JHONF.KENEDDY;006;01;PRESIDENTE;NO;;;239;BUEN ESTADO;239;0;6;239;NO;;NO;;;;NO;NO;NO;NO;NO;NO;SI;NO;
21;MAGDALENA;010;ARACATACA;01;02;JHONF.KENEDDY;007;01;PRESIDENTE;NO;;;144;BUEN ESTADO;144;0;6;144;NO;;NO;;;;NO;NO;NO;NO;NO;NO;NO;NO;
21;MAGDALENA;010;ARACATACA;01;02;JHONF.KENEDDY;008;01;PRESIDENTE;NO;;;147;BUEN ESTADO;147;0;6;147;NO;;NO;;;;NO;NO;NO;NO;NO;NO;NO;NO;
21;MAGDALENA;010;ARACATACA;01;02;JHONF.KENEDDY;009;01;PRESIDENTE;NO;;;175;BUEN ESTADO;175;0;6;175;NO;;NO;;;;NO;NO;NO;NO;NO;NO;SI;NO;
21;MAGDALENA;010;ARACATACA;01;02;JHONF.KENEDDY;010;01;PRESIDENTE;NO;;;150;BUEN ESTADO;150;0;6;150;NO;;NO;;;;NO;NO;NO;NO;NO;NO;SI;NO;
21;MAGDALENA;010;ARACATACA;01;02;JHONF.KENEDDY;011;01;PRESIDENTE;NO;;;114;BUEN ESTADO;114;0;6;114;NO;;NO;;;;NO;NO;NO;NO;NO;NO;SI;NO;
21;MAGDALENA;010;ARACATACA;01;02;JHONF.KENEDDY;012;01;PRESIDENTE;NO;;;129;BUEN ESTADO;129;0;6;129;NO;;NO;;;;NO;NO;NO;NO;NO;NO;NO;NO;
21;MAGDALENA;010;ARACATACA;01;02;JHONF.KENEDDY;013;01;PRESIDENTE;NO;;;153;BUEN ESTADO;155;2;6;153;NO;;NO;;;;NO;NO;NO;NO;NO;NO;NO;NO;
21;MAGDALENA;010;ARACATACA;01;02;JHONF.KENEDDY;014;01;PRESIDENTE;NO;;;136;BUEN ESTADO;135;0;6;136;NO;;NO;;;;NO;NO;NO;NO;NO;NO;NO;NO;
21;MAGDALENA;010;ARACATACA;01;02;JHONF.KENEDDY;015;01;PRESIDENTE;NO;;;22;BUEN ESTADO;22;0;6;22;NO;;NO;;;;NO;NO;NO;NO;NO;NO;NO;NO;
21;MAGDALENA;010;ARACATACA;02;01;CERES;001;01;PRESIDENTE;NO;;;193;BUEN ESTADO;193;0;6;193;NO;;NO;;;;NO;NO;NO;NO;NO;NO;NO;NO;
21;MAGDALENA;010;ARACATACA;02;01;CERES;002;01;PRESIDENTE;NO;;;145;BUEN ESTADO;145;0;6;145;NO;;NO;;;;NO;NO;NO;NO;NO;NO;SI;NO;
21;MAGDALENA;010;ARACATACA;02;01;CERES;003;01;PRESIDENTE;NO;;;208;BUEN ESTADO;208;0;6;208;NO;;NO;;;;NO;NO;NO;NO;NO;NO;NO;NO;
21;MAGDALENA;010;ARACATACA;02;01;CERES;004;01;PRESIDENTE;NO;;;184;BUEN ESTADO;184;0;6;184;NO;;NO;;;;NO;NO;NO;NO;NO;NO;NO;NO;
21;MAGDALENA;010;ARACATACA;02;01;CERES;005;01;PRESIDENTE;NO;;;161;BUEN ESTADO;161;0;6;161;NO;;NO;;;;NO;NO;NO;NO;NO;NO;SI;NO;
21;MAGDALENA;010;ARACATACA;02;01;CERES;006;01;PRESIDENTE;NO;;;151;BUEN ESTADO;151;0;6;151;NO;;NO;;;;NO;NO;NO;NO;NO;NO;SI;NO;
21;MAGDALENA;010;ARACATACA;02;01;CERES;007;01;PRESIDENTE;NO;;;144;BUEN ESTADO;144;0;6;144;NO;;NO;;;;NO;NO;NO;NO;NO;NO;SI;NO;
21;MAGDALENA;010;ARACATACA;02;01;CERES;008;01;PRESIDENTE;NO;;;115;BUEN ESTADO;115;0;6;115;NO;;NO;;;;NO;NO;NO;NO;NO;NO;SI;NO;
21;MAGDALENA;010;ARACATACA;02;01;CERES;009;01;PRESIDENTE;NO;;;118;BUEN ESTADO;118;0;6;118;NO;;NO;;;;NO;NO;NO;NO;NO;NO;NO;NO;
21;MAGDALENA;010;ARACATACA;02;01;CERES;010;01;PRESIDENTE;NO;;;122;BUEN ESTADO;122;0;6;122;NO;;NO;;;;NO;NO;NO;NO;NO;NO;SI;NO;
21;MAGDALENA;010;ARACATACA;02;01;CERES;011;01;PRESIDENTE;NO;;;128;BUEN ESTADO;128;0;6;128;NO;;NO;;;;NO;NO;NO;NO;NO;NO;NO;NO;
21;MAGDALENA;010;ARACATACA;02;01;CERES;012;01;PRESIDENTE;NO;;;43;BUEN ESTADO;43;0;6;43;NO;;NO;;;;NO;NO;NO;NO;NO;NO;NO;NO;
21;MAGDALENA;010;ARACATACA;02;02;INST.EDUCATIVASANMARTIN;001;01;PRESIDENTE;NO;;;174;BUEN ESTADO;174;0;6;174;NO;;NO;;;;NO;NO;NO;NO;NO;NO;NO;NO;
21;MAGDALENA;010;ARACATACA;02;02;INST.EDUCATIVASANMARTIN;002;01;PRESIDENTE;NO;;;175;BUEN ESTADO;175;0;6;175;NO;;NO;;;;NO;NO;NO;NO;NO;NO;SI;NO;
21;MAGDALENA;010;ARACATACA;02;02;INST.EDUCATIVASANMARTIN;003;01;PRESIDENTE;NO;;;125;BUEN ESTADO;125;0;6;125;NO;;NO;;;;NO;NO;NO;NO;NO;NO;NO;NO;
21;MAGDALENA;010;ARACATACA;02;02;INST.EDUCATIVASANMARTIN;004;01;PRESIDENTE;NO;;;109;BUEN ESTADO;109;0;6;109;NO;;NO;;;;NO;NO;NO;NO;NO;NO;SI;NO;
21;MAGDALENA;010;ARACATACA;02;02;INST.EDUCATIVASANMARTIN;005;01;PRESIDENTE;NO;;;105;BUEN ESTADO;105;0;6;105;NO;;NO;;;;NO;NO;NO;NO;NO;NO;NO;NO;
21;MAGDALENA;010;ARACATACA;02;02;INST.EDUCATIVASANMARTIN;006;01;PRESIDENTE;NO;;;112;BUEN ESTADO;112;0;6;112;NO;;NO;;;AL MOMENTO DE LLENAR LA CASILLA 166 ME EQUIVOQUE Y COLOQUE EL NOMBRE EN EL 165, PERO NO LE TOME LA HUELLA LA CORRECTA ES LA 166. EN LA CASILLA SE NOS OLVIDO ENUMERAR EL TOTA;NO;NO;NO;NO;NO;NO;NO;NO;
21;MAGDALENA;010;ARACATACA;02;02;INST.EDUCATIVASANMARTIN;007;01;PRESIDENTE;NO;;;113;BUEN ESTADO;113;0;6;113;NO;;NO;;;EN LA PAGINA 5 N44 HUBO UNA EQUIVOCACION AL MOMENTO DE REGISTRAR AL CIUDADANO EL CUAL ERA EN LA PAGINA 19 N244 EL CUAL FUE REGISTRADO;NO;NO;NO;NO;NO;NO;NO;NO;
21;MAGDALENA;010;ARACATACA;02;02;INST.EDUCATIVASANMARTIN;008;01;PRESIDENTE;NO;;;118;BUEN ESTADO;118;0;6;118;NO;;NO;;;;NO;NO;NO;NO;NO;NO;SI;NO;
21;MAGDALENA;010;ARACATACA;02;02;INST.EDUCATIVASANMARTIN;009;01;PRESIDENTE;NO;;;113;BUEN ESTADO;113;0;5;113;NO;;NO;;;POR ERROR DEL ENCARGADO DE LA MESA NUMERO 9 NOS ASIGNARON UN REMANENTE QUE TAMBIEN TENIA EL CARGO DE TESTIGOS FIRMO COMO JURADO NUMERO 6 EN EL E11 CON EL NOMBRE DE BRETHSY CASSIANI, LUEGO DE DARNOS CUENTA DE LA NOVEDAD NOS INFORMARON POR PARTE DE LOS DELEGADSOSA DE LA REGISTRADURIA NACIONAL QUE NO PODIA SEGUIR SIENDO PARTE DE LA MESA COMO JURADO POR LO TANTO SE HIZO NULO SU PARTICIPACION EN ELL;NO;NO;NO;NO;NO;NO;NO;NO;
21;MAGDALENA;010;ARACATACA;02;02;INST.EDUCATIVASANMARTIN;010;01;PRESIDENTE;NO;;;106;BUEN ESTADO;106;0;6;106;NO;;NO;;;;NO;NO;NO;NO;NO;NO;SI;NO;
21;MAGDALENA;010;ARACATACA;02;02;INST.EDUCATIVASANMARTIN;011;01;PRESIDENTE;NO;;;102;BUEN ESTADO;102;0;6;102;NO;;NO;;;SUFRAGANTE DE LA PAGINA 8 N94 CON CEDULA 1084734065 COLOCO HUELLA EN N93 CC 1084734056 EL JURADO NUMERO 2 EN LISTA DE SUFRAGANTES PG 27 EL DOCUMENTO ES 1084740140;NO;NO;NO;NO;NO;NO;SI;NO;
21;MAGDALENA;010;ARACATACA;02;02;INST.EDUCATIVASANMARTIN;012;01;PRESIDENTE;NO;;;123;BUEN ESTADO;123;0;6;123;NO;;NO;;;;NO;NO;NO;NO;NO;NO;SI;NO;
21;MAGDALENA;010;ARACATACA;02;02;INST.EDUCATIVASANMARTIN;013;01;PRESIDENTE;NO;;;121;BUEN ESTADO;121;0;6;121;NO;;NO;;;;NO;NO;NO;NO;NO;NO;SI;NO;
21;MAGDALENA;010;ARACATACA;02;02;INST.EDUCATIVASANMARTIN;014;01;PRESIDENTE;NO;;;123;BUEN ESTADO;123;0;6;123;NO;;NO;;;;NO;NO;NO;NO;NO;NO;NO;NO;
21;MAGDALENA;010;ARACATACA;02;02;INST.EDUCATIVASANMARTIN;015;01;PRESIDENTE;NO;;;106;BUEN ESTADO;106;0;6;106;NO;;NO;;;;NO;NO;NO;NO;NO;NO;NO;NO;
21;MAGDALENA;010;ARACATACA;02;02;INST.EDUCATIVASANMARTIN;016;01;PRESIDENTE;NO;;;103;BUEN ESTADO;103;0;6;103;NO;;NO;;;;NO;NO;NO;NO;NO;NO;SI;NO;
21;MAGDALENA;010;ARACATACA;02;02;INST.EDUCATIVASANMARTIN;017;01;PRESIDENTE;NO;;;109;BUEN ESTADO;109;0;6;109;NO;;NO;;;;NO;NO;NO;NO;NO;NO;SI;NO;
21;MAGDALENA;010;ARACATACA;02;02;INST.EDUCATIVASANMARTIN;018;01;PRESIDENTE;NO;;;69;BUEN ESTADO;69;0;6;69;NO;;NO;;;;NO;NO;NO;NO;NO;NO;SI;NO;
21;MAGDALENA;010;ARACATACA;02;02;INST.EDUCATIVASANMARTIN;019;01;PRESIDENTE;NO;;;28;BUEN ESTADO;28;0;6;28;NO;;NO;;;;NO;NO;NO;NO;NO;NO;SI;NO;
21;MAGDALENA;010;ARACATACA;99;01;BUENOSAIRES;001;01;PRESIDENTE;NO;;;145;BUEN ESTADO;145;0;6;145;NO;;NO;;;EL SEÑOR VICTOR GUILLERMO MELENDEZ DEBIO FIRMAR EN LA PAGINA 19 NUMERO 245 PERO FIRMO EN LA PAGINA 17 NUMERO 221, SE HIZO UN INTERCAMBIO CON EL SEÑOR PEDRO MANUEL CASIANIS OLIVO;NO;NO;NO;NO;NO;NO;SI;NO;
21;MAGDALENA;010;ARACATACA;99;01;BUENOSAIRES;002;01;PRESIDENTE;NO;;;183;BUEN ESTADO;183;0;6;183;NO;;NO;;;HUBO ERROR AL DILIGENCIAR EL ACTA DE ESCRUTINIOS DE LOS JURADOS DE VOTACION CLAVEROS Y TRASMISION AL ANOTAR LA CANTIDAD DE VOTOS DE PACTOS HISTORICO SON 123;NO;NO;NO;NO;NO;NO;NO;NO;
21;MAGDALENA;010;ARACATACA;99;01;BUENOSAIRES;003;01;PRESIDENTE;NO;;;136;BUEN ESTADO;136;0;6;136;NO;;NO;;;EL CIUDADANO GAITAN PEREZ NARCISO, DE LA PAGINA 6 RENGLON 68, COLOC POR ERROR LA HUELLA EN EL RENGLO 69;NO;NO;NO;NO;NO;NO;NO;NO;
21;MAGDALENA;010;ARACATACA;99;01;BUENOSAIRES;004;01;PRESIDENTE;NO;;;174;BUEN ESTADO;174;0;6;174;NO;;NO;;;;NO;NO;NO;NO;NO;NO;NO;NO;
21;MAGDALENA;010;ARACATACA;99;01;BUENOSAIRES;005;01;PRESIDENTE;NO;;;166;BUEN ESTADO;166;0;6;166;NO;;NO;;;;NO;NO;NO;NO;NO;NO;SI;NO;
21;MAGDALENA;010;ARACATACA;99;01;BUENOSAIRES;006;01;PRESIDENTE;NO;;;109;BUEN ESTADO;109;0;6;109;NO;;NO;;;;NO;NO;NO;NO;NO;NO;SI;NO;
21;MAGDALENA;010;ARACATACA;99;01;BUENOSAIRES;007;01;PRESIDENTE;NO;;;129;BUEN ESTADO;129;0;5;129;NO;;NO;;;;NO;NO;NO;NO;NO;NO;SI;NO;
21;MAGDALENA;010;ARACATACA;99;01;BUENOSAIRES;008;01;PRESIDENTE;NO;;;139;BUEN ESTADO;139;0;6;139;NO;;NO;;;;NO;NO;NO;NO;NO;NO;SI;NO;
21;MAGDALENA;010;ARACATACA;99;01;BUENOSAIRES;009;01;PRESIDENTE;NO;;;118;BUEN ESTADO;118;0;6;118;NO;;NO;;;;NO;NO;NO;NO;NO;NO;NO;NO;
21;MAGDALENA;010;ARACATACA;99;05;AGUABENDITA;001;01;PRESIDENTE;NO;;;111;BUEN ESTADO;111;0;6;111;NO;;NO;;;;NO;NO;NO;NO;NO;NO;SI;NO;
21;MAGDALENA;010;ARACATACA;99;05;AGUABENDITA;002;01;PRESIDENTE;NO;;;7;BUEN ESTADO;7;0;6;7;NO;;NO;;;;NO;NO;NO;NO;NO;NO;NO;NO;
21;MAGDALENA;010;ARACATACA;99;20;CAUCA;001;01;PRESIDENTE;NO;;;177;BUEN ESTADO;177;0;6;177;NO;;NO;;;;NO;NO;NO;NO;NO;NO;SI;NO;
21;MAGDALENA;010;ARACATACA;99;20;CAUCA;002;01;PRESIDENTE;NO;;;110;BUEN ESTADO;110;0;6;110;NO;;NO;;;EN LA PAGINA 15 CASILLA 188 SE COLOCO UNA HUELLA POR EQUIVOCACION;NO;NO;NO;NO;NO;NO;NO;NO;
21;MAGDALENA;010;ARACATACA;99;20;CAUCA;003;01;PRESIDENTE;NO;;;35;BUEN ESTADO;35;0;5;35;NO;;NO;;;;NO;NO;NO;NO;NO;NO;NO;NO;
21;MAGDALENA;010;ARACATACA;99;25;CERROAZUL;001;01;PRESIDENTE;NO;;;177;BUEN ESTADO;177;0;6;177;NO;;NO;;;;NO;NO;NO;NO;NO;NO;NO;NO;
21;MAGDALENA;010;ARACATACA;99;25;CERROAZUL;002;01;PRESIDENTE;NO;;;125;BUEN ESTADO;125;0;6;125;NO;;NO;;;EL SUFRAGANTE DE LA 334 FIRMO EN LA 333 EL CUAL NO FIRMA EN EL FORMULARIO E11 SE CONTARON 125 EN LA URNA SE ENCONTRARO 124 TARJETONES;NO;NO;NO;NO;NO;NO;NO;NO;
21;MAGDALENA;010;ARACATACA;99;25;CERROAZUL;003;01;PRESIDENTE;NO;;;36;BUEN ESTADO;36;0;6;36;NO;;NO;;;EL VOTANTE DE LA 277 POR EQUIVOCACION PUSO LA HUELLA EN EL 288;NO;NO;NO;NO;NO;NO;SI;NO;
21;MAGDALENA;010;ARACATACA;99;30;MACARAQUILLA;001;01;PRESIDENTE;NO;;;93;BUEN ESTADO;93;0;5;93;NO;;NO;;;;NO;NO;NO;NO;NO;NO;NO;NO;
21;MAGDALENA;010;ARACATACA;99;40;RIODEPIEDRA;001;01;PRESIDENTE;NO;;;63;BUEN ESTADO;63;0;5;63;NO;;NO;;;;NO;NO;NO;NO;NO;NO;SI;NO;
21;MAGDALENA;010;ARACATACA;99;75;SAMPUES;001;01;PRESIDENTE;NO;;;200;BUEN ESTADO;200;0;6;200;NO;;NO;;;EL SEÑOR CECILIO SEGUNDO PINEDA FIRMO EN LA CASILLA CALLEJAS AURELIO, EL SEÑOR JESUS ANTONIO SAN JUAN COBA FIRMO EN EL LUGAR DEL SEÑOR TORRES CANTILLO ANDRES;NO;NO;NO;NO;NO;NO;SI;NO;
21;MAGDALENA;010;ARACATACA;99;75;SAMPUES;002;01;PRESIDENTE;NO;;;166;BUEN ESTADO;166;0;6;166;NO;;NO;;;;NO;NO;NO;NO;NO;NO;NO;NO;
21;MAGDALENA;010;ARACATACA;99;75;SAMPUES;003;01;PRESIDENTE;NO;;;173;BUEN ESTADO;173;0;6;173;NO;;NO;;;EN LA PAGINA 24 SE DIGITO POR ERROR EL NOMBRE DE LA 317 EN LA 318 Y EL DE LA 318 EN LA 317. EN LA PAGINA 15 LA VOTANTE 185 SE EQUIVOCO Y PUSO LA HUELLA EN LA 184 Y VOLVIO A PONERLA EN LA CASILLA CORRESPONDIENTE. SE EQUIVOCO EN EL CONTEO DEL CUADERNILLO EN LA PAGINA17 EN EL NUMERO 72 YA QUE EL 159 IBA EN LA PAGINA 26 SE VOLO EL NUMERO PERO SE COMPUSO ENSEGUIDA;NO;NO;NO;NO;NO;NO;NO;NO;
21;MAGDALENA;010;ARACATACA;99;75;SAMPUES;004;01;PRESIDENTE;NO;;;185;BUEN ESTADO;185;1;6;185;NO;;NO;;;;NO;NO;NO;NO;NO;NO;SI;NO;
21;MAGDALENA;010;ARACATACA;99;75;SAMPUES;005;01;PRESIDENTE;NO;;;131;BUEN ESTADO;131;0;5;131;NO;;NO;;;;NO;NO;NO;NO;NO;NO;SI;NO;
21;MAGDALENA;010;ARACATACA;99;75;SAMPUES;006;01;PRESIDENTE;NO;;;135;BUEN ESTADO;135;0;6;135;NO;;NO;;;;NO;NO;NO;NO;NO;NO;SI;NO;
21;MAGDALENA;010;ARACATACA;99;75;SAMPUES;007;01;PRESIDENTE;NO;;;128;BUEN ESTADO;128;0;5;128;NO;;NO;;;HUBO UN INTERCAMBIO DE INFORMACION Y FIRMA DE LOS VOTANTES CUYAS CEDULAS SON 1081811346 Y 1081811412 NO HUBO ATERCADOS;NO;NO;NO;NO;NO;NO;SI;NO;
21;MAGDALENA;010;ARACATACA;99;75;SAMPUES;008;01;PRESIDENTE;NO;;;65;BUEN ESTADO;65;0;6;65;NO;;NO;;;;NO;NO;NO;NO;NO;NO;SI;NO;
21;MAGDALENA;010;ARACATACA;99;80;TRANQUILANDIA;001;01;PRESIDENTE;NO;;;110;BUEN ESTADO;110;0;6;110;NO;;NO;;;;NO;NO;NO;NO;NO;NO;NO;NO;
21;MAGDALENA;010;ARACATACA;99;85;TEHOBROMINA;001;01;PRESIDENTE;NO;;;133;BUEN ESTADO;133;0;6;133;NO;;NO;;;;NO;NO;NO;NO;NO;NO;SI;NO;
21;MAGDALENA;012;ARIGUANI (EL DIFICIL);01;01;LICEOARIGUANI;001;01;PRESIDENTE;NO;;;117;BUEN ESTADO;117;0;5;117;NO;;NO;;;;NO;NO;NO;NO;NO;NO;NO;NO;
21;MAGDALENA;012;ARIGUANI (EL DIFICIL);01;01;LICEOARIGUANI;002;01;PRESIDENTE;NO;;;203;BUEN ESTADO;203;0;6;203;NO;;NO;;;;NO;NO;NO;NO;NO;NO;NO;NO;
21;MAGDALENA;012;ARIGUANI (EL DIFICIL);01;01;LICEOARIGUANI;003;01;PRESIDENTE;NO;;;169;BUEN ESTADO;169;0;5;169;NO;;NO;;;;NO;NO;NO;NO;NO;NO;NO;NO;
21;MAGDALENA;012;ARIGUANI (EL DIFICIL);01;01;LICEOARIGUANI;004;01;PRESIDENTE;NO;;;196;BUEN ESTADO;196;0;6;196;NO;;NO;;;;NO;NO;NO;NO;NO;NO;SI;NO;
21;MAGDALENA;012;ARIGUANI (EL DIFICIL);01;01;LICEOARIGUANI;005;01;PRESIDENTE;NO;;;187;BUEN ESTADO;187;0;6;187;NO;;NO;;;;NO;NO;NO;NO;NO;NO;SI;NO;
21;MAGDALENA;012;ARIGUANI (EL DIFICIL);01;01;LICEOARIGUANI;006;01;PRESIDENTE;NO;;;240;BUEN ESTADO;240;0;6;240;NO;;NO;;;;NO;NO;NO;NO;NO;NO;NO;NO;
21;MAGDALENA;012;ARIGUANI (EL DIFICIL);01;01;LICEOARIGUANI;007;01;PRESIDENTE;NO;;;240;BUEN ESTADO;240;0;6;240;NO;;NO;;;;NO;NO;NO;NO;NO;NO;NO;NO;
21;MAGDALENA;012;ARIGUANI (EL DIFICIL);01;01;LICEOARIGUANI;008;01;PRESIDENTE;NO;;;182;BUEN ESTADO;182;0;6;182;NO;;NO;;;;NO;NO;NO;NO;NO;NO;SI;NO;
21;MAGDALENA;012;ARIGUANI (EL DIFICIL);01;01;LICEOARIGUANI;009;01;PRESIDENTE;NO;;;110;BUEN ESTADO;110;0;6;110;NO;;NO;;;;NO;NO;NO;NO;NO;NO;SI;NO;
21;MAGDALENA;012;ARIGUANI (EL DIFICIL);01;01;LICEOARIGUANI;010;01;PRESIDENTE;NO;;;182;BUEN ESTADO;183;1;5;182;NO;;NO;;;;NO;NO;NO;NO;NO;NO;SI;NO;
21;MAGDALENA;012;ARIGUANI (EL DIFICIL);01;01;LICEOARIGUANI;011;01;PRESIDENTE;NO;;;196;BUEN ESTADO;196;0;6;196;NO;;NO;;;;NO;NO;NO;NO;NO;NO;NO;NO;
21;MAGDALENA;012;ARIGUANI (EL DIFICIL);01;01;LICEOARIGUANI;012;01;PRESIDENTE;NO;;;225;BUEN ESTADO;225;0;6;225;NO;;NO;;;;NO;NO;NO;NO;NO;NO;SI;NO;
21;MAGDALENA;012;ARIGUANI (EL DIFICIL);01;01;LICEOARIGUANI;013;01;PRESIDENTE;NO;;;174;BUEN ESTADO;174;0;6;174;NO;;NO;;;;NO;NO;NO;NO;NO;NO;SI;NO;
21;MAGDALENA;012;ARIGUANI (EL DIFICIL);01;01;LICEOARIGUANI;014;01;PRESIDENTE;NO;;;132;BUEN ESTADO;132;0;6;132;NO;;NO;;;;NO;NO;NO;NO;NO;NO;SI;NO;
21;MAGDALENA;012;ARIGUANI (EL DIFICIL);01;01;LICEOARIGUANI;015;01;PRESIDENTE;NO;;;130;BUEN ESTADO;130;0;6;130;NO;;NO;;;;NO;NO;NO;NO;NO;NO;NO;NO;
21;MAGDALENA;012;ARIGUANI (EL DIFICIL);01;01;LICEOARIGUANI;016;01;PRESIDENTE;NO;;;127;BUEN ESTADO;127;0;6;127;NO;;NO;;;;NO;NO;NO;NO;NO;NO;SI;NO;
21;MAGDALENA;012;ARIGUANI (EL DIFICIL);01;01;LICEOARIGUANI;017;01;PRESIDENTE;NO;;;109;BUEN ESTADO;109;0;6;109;NO;;NO;;;;NO;NO;NO;NO;NO;NO;NO;NO;
21;MAGDALENA;012;ARIGUANI (EL DIFICIL);01;01;LICEOARIGUANI;018;01;PRESIDENTE;NO;;;149;BUEN ESTADO;149;0;6;149;NO;;NO;;;;NO;NO;NO;NO;NO;NO;NO;NO;
21;MAGDALENA;012;ARIGUANI (EL DIFICIL);01;01;LICEOARIGUANI;019;01;PRESIDENTE;NO;;;124;BUEN ESTADO;124;0;6;124;NO;;NO;;;;NO;NO;NO;NO;NO;NO;NO;NO;
21;MAGDALENA;012;ARIGUANI (EL DIFICIL);01;01;LICEOARIGUANI;020;01;PRESIDENTE;NO;;;105;BUEN ESTADO;105;0;6;105;NO;;NO;;;;NO;NO;NO;NO;NO;NO;SI;NO;
21;MAGDALENA;012;ARIGUANI (EL DIFICIL);01;01;LICEOARIGUANI;021;01;PRESIDENTE;NO;;;122;BUEN ESTADO;122;0;6;122;NO;;NO;;;;NO;NO;NO;NO;NO;NO;NO;NO;
21;MAGDALENA;012;ARIGUANI (EL DIFICIL);01;01;LICEOARIGUANI;022;01;PRESIDENTE;NO;;;133;BUEN ESTADO;133;0;6;133;NO;;NO;;;;NO;NO;NO;NO;NO;NO;NO;NO;
21;MAGDALENA;012;ARIGUANI (EL DIFICIL);01;01;LICEOARIGUANI;023;01;PRESIDENTE;NO;;;146;BUEN ESTADO;146;0;6;146;NO;;NO;;;;NO;NO;NO;NO;NO;NO;NO;NO;
21;MAGDALENA;012;ARIGUANI (EL DIFICIL);01;01;LICEOARIGUANI;024;01;PRESIDENTE;NO;;;140;BUEN ESTADO;140;0;6;140;NO;;NO;;;;NO;NO;NO;NO;NO;NO;SI;NO;
21;MAGDALENA;012;ARIGUANI (EL DIFICIL);01;01;LICEOARIGUANI;025;01;PRESIDENTE;NO;;;129;BUEN ESTADO;129;0;5;129;NO;;NO;;;;NO;NO;NO;NO;NO;NO;SI;NO;
21;MAGDALENA;012;ARIGUANI (EL DIFICIL);01;01;LICEOARIGUANI;026;01;PRESIDENTE;NO;;;121;BUEN ESTADO;121;0;6;121;NO;;NO;;;;NO;NO;NO;NO;NO;NO;NO;NO;
21;MAGDALENA;012;ARIGUANI (EL DIFICIL);01;01;LICEOARIGUANI;027;01;PRESIDENTE;NO;;;142;BUEN ESTADO;142;0;6;142;NO;;NO;;;;NO;NO;NO;NO;NO;NO;NO;NO;
21;MAGDALENA;012;ARIGUANI (EL DIFICIL);01;01;LICEOARIGUANI;028;01;PRESIDENTE;NO;;;165;BUEN ESTADO;165;0;6;165;NO;;NO;;;;NO;NO;NO;NO;NO;NO;SI;NO;
21;MAGDALENA;012;ARIGUANI (EL DIFICIL);01;01;LICEOARIGUANI;029;01;PRESIDENTE;NO;;;137;BUEN ESTADO;137;0;6;137;NO;;NO;;;;NO;NO;NO;NO;NO;NO;NO;NO;
21;MAGDALENA;012;ARIGUANI (EL DIFICIL);01;01;LICEOARIGUANI;030;01;PRESIDENTE;NO;;;155;BUEN ESTADO;155;0;6;155;NO;;NO;;;;NO;NO;NO;NO;NO;NO;NO;NO;
21;MAGDALENA;012;ARIGUANI (EL DIFICIL);01;01;LICEOARIGUANI;031;01;PRESIDENTE;NO;;;137;BUEN ESTADO;137;0;6;137;NO;;NO;;;;NO;NO;NO;NO;NO;NO;NO;NO;
21;MAGDALENA;012;ARIGUANI (EL DIFICIL);01;01;LICEOARIGUANI;032;01;PRESIDENTE;NO;;;126;BUEN ESTADO;126;0;5;126;NO;;NO;;;;NO;NO;NO;NO;NO;NO;NO;NO;
21;MAGDALENA;012;ARIGUANI (EL DIFICIL);01;01;LICEOARIGUANI;033;01;PRESIDENTE;NO;;;152;BUEN ESTADO;152;0;6;152;NO;;NO;;;;NO;NO;NO;NO;NO;NO;NO;NO;
21;MAGDALENA;012;ARIGUANI (EL DIFICIL);01;01;LICEOARIGUANI;034;01;PRESIDENTE;NO;;;152;BUEN ESTADO;152;0;6;152;NO;;NO;;;;NO;NO;NO;NO;NO;NO;NO;NO;
21;MAGDALENA;012;ARIGUANI (EL DIFICIL);01;01;LICEOARIGUANI;035;01;PRESIDENTE;NO;;;127;BUEN ESTADO;127;0;5;127;NO;;NO;;;;NO;NO;NO;NO;NO;NO;NO;NO;
21;MAGDALENA;012;ARIGUANI (EL DIFICIL);01;01;LICEOARIGUANI;036;01;PRESIDENTE;NO;;;136;BUEN ESTADO;136;0;5;136;NO;;NO;;;;NO;NO;NO;NO;NO;NO;NO;NO;
21;MAGDALENA;012;ARIGUANI (EL DIFICIL);01;01;LICEOARIGUANI;037;01;PRESIDENTE;NO;;;137;BUEN ESTADO;137;0;6;137;NO;;NO;;;;NO;NO;NO;NO;NO;NO;SI;NO;
21;MAGDALENA;012;ARIGUANI (EL DIFICIL);01;01;LICEOARIGUANI;038;01;PRESIDENTE;NO;;;132;BUEN ESTADO;132;0;5;132;NO;;NO;;;;NO;NO;NO;NO;NO;NO;NO;NO;
21;MAGDALENA;012;ARIGUANI (EL DIFICIL);01;01;LICEOARIGUANI;039;01;PRESIDENTE;NO;;;38;BUEN ESTADO;38;0;6;38;NO;;NO;;;;NO;NO;NO;NO;NO;NO;NO;NO;
21;MAGDALENA;012;ARIGUANI (EL DIFICIL);01;02;ESCUELAMIXTACOMUNALELCONGO;001;01;PRESIDENTE;NO;;;212;BUEN ESTADO;212;0;5;212;NO;;NO;;;;NO;NO;NO;NO;NO;NO;SI;NO;
21;MAGDALENA;012;ARIGUANI (EL DIFICIL);01;02;ESCUELAMIXTACOMUNALELCONGO;002;01;PRESIDENTE;NO;;;192;BUEN ESTADO;192;0;5;192;NO;;NO;;;;NO;NO;NO;NO;NO;NO;SI;NO;
21;MAGDALENA;012;ARIGUANI (EL DIFICIL);01;02;ESCUELAMIXTACOMUNALELCONGO;003;01;PRESIDENTE;NO;;;151;BUEN ESTADO;151;0;6;151;NO;;NO;;;;NO;NO;NO;NO;NO;NO;NO;NO;
21;MAGDALENA;012;ARIGUANI (EL DIFICIL);01;02;ESCUELAMIXTACOMUNALELCONGO;004;01;PRESIDENTE;NO;;;168;BUEN ESTADO;168;0;6;168;NO;;NO;;;;NO;NO;NO;NO;NO;NO;NO;NO;
21;MAGDALENA;012;ARIGUANI (EL DIFICIL);01;02;ESCUELAMIXTACOMUNALELCONGO;005;01;PRESIDENTE;NO;;;154;BUEN ESTADO;154;0;5;154;NO;;NO;;;;NO;NO;NO;NO;NO;NO;NO;NO;
21;MAGDALENA;012;ARIGUANI (EL DIFICIL);01;02;ESCUELAMIXTACOMUNALELCONGO;006;01;PRESIDENTE;NO;;;171;BUEN ESTADO;171;0;6;171;NO;;NO;;;;NO;NO;NO;NO;NO;NO;SI;NO;
21;MAGDALENA;012;ARIGUANI (EL DIFICIL);01;02;ESCUELAMIXTACOMUNALELCONGO;007;01;PRESIDENTE;NO;;;194;BUEN ESTADO;194;0;6;194;NO;;NO;;;;NO;NO;NO;NO;NO;NO;SI;NO;
21;MAGDALENA;012;ARIGUANI (EL DIFICIL);01;02;ESCUELAMIXTACOMUNALELCONGO;008;01;PRESIDENTE;NO;;;199;BUEN ESTADO;199;0;5;199;NO;;NO;;;;NO;NO;NO;NO;NO;NO;NO;NO;
21;MAGDALENA;012;ARIGUANI (EL DIFICIL);01;02;ESCUELAMIXTACOMUNALELCONGO;009;01;PRESIDENTE;NO;;;196;BUEN ESTADO;196;0;6;196;NO;;NO;;;;NO;NO;NO;NO;NO;NO;SI;NO;
21;MAGDALENA;012;ARIGUANI (EL DIFICIL);01;02;ESCUELAMIXTACOMUNALELCONGO;010;01;PRESIDENTE;NO;;;192;BUEN ESTADO;192;0;6;192;NO;;NO;;;;NO;NO;NO;NO;NO;NO;NO;NO;
21;MAGDALENA;012;ARIGUANI (EL DIFICIL);01;02;ESCUELAMIXTACOMUNALELCONGO;011;01;PRESIDENTE;NO;;;180;BUEN ESTADO;180;0;6;180;NO;;NO;;;;NO;NO;NO;NO;NO;NO;NO;NO;
21;MAGDALENA;012;ARIGUANI (EL DIFICIL);01;02;ESCUELAMIXTACOMUNALELCONGO;012;01;PRESIDENTE;NO;;;154;BUEN ESTADO;154;0;5;154;NO;;NO;;;;NO;NO;NO;NO;NO;NO;NO;NO;
21;MAGDALENA;012;ARIGUANI (EL DIFICIL);01;02;ESCUELAMIXTACOMUNALELCONGO;013;01;PRESIDENTE;NO;;;124;BUEN ESTADO;124;0;6;124;NO;;NO;;;;NO;NO;NO;NO;NO;NO;NO;NO;
21;MAGDALENA;012;ARIGUANI (EL DIFICIL);01;02;ESCUELAMIXTACOMUNALELCONGO;014;01;PRESIDENTE;NO;;;80;BUEN ESTADO;80;0;6;80;NO;;NO;;;;NO;NO;NO;NO;NO;NO;NO;NO;
21;MAGDALENA;012;ARIGUANI (EL DIFICIL);02;01;ESCUELAMIXTACOMUNAL8DEDICIEMBRE;001;01;PRESIDENTE;NO;;;251;BUEN ESTADO;251;0;6;251;NO;;NO;;;;NO;NO;NO;NO;NO;NO;SI;NO;
21;MAGDALENA;012;ARIGUANI (EL DIFICIL);02;01;ESCUELAMIXTACOMUNAL8DEDICIEMBRE;002;01;PRESIDENTE;NO;;;67;BUEN ESTADO;67;0;5;67;NO;;NO;;;;NO;NO;NO;NO;NO;NO;NO;NO;
21;MAGDALENA;012;ARIGUANI (EL DIFICIL);02;02;EMCSIMONBOLIVAR;001;01;PRESIDENTE;NO;;;212;BUEN ESTADO;212;0;6;212;NO;;NO;;;;NO;NO;NO;NO;NO;NO;NO;NO;
21;MAGDALENA;012;ARIGUANI (EL DIFICIL);02;02;EMCSIMONBOLIVAR;002;01;PRESIDENTE;NO;;;80;BUEN ESTADO;80;0;6;80;NO;;NO;;;;NO;NO;NO;NO;NO;NO;SI;NO;
21;MAGDALENA;012;ARIGUANI (EL DIFICIL);99;20;ELCARMENDEARIGUANI;001;01;PRESIDENTE;NO;;;132;BUEN ESTADO;132;0;6;132;NO;;NO;;;;NO;NO;NO;NO;NO;NO;SI;NO;
21;MAGDALENA;012;ARIGUANI (EL DIFICIL);99;20;ELCARMENDEARIGUANI;002;01;PRESIDENTE;NO;;;167;BUEN ESTADO;167;0;6;167;NO;;NO;;;;NO;NO;NO;NO;NO;NO;NO;NO;
21;MAGDALENA;012;ARIGUANI (EL DIFICIL);99;20;ELCARMENDEARIGUANI;003;01;PRESIDENTE;NO;;;151;BUEN ESTADO;151;0;6;151;NO;;NO;;;;NO;NO;NO;NO;NO;NO;NO;NO;
21;MAGDALENA;012;ARIGUANI (EL DIFICIL);99;20;ELCARMENDEARIGUANI;004;01;PRESIDENTE;NO;;;143;BUEN ESTADO;143;0;5;143;NO;;NO;;;;NO;NO;NO;NO;NO;NO;SI;NO;
21;MAGDALENA;012;ARIGUANI (EL DIFICIL);99;30;ALEJANDRIA;001;01;PRESIDENTE;NO;;;143;BUEN ESTADO;142;0;6;143;NO;;NO;;;;NO;NO;NO;NO;NO;NO;NO;NO;
21;MAGDALENA;012;ARIGUANI (EL DIFICIL);99;35;PUEBLONUEVO;001;01;PRESIDENTE;NO;;;168;BUEN ESTADO;168;0;6;168;NO;;NO;;;;NO;NO;NO;NO;NO;NO;NO;NO;
21;MAGDALENA;012;ARIGUANI (EL DIFICIL);99;35;PUEBLONUEVO;002;01;PRESIDENTE;NO;;;200;BUEN ESTADO;200;0;4;200;NO;;NO;;;;NO;NO;NO;NO;NO;NO;NO;NO;
21;MAGDALENA;012;ARIGUANI (EL DIFICIL);99;35;PUEBLONUEVO;003;01;PRESIDENTE;NO;;;220;BUEN ESTADO;220;0;6;220;NO;;NO;;;;NO;NO;NO;NO;NO;NO;SI;NO;
21;MAGDALENA;012;ARIGUANI (EL DIFICIL);99;35;PUEBLONUEVO;004;01;PRESIDENTE;NO;;;214;BUEN ESTADO;214;0;6;214;NO;;NO;;;;NO;NO;NO;NO;NO;NO;SI;NO;
21;MAGDALENA;012;ARIGUANI (EL DIFICIL);99;35;PUEBLONUEVO;005;01;PRESIDENTE;NO;;;227;BUEN ESTADO;227;0;5;227;NO;;NO;;;;NO;NO;NO;NO;NO;NO;SI;NO;
21;MAGDALENA;012;ARIGUANI (EL DIFICIL);99;35;PUEBLONUEVO;006;01;PRESIDENTE;NO;;;181;BUEN ESTADO;181;0;6;181;NO;;NO;;;;NO;NO;NO;NO;NO;NO;NO;NO;
21;MAGDALENA;012;ARIGUANI (EL DIFICIL);99;35;PUEBLONUEVO;007;01;PRESIDENTE;NO;;;169;BUEN ESTADO;169;0;6;169;NO;;NO;;;;NO;NO;NO;NO;NO;NO;SI;NO;
21;MAGDALENA;012;ARIGUANI (EL DIFICIL);99;35;PUEBLONUEVO;008;01;PRESIDENTE;NO;;;170;BUEN ESTADO;170;0;4;170;NO;;NO;;;;NO;NO;NO;NO;NO;NO;NO;NO;
21;MAGDALENA;012;ARIGUANI (EL DIFICIL);99;35;PUEBLONUEVO;009;01;PRESIDENTE;NO;;;165;BUEN ESTADO;165;0;4;165;NO;;NO;;;;NO;NO;NO;NO;NO;NO;NO;NO;
21;MAGDALENA;012;ARIGUANI (EL DIFICIL);99;35;PUEBLONUEVO;010;01;PRESIDENTE;NO;;;91;BUEN ESTADO;91;0;6;91;NO;;NO;;;;NO;NO;NO;NO;NO;NO;SI;NO;
21;MAGDALENA;012;ARIGUANI (EL DIFICIL);99;70;SANJOSEDEARIGUANI;001;01;PRESIDENTE;NO;;;103;BUEN ESTADO;103;0;6;103;NO;;NO;;;;NO;NO;NO;NO;NO;NO;NO;NO;
21;MAGDALENA;013;CERRO DE SAN ANTONIO;00;00;PUESTOCABECERAMUNICIPAL;001;01;PRESIDENTE;NO;;;152;BUEN ESTADO;152;0;6;152;NO;;NO;;;;NO;NO;NO;NO;NO;NO;NO;NO;
21;MAGDALENA;013;CERRO DE SAN ANTONIO;00;00;PUESTOCABECERAMUNICIPAL;002;01;PRESIDENTE;NO;;;111;BUEN ESTADO;111;0;6;111;NO;;NO;;;;NO;NO;NO;NO;NO;NO;NO;NO;
21;MAGDALENA;013;CERRO DE SAN ANTONIO;00;00;PUESTOCABECERAMUNICIPAL;003;01;PRESIDENTE;NO;;;161;BUEN ESTADO;161;0;6;161;NO;;NO;;;;NO;NO;NO;NO;NO;NO;NO;NO;
21;MAGDALENA;013;CERRO DE SAN ANTONIO;00;00;PUESTOCABECERAMUNICIPAL;004;01;PRESIDENTE;NO;;;189;BUEN ESTADO;189;0;6;189;NO;;NO;;;;NO;NO;NO;NO;NO;NO;NO;NO;
21;MAGDALENA;013;CERRO DE SAN ANTONIO;00;00;PUESTOCABECERAMUNICIPAL;005;01;PRESIDENTE;NO;;;132;BUEN ESTADO;132;0;6;132;NO;;NO;;;;NO;NO;NO;NO;NO;NO;NO;NO;
21;MAGDALENA;013;CERRO DE SAN ANTONIO;00;00;PUESTOCABECERAMUNICIPAL;006;01;PRESIDENTE;NO;;;170;BUEN ESTADO;170;0;6;170;NO;;NO;;;;NO;NO;NO;NO;NO;NO;NO;NO;
21;MAGDALENA;013;CERRO DE SAN ANTONIO;00;00;PUESTOCABECERAMUNICIPAL;007;01;PRESIDENTE;NO;;;178;BUEN ESTADO;177;0;6;178;NO;;NO;;;;NO;NO;NO;NO;NO;NO;NO;NO;
21;MAGDALENA;013;CERRO DE SAN ANTONIO;00;00;PUESTOCABECERAMUNICIPAL;008;01;PRESIDENTE;NO;;;130;BUEN ESTADO;130;0;6;130;NO;;NO;;;;NO;NO;NO;NO;NO;NO;NO;NO;
21;MAGDALENA;013;CERRO DE SAN ANTONIO;00;00;PUESTOCABECERAMUNICIPAL;009;01;PRESIDENTE;NO;;;87;BUEN ESTADO;87;0;6;87;NO;;NO;;;;NO;NO;NO;NO;NO;NO;NO;NO;
21;MAGDALENA;013;CERRO DE SAN ANTONIO;00;00;PUESTOCABECERAMUNICIPAL;010;01;PRESIDENTE;NO;;;74;BUEN ESTADO;74;0;6;74;NO;;NO;;;;NO;NO;NO;NO;NO;NO;NO;NO;
21;MAGDALENA;013;CERRO DE SAN ANTONIO;00;00;PUESTOCABECERAMUNICIPAL;011;01;PRESIDENTE;NO;;;83;BUEN ESTADO;83;0;5;83;NO;;NO;;;;NO;NO;NO;NO;NO;NO;NO;NO;
21;MAGDALENA;013;CERRO DE SAN ANTONIO;00;00;PUESTOCABECERAMUNICIPAL;012;01;PRESIDENTE;NO;;;105;BUEN ESTADO;105;0;6;105;NO;;NO;;;;NO;NO;NO;NO;NO;NO;NO;NO;
21;MAGDALENA;013;CERRO DE SAN ANTONIO;00;00;PUESTOCABECERAMUNICIPAL;013;01;PRESIDENTE;NO;;;109;BUEN ESTADO;109;0;6;109;NO;;NO;;;;NO;NO;NO;NO;NO;NO;NO;NO;
21;MAGDALENA;013;CERRO DE SAN ANTONIO;00;00;PUESTOCABECERAMUNICIPAL;014;01;PRESIDENTE;NO;;;112;BUEN ESTADO;112;0;6;112;NO;;NO;;;;NO;NO;NO;NO;NO;NO;NO;NO;
21;MAGDALENA;013;CERRO DE SAN ANTONIO;00;00;PUESTOCABECERAMUNICIPAL;015;01;PRESIDENTE;NO;;;77;BUEN ESTADO;77;0;5;77;NO;;NO;;;;NO;NO;NO;NO;NO;NO;SI;NO;
21;MAGDALENA;013;CERRO DE SAN ANTONIO;00;00;PUESTOCABECERAMUNICIPAL;016;01;PRESIDENTE;NO;;;98;BUEN ESTADO;98;0;6;98;NO;;NO;;;;NO;NO;NO;NO;NO;NO;NO;NO;
21;MAGDALENA;013;CERRO DE SAN ANTONIO;99;05;CANDELARIA;001;01;PRESIDENTE;NO;;;133;BUEN ESTADO;133;0;6;133;NO;;NO;;;;NO;NO;NO;NO;NO;NO;NO;NO;
21;MAGDALENA;013;CERRO DE SAN ANTONIO;99;05;CANDELARIA;002;01;PRESIDENTE;NO;;;145;BUEN ESTADO;145;0;6;145;NO;;NO;;;;NO;NO;NO;NO;NO;NO;NO;NO;
21;MAGDALENA;013;CERRO DE SAN ANTONIO;99;05;CANDELARIA;003;01;PRESIDENTE;NO;;;127;BUEN ESTADO;127;0;6;127;NO;;NO;;;;NO;NO;NO;NO;NO;NO;NO;NO;
21;MAGDALENA;013;CERRO DE SAN ANTONIO;99;05;CANDELARIA;004;01;PRESIDENTE;NO;;;41;BUEN ESTADO;41;0;6;41;NO;;NO;;;;NO;NO;NO;NO;NO;NO;NO;NO;
21;MAGDALENA;013;CERRO DE SAN ANTONIO;99;09;CONCEPCION(COCOSOLO);001;01;PRESIDENTE;NO;;;180;BUEN ESTADO;180;0;6;180;NO;;NO;;;;NO;NO;NO;NO;NO;NO;NO;NO;
21;MAGDALENA;013;CERRO DE SAN ANTONIO;99;09;CONCEPCION(COCOSOLO);002;01;PRESIDENTE;NO;;;146;BUEN ESTADO;146;0;6;146;NO;;NO;;;;NO;NO;NO;NO;NO;NO;NO;NO;
21;MAGDALENA;013;CERRO DE SAN ANTONIO;99;09;CONCEPCION(COCOSOLO);003;01;PRESIDENTE;NO;;;105;BUEN ESTADO;105;0;6;105;NO;;NO;;;;NO;NO;NO;NO;NO;NO;NO;NO;
21;MAGDALENA;013;CERRO DE SAN ANTONIO;99;21;PUERTONIÑO;001;01;PRESIDENTE;NO;;;122;BUEN ESTADO;122;0;6;122;NO;;NO;;;;NO;NO;NO;NO;NO;NO;NO;NO;
21;MAGDALENA;013;CERRO DE SAN ANTONIO;99;21;PUERTONIÑO;002;01;PRESIDENTE;NO;;;117;BUEN ESTADO;117;0;5;117;NO;;NO;;;;NO;NO;NO;NO;NO;NO;NO;NO;
21;MAGDALENA;013;CERRO DE SAN ANTONIO;99;21;PUERTONIÑO;003;01;PRESIDENTE;NO;;;28;BUEN ESTADO;28;0;6;28;NO;;NO;;;;NO;NO;NO;NO;NO;NO;NO;NO;
21;MAGDALENA;013;CERRO DE SAN ANTONIO;99;30;JESUSDELMONTE;001;01;PRESIDENTE;NO;;;134;BUEN ESTADO;134;0;6;134;NO;;NO;;;;NO;NO;NO;NO;NO;NO;NO;NO;
21;MAGDALENA;013;CERRO DE SAN ANTONIO;99;30;JESUSDELMONTE;002;01;PRESIDENTE;NO;;;47;BUEN ESTADO;47;0;6;47;NO;;NO;;;;NO;NO;NO;NO;NO;NO;NO;NO;
21;MAGDALENA;015;CHIVOLO;00;00;PUESTOCABECERAMUNICIPAL;001;01;PRESIDENTE;NO;;;172;BUEN ESTADO;172;0;6;172;NO;;NO;;;;NO;NO;NO;NO;NO;NO;SI;NO;
21;MAGDALENA;015;CHIVOLO;00;00;PUESTOCABECERAMUNICIPAL;002;01;PRESIDENTE;NO;;;177;BUEN ESTADO;177;0;5;177;NO;;NO;;;;NO;NO;NO;NO;NO;NO;SI;NO;
21;MAGDALENA;015;CHIVOLO;00;00;PUESTOCABECERAMUNICIPAL;003;01;PRESIDENTE;NO;;;248;BUEN ESTADO;248;0;6;248;NO;;NO;;;;NO;NO;NO;NO;NO;NO;SI;NO;
21;MAGDALENA;015;CHIVOLO;00;00;PUESTOCABECERAMUNICIPAL;004;01;PRESIDENTE;NO;;;230;BUEN ESTADO;230;0;6;230;NO;;NO;;;;NO;NO;NO;NO;NO;NO;NO;NO;
21;MAGDALENA;015;CHIVOLO;00;00;PUESTOCABECERAMUNICIPAL;005;01;PRESIDENTE;NO;;;205;BUEN ESTADO;204;1;6;205;NO;;NO;;;;NO;NO;NO;NO;NO;NO;NO;NO;
21;MAGDALENA;015;CHIVOLO;00;00;PUESTOCABECERAMUNICIPAL;006;01;PRESIDENTE;NO;;;160;BUEN ESTADO;160;0;6;160;NO;;NO;;;;NO;NO;NO;NO;NO;NO;NO;NO;
21;MAGDALENA;015;CHIVOLO;00;00;PUESTOCABECERAMUNICIPAL;007;01;PRESIDENTE;NO;;;163;BUEN ESTADO;163;0;6;163;NO;;NO;;;;NO;NO;NO;NO;NO;NO;SI;NO;
21;MAGDALENA;015;CHIVOLO;00;00;PUESTOCABECERAMUNICIPAL;008;01;PRESIDENTE;NO;;;173;BUEN ESTADO;173;0;6;173;NO;;NO;;;;NO;NO;NO;NO;NO;NO;SI;NO;
21;MAGDALENA;015;CHIVOLO;00;00;PUESTOCABECERAMUNICIPAL;009;01;PRESIDENTE;NO;;;149;BUEN ESTADO;149;0;6;149;NO;;NO;;;;NO;NO;NO;NO;NO;NO;NO;NO;
21;MAGDALENA;015;CHIVOLO;00;00;PUESTOCABECERAMUNICIPAL;010;01;PRESIDENTE;NO;;;184;BUEN ESTADO;184;0;6;184;NO;;NO;;;;NO;NO;NO;NO;NO;NO;SI;NO;
21;MAGDALENA;015;CHIVOLO;00;00;PUESTOCABECERAMUNICIPAL;011;01;PRESIDENTE;NO;;;212;BUEN ESTADO;212;0;6;212;NO;;NO;;;;NO;NO;NO;NO;NO;NO;SI;NO;
21;MAGDALENA;015;CHIVOLO;00;00;PUESTOCABECERAMUNICIPAL;012;01;PRESIDENTE;NO;;;215;BUEN ESTADO;215;0;6;215;NO;;NO;;;;NO;NO;NO;NO;NO;NO;SI;NO;
21;MAGDALENA;015;CHIVOLO;00;00;PUESTOCABECERAMUNICIPAL;013;01;PRESIDENTE;NO;;;186;BUEN ESTADO;186;0;6;186;NO;;NO;;;;NO;NO;NO;NO;NO;NO;SI;NO;
21;MAGDALENA;015;CHIVOLO;00;00;PUESTOCABECERAMUNICIPAL;014;01;PRESIDENTE;NO;;;166;BUEN ESTADO;166;0;6;166;NO;;NO;;;;NO;NO;NO;NO;NO;NO;NO;NO;
21;MAGDALENA;015;CHIVOLO;00;00;PUESTOCABECERAMUNICIPAL;015;01;PRESIDENTE;NO;;;153;BUEN ESTADO;153;0;5;153;NO;;NO;;;;NO;NO;NO;NO;NO;NO;SI;NO;
21;MAGDALENA;015;CHIVOLO;00;00;PUESTOCABECERAMUNICIPAL;016;01;PRESIDENTE;NO;;;193;BUEN ESTADO;193;0;6;193;NO;;NO;;;;NO;NO;NO;NO;NO;NO;SI;NO;
21;MAGDALENA;015;CHIVOLO;00;00;PUESTOCABECERAMUNICIPAL;017;01;PRESIDENTE;NO;;;128;BUEN ESTADO;128;0;6;128;NO;;NO;;;;NO;NO;NO;NO;NO;NO;SI;NO;
21;MAGDALENA;015;CHIVOLO;00;00;PUESTOCABECERAMUNICIPAL;018;01;PRESIDENTE;NO;;;121;BUEN ESTADO;121;0;6;121;NO;;NO;;;;NO;NO;NO;NO;NO;NO;SI;NO;
21;MAGDALENA;015;CHIVOLO;00;00;PUESTOCABECERAMUNICIPAL;019;01;PRESIDENTE;NO;;;112;BUEN ESTADO;112;0;6;112;NO;;NO;;;;NO;NO;NO;NO;NO;NO;NO;NO;
21;MAGDALENA;015;CHIVOLO;00;00;PUESTOCABECERAMUNICIPAL;020;01;PRESIDENTE;NO;;;125;BUEN ESTADO;125;0;6;125;NO;;NO;;;;NO;NO;NO;NO;NO;NO;NO;NO;
21;MAGDALENA;015;CHIVOLO;00;00;PUESTOCABECERAMUNICIPAL;021;01;PRESIDENTE;NO;;;143;BUEN ESTADO;143;0;6;143;NO;;NO;;;;NO;NO;NO;NO;NO;NO;SI;NO;
21;MAGDALENA;015;CHIVOLO;00;00;PUESTOCABECERAMUNICIPAL;022;01;PRESIDENTE;NO;;;131;BUEN ESTADO;131;0;6;131;NO;;NO;;;;NO;NO;NO;NO;NO;NO;SI;NO;
21;MAGDALENA;015;CHIVOLO;00;00;PUESTOCABECERAMUNICIPAL;023;01;PRESIDENTE;NO;;;120;BUEN ESTADO;120;0;6;120;NO;;NO;;;;NO;NO;NO;NO;NO;NO;NO;NO;
21;MAGDALENA;015;CHIVOLO;00;00;PUESTOCABECERAMUNICIPAL;024;01;PRESIDENTE;NO;;;123;BUEN ESTADO;123;0;6;123;NO;;NO;;;;NO;NO;NO;NO;NO;NO;NO;NO;
21;MAGDALENA;015;CHIVOLO;00;00;PUESTOCABECERAMUNICIPAL;025;01;PRESIDENTE;NO;;;107;BUEN ESTADO;107;0;6;107;NO;;NO;;;;NO;NO;NO;NO;NO;NO;NO;NO;
21;MAGDALENA;015;CHIVOLO;00;00;PUESTOCABECERAMUNICIPAL;026;01;PRESIDENTE;NO;;;130;BUEN ESTADO;130;0;6;130;NO;;NO;;;;NO;NO;NO;NO;NO;NO;NO;NO;
21;MAGDALENA;015;CHIVOLO;00;00;PUESTOCABECERAMUNICIPAL;027;01;PRESIDENTE;NO;;;150;BUEN ESTADO;150;0;6;150;NO;;NO;;;;NO;NO;NO;NO;NO;NO;NO;NO;
21;MAGDALENA;015;CHIVOLO;00;00;PUESTOCABECERAMUNICIPAL;028;01;PRESIDENTE;NO;;;128;BUEN ESTADO;128;0;6;128;NO;;NO;;;;NO;NO;NO;NO;NO;NO;NO;NO;
21;MAGDALENA;015;CHIVOLO;00;00;PUESTOCABECERAMUNICIPAL;029;01;PRESIDENTE;NO;;;132;BUEN ESTADO;132;0;6;132;NO;;NO;;;;NO;NO;NO;NO;NO;NO;SI;NO;
21;MAGDALENA;015;CHIVOLO;00;00;PUESTOCABECERAMUNICIPAL;030;01;PRESIDENTE;NO;;;128;BUEN ESTADO;128;0;6;128;NO;;NO;;;;NO;NO;NO;NO;NO;NO;SI;NO;
21;MAGDALENA;015;CHIVOLO;00;00;PUESTOCABECERAMUNICIPAL;031;01;PRESIDENTE;NO;;;124;BUEN ESTADO;124;0;6;124;NO;;NO;;;;NO;NO;NO;NO;NO;NO;NO;NO;
21;MAGDALENA;015;CHIVOLO;00;00;PUESTOCABECERAMUNICIPAL;032;01;PRESIDENTE;NO;;;118;BUEN ESTADO;118;0;6;118;NO;;NO;;;;NO;NO;NO;NO;NO;NO;NO;NO;
21;MAGDALENA;015;CHIVOLO;00;00;PUESTOCABECERAMUNICIPAL;033;01;PRESIDENTE;NO;;;108;BUEN ESTADO;108;0;6;108;NO;;NO;;;;NO;NO;NO;NO;NO;NO;NO;NO;
21;MAGDALENA;015;CHIVOLO;00;00;PUESTOCABECERAMUNICIPAL;034;01;PRESIDENTE;NO;;;149;BUEN ESTADO;149;0;6;149;NO;;NO;;;;NO;NO;NO;NO;NO;NO;SI;NO;
21;MAGDALENA;015;CHIVOLO;00;00;PUESTOCABECERAMUNICIPAL;035;01;PRESIDENTE;NO;;;118;BUEN ESTADO;118;0;6;118;NO;;NO;;;;NO;NO;NO;NO;NO;NO;SI;NO;
21;MAGDALENA;015;CHIVOLO;00;00;PUESTOCABECERAMUNICIPAL;036;01;PRESIDENTE;NO;;;80;BUEN ESTADO;80;0;6;80;NO;;NO;;;;NO;NO;NO;NO;NO;NO;SI;NO;
21;MAGDALENA;015;CHIVOLO;99;10;ELPLAN;001;01;PRESIDENTE;NO;;;132;BUEN ESTADO;132;0;6;132;NO;;NO;;;;NO;NO;NO;NO;NO;NO;SI;NO;
21;MAGDALENA;015;CHIVOLO;99;30;LAPOLA;001;01;PRESIDENTE;NO;;;167;BUEN ESTADO;167;0;6;167;NO;;NO;;;;NO;NO;NO;NO;NO;NO;SI;NO;
21;MAGDALENA;015;CHIVOLO;99;45;LACHINA;001;01;PRESIDENTE;NO;;;181;BUEN ESTADO;181;0;6;181;NO;;NO;;;;NO;NO;NO;NO;NO;NO;SI;NO;
21;MAGDALENA;015;CHIVOLO;99;45;LACHINA;002;01;PRESIDENTE;NO;;;175;BUEN ESTADO;175;0;6;175;NO;;NO;;;;NO;NO;NO;NO;NO;NO;SI;NO;
21;MAGDALENA;015;CHIVOLO;99;45;LACHINA;003;01;PRESIDENTE;NO;;;152;BUEN ESTADO;152;0;6;152;NO;;NO;;;;NO;NO;NO;NO;NO;NO;NO;NO;
21;MAGDALENA;015;CHIVOLO;99;45;LACHINA;004;01;PRESIDENTE;NO;;;51;BUEN ESTADO;51;0;6;51;NO;;NO;;;;NO;NO;NO;NO;NO;NO;SI;NO;
21;MAGDALENA;015;CHIVOLO;99;50;LAESTRELLA;001;01;PRESIDENTE;NO;;;150;BUEN ESTADO;150;0;6;150;NO;;NO;;;;NO;NO;NO;NO;NO;NO;NO;NO;
21;MAGDALENA;015;CHIVOLO;99;50;LAESTRELLA;002;01;PRESIDENTE;NO;;;166;BUEN ESTADO;166;0;6;166;NO;;NO;;;;NO;NO;NO;NO;NO;NO;NO;NO;
21;MAGDALENA;015;CHIVOLO;99;50;LAESTRELLA;003;01;PRESIDENTE;NO;;;126;BUEN ESTADO;126;0;6;126;NO;;NO;;;;NO;NO;NO;NO;NO;NO;NO;NO;
21;MAGDALENA;015;CHIVOLO;99;50;LAESTRELLA;004;01;PRESIDENTE;NO;;;90;BUEN ESTADO;90;0;6;90;NO;;NO;;;;NO;NO;NO;NO;NO;NO;SI;NO;
21;MAGDALENA;015;CHIVOLO;99;69;PUEBLONUEVO;001;01;PRESIDENTE;NO;;;84;BUEN ESTADO;84;0;5;84;NO;;NO;;;;NO;NO;NO;NO;NO;NO;SI;NO;
21;MAGDALENA;016;CIENAGA;01;01;I.E.ISAACJ.PEREIRA;001;01;PRESIDENTE;NO;;;63;BUEN ESTADO;63;0;6;63;NO;;NO;;;;NO;NO;NO;NO;NO;NO;NO;NO;
21;MAGDALENA;016;CIENAGA;01;01;I.E.ISAACJ.PEREIRA;002;01;PRESIDENTE;NO;;;167;BUEN ESTADO;167;0;6;167;NO;;NO;;;;NO;NO;NO;NO;NO;NO;SI;NO;
21;MAGDALENA;016;CIENAGA;01;01;I.E.ISAACJ.PEREIRA;003;01;PRESIDENTE;NO;;;207;BUEN ESTADO;207;0;6;207;NO;;NO;;;;NO;NO;NO;NO;NO;NO;NO;NO;
21;MAGDALENA;016;CIENAGA;01;01;I.E.ISAACJ.PEREIRA;004;01;PRESIDENTE;NO;;;221;BUEN ESTADO;224;3;6;221;NO;;NO;;;;NO;NO;NO;NO;NO;NO;SI;NO;
21;MAGDALENA;016;CIENAGA;01;01;I.E.ISAACJ.PEREIRA;005;01;PRESIDENTE;NO;;;220;BUEN ESTADO;220;0;6;220;NO;;NO;;;;NO;NO;NO;NO;NO;NO;SI;NO;
21;MAGDALENA;016;CIENAGA;01;01;I.E.ISAACJ.PEREIRA;006;01;PRESIDENTE;NO;;;213;BUEN ESTADO;213;0;6;213;NO;;NO;;;;NO;NO;NO;NO;NO;NO;SI;NO;
21;MAGDALENA;016;CIENAGA;01;01;I.E.ISAACJ.PEREIRA;007;01;PRESIDENTE;NO;;;205;BUEN ESTADO;205;0;6;205;NO;;NO;;;;NO;NO;NO;NO;NO;NO;SI;NO;
21;MAGDALENA;016;CIENAGA;01;01;I.E.ISAACJ.PEREIRA;008;01;PRESIDENTE;NO;;;214;BUEN ESTADO;214;0;6;214;NO;;NO;;;;NO;NO;NO;NO;NO;NO;SI;NO;
21;MAGDALENA;016;CIENAGA;01;01;I.E.ISAACJ.PEREIRA;009;01;PRESIDENTE;NO;;;210;BUEN ESTADO;210;0;6;210;NO;;NO;;;;NO;NO;NO;NO;NO;NO;SI;NO;
21;MAGDALENA;016;CIENAGA;01;01;I.E.ISAACJ.PEREIRA;010;01;PRESIDENTE;NO;;;180;BUEN ESTADO;180;0;6;180;NO;;NO;;;;NO;NO;NO;NO;NO;NO;SI;NO;
21;MAGDALENA;016;CIENAGA;01;01;I.E.ISAACJ.PEREIRA;011;01;PRESIDENTE;NO;;;233;BUEN ESTADO;233;0;6;233;NO;;NO;;;;NO;NO;NO;NO;NO;NO;NO;NO;
21;MAGDALENA;016;CIENAGA;01;01;I.E.ISAACJ.PEREIRA;012;01;PRESIDENTE;NO;;;232;BUEN ESTADO;232;0;6;232;NO;;NO;;;;NO;NO;NO;NO;NO;NO;NO;NO;
21;MAGDALENA;016;CIENAGA;01;01;I.E.ISAACJ.PEREIRA;013;01;PRESIDENTE;NO;;;226;BUEN ESTADO;226;0;6;226;NO;;NO;;;;NO;NO;NO;NO;NO;NO;SI;NO;
21;MAGDALENA;016;CIENAGA;01;01;I.E.ISAACJ.PEREIRA;014;01;PRESIDENTE;NO;;;174;BUEN ESTADO;174;0;6;174;NO;;NO;;;;NO;NO;NO;NO;NO;NO;SI;NO;
21;MAGDALENA;016;CIENAGA;01;01;I.E.ISAACJ.PEREIRA;015;01;PRESIDENTE;NO;;;128;BUEN ESTADO;128;0;6;128;NO;;NO;;;;NO;NO;NO;NO;NO;NO;NO;NO;
21;MAGDALENA;016;CIENAGA;01;01;I.E.ISAACJ.PEREIRA;016;01;PRESIDENTE;NO;;;155;BUEN ESTADO;155;0;6;155;NO;;NO;;;;NO;NO;NO;NO;NO;NO;NO;NO;
21;MAGDALENA;016;CIENAGA;01;01;I.E.ISAACJ.PEREIRA;017;01;PRESIDENTE;NO;;;145;BUEN ESTADO;145;0;6;145;NO;;NO;;;;NO;NO;NO;NO;NO;NO;NO;NO;
21;MAGDALENA;016;CIENAGA;01;01;I.E.ISAACJ.PEREIRA;018;01;PRESIDENTE;NO;;;159;BUEN ESTADO;159;0;6;159;NO;;NO;;;;NO;NO;NO;NO;NO;NO;NO;NO;
21;MAGDALENA;016;CIENAGA;01;01;I.E.ISAACJ.PEREIRA;019;01;PRESIDENTE;NO;;;131;BUEN ESTADO;131;0;6;131;NO;;NO;;;;NO;NO;NO;NO;NO;NO;NO;NO;
21;MAGDALENA;016;CIENAGA;01;01;I.E.ISAACJ.PEREIRA;020;01;PRESIDENTE;NO;;;139;BUEN ESTADO;139;0;6;139;NO;;NO;;;;NO;NO;NO;NO;NO;NO;SI;NO;
21;MAGDALENA;016;CIENAGA;01;01;I.E.ISAACJ.PEREIRA;021;01;PRESIDENTE;NO;;;158;BUEN ESTADO;158;0;6;158;NO;;NO;;;;NO;NO;NO;NO;NO;NO;SI;NO;
21;MAGDALENA;016;CIENAGA;01;01;I.E.ISAACJ.PEREIRA;022;01;PRESIDENTE;NO;;;161;BUEN ESTADO;161;0;6;161;NO;;NO;;;;NO;NO;NO;NO;NO;NO;NO;NO;
21;MAGDALENA;016;CIENAGA;01;01;I.E.ISAACJ.PEREIRA;023;01;PRESIDENTE;NO;;;169;BUEN ESTADO;169;0;6;169;NO;;NO;;;;NO;NO;NO;NO;NO;NO;NO;NO;
21;MAGDALENA;016;CIENAGA;01;01;I.E.ISAACJ.PEREIRA;024;01;PRESIDENTE;NO;;;79;BUEN ESTADO;79;0;6;79;NO;;NO;;;;NO;NO;NO;NO;NO;NO;NO;NO;
21;MAGDALENA;016;CIENAGA;01;02;INFOTEP;001;01;PRESIDENTE;NO;;;360;BUEN ESTADO;246;0;6;360;NO;;NO;;;;NO;NO;NO;NO;NO;NO;NO;NO;
21;MAGDALENA;016;CIENAGA;01;02;INFOTEP;002;01;PRESIDENTE;NO;;;215;BUEN ESTADO;215;0;6;215;NO;;NO;;;;NO;NO;NO;NO;NO;NO;SI;NO;
21;MAGDALENA;016;CIENAGA;01;02;INFOTEP;003;01;PRESIDENTE;NO;;;149;BUEN ESTADO;149;0;6;149;NO;;NO;;;;NO;NO;NO;NO;NO;NO;NO;NO;
21;MAGDALENA;016;CIENAGA;01;02;INFOTEP;004;01;PRESIDENTE;NO;;;201;BUEN ESTADO;201;0;6;201;NO;;NO;;;;NO;NO;NO;NO;NO;NO;NO;NO;
21;MAGDALENA;016;CIENAGA;01;02;INFOTEP;005;01;PRESIDENTE;NO;;;142;BUEN ESTADO;142;0;6;142;NO;;NO;;;;NO;NO;NO;NO;NO;NO;NO;NO;
21;MAGDALENA;016;CIENAGA;01;02;INFOTEP;006;01;PRESIDENTE;NO;;;80;BUEN ESTADO;80;0;6;80;NO;;NO;;;;NO;NO;NO;NO;NO;NO;NO;NO;
21;MAGDALENA;016;CIENAGA;01;02;INFOTEP;007;01;PRESIDENTE;NO;;;178;BUEN ESTADO;178;0;6;178;NO;;NO;;;;NO;NO;NO;NO;NO;NO;SI;NO;
21;MAGDALENA;016;CIENAGA;01;02;INFOTEP;008;01;PRESIDENTE;NO;;;203;BUEN ESTADO;203;0;6;203;NO;;NO;;;;NO;NO;NO;NO;NO;NO;NO;NO;
21;MAGDALENA;016;CIENAGA;01;02;INFOTEP;009;01;PRESIDENTE;NO;;;215;BUEN ESTADO;215;0;6;215;NO;;NO;;;;NO;NO;NO;NO;NO;NO;SI;NO;
21;MAGDALENA;016;CIENAGA;01;02;INFOTEP;010;01;PRESIDENTE;NO;;;229;BUEN ESTADO;229;0;6;229;NO;;NO;;;;NO;NO;NO;NO;NO;NO;SI;NO;
21;MAGDALENA;016;CIENAGA;01;02;INFOTEP;011;01;PRESIDENTE;NO;;;217;BUEN ESTADO;217;0;6;217;NO;;NO;;;;NO;NO;NO;NO;NO;NO;NO;NO;
21;MAGDALENA;016;CIENAGA;01;02;INFOTEP;012;01;PRESIDENTE;NO;;;220;BUEN ESTADO;221;1;6;220;NO;;NO;;;;NO;NO;NO;NO;NO;NO;SI;NO;
21;MAGDALENA;016;CIENAGA;01;02;INFOTEP;013;01;PRESIDENTE;NO;;;360;BUEN ESTADO;187;0;6;360;NO;;NO;;;;NO;NO;NO;NO;NO;NO;NO;NO;
21;MAGDALENA;016;CIENAGA;01;02;INFOTEP;014;01;PRESIDENTE;NO;;;158;BUEN ESTADO;158;0;6;158;NO;;NO;;;;NO;NO;NO;NO;NO;NO;NO;NO;
21;MAGDALENA;016;CIENAGA;01;02;INFOTEP;015;01;PRESIDENTE;NO;;;193;BUEN ESTADO;193;0;6;193;NO;;NO;;;;NO;NO;NO;NO;NO;NO;NO;NO;
21;MAGDALENA;016;CIENAGA;01;02;INFOTEP;016;01;PRESIDENTE;NO;;;159;BUEN ESTADO;159;0;6;159;NO;;NO;;;;NO;NO;NO;NO;NO;NO;NO;NO;
21;MAGDALENA;016;CIENAGA;01;02;INFOTEP;017;01;PRESIDENTE;NO;;;121;BUEN ESTADO;121;0;6;121;NO;;NO;;;;NO;NO;NO;NO;NO;NO;NO;NO;
21;MAGDALENA;016;CIENAGA;01;03;COLVIRGINIAGOMEZSDCUATRO;001;01;PRESIDENTE;NO;;;259;BUEN ESTADO;259;0;6;259;NO;;NO;;;;NO;NO;NO;NO;NO;NO;SI;NO;
21;MAGDALENA;016;CIENAGA;01;03;COLVIRGINIAGOMEZSDCUATRO;002;01;PRESIDENTE;NO;;;153;BUEN ESTADO;153;0;6;153;NO;;NO;;;;NO;NO;NO;NO;NO;NO;SI;NO;
21;MAGDALENA;016;CIENAGA;01;03;COLVIRGINIAGOMEZSDCUATRO;003;01;PRESIDENTE;NO;;;172;BUEN ESTADO;171;0;6;172;SI;LOS JURADOS DEJAN CONSTANCIA DE QUE UN VOTANTE DEPOSITO SU VOTO EN LA MESA DE AL LADO;NO;;;;NO;NO;NO;NO;NO;NO;NO;NO;
21;MAGDALENA;016;CIENAGA;01;03;COLVIRGINIAGOMEZSDCUATRO;004;01;PRESIDENTE;NO;;;216;BUEN ESTADO;217;1;6;216;NO;;NO;;;;NO;NO;NO;NO;NO;NO;NO;NO;
21;MAGDALENA;016;CIENAGA;01;03;COLVIRGINIAGOMEZSDCUATRO;005;01;PRESIDENTE;NO;;;245;BUEN ESTADO;245;0;6;245;NO;;NO;;;;NO;NO;NO;NO;NO;NO;SI;NO;
21;MAGDALENA;016;CIENAGA;01;03;COLVIRGINIAGOMEZSDCUATRO;006;01;PRESIDENTE;NO;;;152;BUEN ESTADO;152;0;6;152;NO;;NO;;;;NO;NO;NO;NO;NO;NO;NO;NO;
21;MAGDALENA;016;CIENAGA;01;03;COLVIRGINIAGOMEZSDCUATRO;007;01;PRESIDENTE;NO;;;157;BUEN ESTADO;157;0;6;157;NO;;NO;;;;NO;NO;NO;NO;NO;NO;NO;NO;
21;MAGDALENA;016;CIENAGA;01;03;COLVIRGINIAGOMEZSDCUATRO;008;01;PRESIDENTE;NO;;;178;BUEN ESTADO;178;0;6;178;NO;;NO;;;;NO;NO;NO;NO;NO;NO;SI;NO;
21;MAGDALENA;016;CIENAGA;01;03;COLVIRGINIAGOMEZSDCUATRO;009;01;PRESIDENTE;NO;;;159;BUEN ESTADO;159;0;6;159;NO;;NO;;;;NO;NO;NO;NO;NO;NO;NO;NO;
21;MAGDALENA;016;CIENAGA;01;03;COLVIRGINIAGOMEZSDCUATRO;010;01;PRESIDENTE;NO;;;172;BUEN ESTADO;172;0;6;172;NO;;NO;;;;NO;NO;NO;NO;NO;NO;SI;NO;
21;MAGDALENA;016;CIENAGA;01;03;COLVIRGINIAGOMEZSDCUATRO;011;01;PRESIDENTE;NO;;;173;BUEN ESTADO;172;0;6;172;SI;SE DESTRUYO UN TARJETON NULO;NO;;;;NO;NO;NO;NO;NO;NO;NO;NO;
21;MAGDALENA;016;CIENAGA;01;03;COLVIRGINIAGOMEZSDCUATRO;012;01;PRESIDENTE;NO;;;153;BUEN ESTADO;153;0;6;153;NO;;NO;;;;NO;NO;NO;NO;NO;NO;NO;NO;
21;MAGDALENA;016;CIENAGA;01;03;COLVIRGINIAGOMEZSDCUATRO;013;01;PRESIDENTE;NO;;;38;BUEN ESTADO;38;0;6;38;NO;;NO;;;;NO;NO;NO;NO;NO;NO;NO;NO;
21;MAGDALENA;016;CIENAGA;01;04;I.E.LAMARIA;001;01;PRESIDENTE;NO;;;244;BUEN ESTADO;244;0;6;244;NO;;NO;;;;NO;NO;NO;NO;NO;NO;NO;NO;
21;MAGDALENA;016;CIENAGA;01;04;I.E.LAMARIA;002;01;PRESIDENTE;NO;;;253;BUEN ESTADO;253;0;6;253;SI;SE OBSERVO UNA ENMENDADURA EN EL CANDIDATO ABELARDO DE LA ESPRIELLA, AL PARECER UN 7 LO CONVIRTIERON EN NUMERO 2;NO;;;;NO;NO;NO;NO;NO;NO;SI;NO;
21;MAGDALENA;016;CIENAGA;01;04;I.E.LAMARIA;003;01;PRESIDENTE;NO;;;184;BUEN ESTADO;184;0;6;184;NO;;NO;;;;NO;NO;NO;NO;NO;NO;NO;NO;
21;MAGDALENA;016;CIENAGA;01;04;I.E.LAMARIA;004;01;PRESIDENTE;NO;;;139;BUEN ESTADO;139;0;6;139;NO;;NO;;;;NO;NO;NO;NO;NO;NO;NO;NO;
21;MAGDALENA;016;CIENAGA;01;04;I.E.LAMARIA;005;01;PRESIDENTE;NO;;;133;BUEN ESTADO;133;0;6;133;NO;;NO;;;;NO;NO;NO;NO;NO;NO;SI;NO;
21;MAGDALENA;016;CIENAGA;01;04;I.E.LAMARIA;006;01;PRESIDENTE;NO;;;157;BUEN ESTADO;157;0;6;157;NO;;NO;;;;NO;NO;NO;NO;NO;NO;SI;NO;
21;MAGDALENA;016;CIENAGA;01;04;I.E.LAMARIA;007;01;PRESIDENTE;NO;;;145;BUEN ESTADO;145;0;6;145;NO;;NO;;;;NO;NO;NO;NO;NO;NO;NO;NO;
21;MAGDALENA;016;CIENAGA;01;04;I.E.LAMARIA;008;01;PRESIDENTE;NO;;;126;BUEN ESTADO;126;0;6;126;NO;;NO;;;;NO;NO;NO;NO;NO;NO;SI;NO;
21;MAGDALENA;016;CIENAGA;01;04;I.E.LAMARIA;009;01;PRESIDENTE;NO;;;150;BUEN ESTADO;150;0;6;150;SI;EL E14 SE ENCONTRABA EN LA BOLSA DE LOS VOTOS, POR ESTA RAZON SE DIO APERTURA A DICHA BOLSA;NO;;;;NO;NO;NO;NO;NO;NO;NO;NO;
21;MAGDALENA;016;CIENAGA;01;04;I.E.LAMARIA;010;01;PRESIDENTE;NO;;;154;BUEN ESTADO;154;0;6;154;NO;;NO;;;;NO;NO;NO;NO;NO;NO;NO;NO;
21;MAGDALENA;016;CIENAGA;01;04;I.E.LAMARIA;011;01;PRESIDENTE;NO;;;127;BUEN ESTADO;127;0;6;127;NO;;NO;;;;NO;NO;NO;NO;NO;NO;NO;NO;
21;MAGDALENA;016;CIENAGA;01;04;I.E.LAMARIA;012;01;PRESIDENTE;NO;;;143;BUEN ESTADO;143;0;6;143;SI;EL JURADO NO TOTALIZARON NI ENUMERARON LOS VOTANTES EN EL E11, POR ENDE, LA COMISION PROCEDIO HACERLO CON LAPIZ;NO;;;;NO;NO;NO;NO;NO;NO;NO;NO;
21;MAGDALENA;016;CIENAGA;01;05;I.E.LAALIANZA;001;01;PRESIDENTE;NO;;;266;BUEN ESTADO;266;0;6;266;NO;;NO;;;;NO;NO;NO;NO;NO;NO;SI;NO;
21;MAGDALENA;016;CIENAGA;01;05;I.E.LAALIANZA;002;01;PRESIDENTE;NO;;;240;BUEN ESTADO;240;0;6;240;NO;;NO;;;;NO;NO;NO;NO;NO;NO;SI;NO;
21;MAGDALENA;016;CIENAGA;01;05;I.E.LAALIANZA;003;01;PRESIDENTE;NO;;;183;BUEN ESTADO;183;0;6;183;NO;;NO;;;;NO;NO;NO;NO;NO;NO;SI;NO;
21;MAGDALENA;016;CIENAGA;01;05;I.E.LAALIANZA;004;01;PRESIDENTE;NO;;;185;BUEN ESTADO;185;0;6;185;NO;;NO;;;;NO;NO;NO;NO;NO;NO;NO;NO;
21;MAGDALENA;016;CIENAGA;01;05;I.E.LAALIANZA;005;01;PRESIDENTE;NO;;;143;BUEN ESTADO;143;0;6;143;NO;;NO;;;;NO;NO;NO;NO;NO;NO;NO;NO;
21;MAGDALENA;016;CIENAGA;02;01;I.E.SANJUANDELCORDOBA;001;01;PRESIDENTE;NO;;;177;BUEN ESTADO;177;0;6;177;NO;;NO;;;;NO;NO;NO;NO;NO;NO;NO;NO;
21;MAGDALENA;016;CIENAGA;02;01;I.E.SANJUANDELCORDOBA;002;01;PRESIDENTE;NO;;;242;BUEN ESTADO;242;0;6;242;NO;;NO;;;;NO;NO;NO;NO;NO;NO;NO;NO;
21;MAGDALENA;016;CIENAGA;02;01;I.E.SANJUANDELCORDOBA;003;01;PRESIDENTE;NO;;;241;BUEN ESTADO;241;0;6;241;NO;;NO;;;;NO;NO;NO;NO;NO;NO;NO;NO;
21;MAGDALENA;016;CIENAGA;02;01;I.E.SANJUANDELCORDOBA;004;01;PRESIDENTE;NO;;;161;BUEN ESTADO;161;0;6;161;NO;;NO;;;;NO;NO;NO;NO;NO;NO;NO;NO;
21;MAGDALENA;016;CIENAGA;02;01;I.E.SANJUANDELCORDOBA;005;01;PRESIDENTE;NO;;;165;BUEN ESTADO;165;0;6;165;NO;;NO;;;;NO;NO;NO;NO;NO;NO;SI;NO;
21;MAGDALENA;016;CIENAGA;02;01;I.E.SANJUANDELCORDOBA;006;01;PRESIDENTE;NO;;;206;BUEN ESTADO;206;0;6;206;NO;;NO;;;;NO;NO;NO;NO;NO;NO;SI;NO;
21;MAGDALENA;016;CIENAGA;02;01;I.E.SANJUANDELCORDOBA;007;01;PRESIDENTE;NO;;;152;BUEN ESTADO;152;0;6;152;NO;;NO;;;;NO;NO;NO;NO;NO;NO;NO;NO;
21;MAGDALENA;016;CIENAGA;02;01;I.E.SANJUANDELCORDOBA;008;01;PRESIDENTE;NO;;;198;BUEN ESTADO;198;0;6;198;NO;;NO;;;;NO;NO;NO;NO;NO;NO;SI;NO;
21;MAGDALENA;016;CIENAGA;02;01;I.E.SANJUANDELCORDOBA;009;01;PRESIDENTE;NO;;;250;BUEN ESTADO;250;0;6;250;NO;;NO;;;;NO;NO;NO;NO;NO;NO;SI;NO;
21;MAGDALENA;016;CIENAGA;02;01;I.E.SANJUANDELCORDOBA;010;01;PRESIDENTE;NO;;;212;BUEN ESTADO;212;0;6;212;NO;;NO;;;;NO;NO;NO;NO;NO;NO;SI;NO;
21;MAGDALENA;016;CIENAGA;02;01;I.E.SANJUANDELCORDOBA;011;01;PRESIDENTE;NO;;;192;BUEN ESTADO;192;0;6;192;NO;;NO;;;;NO;NO;NO;NO;NO;NO;NO;NO;
21;MAGDALENA;016;CIENAGA;02;01;I.E.SANJUANDELCORDOBA;012;01;PRESIDENTE;NO;;;198;BUEN ESTADO;198;0;5;198;NO;;NO;;;;NO;NO;NO;NO;NO;NO;SI;NO;
21;MAGDALENA;016;CIENAGA;02;01;I.E.SANJUANDELCORDOBA;013;01;PRESIDENTE;NO;;;167;BUEN ESTADO;167;0;6;167;NO;;NO;;;;NO;NO;NO;NO;NO;NO;SI;NO;
21;MAGDALENA;016;CIENAGA;02;01;I.E.SANJUANDELCORDOBA;014;01;PRESIDENTE;NO;;;153;BUEN ESTADO;153;0;6;153;NO;;NO;;;;NO;NO;NO;NO;NO;NO;SI;NO;
21;MAGDALENA;016;CIENAGA;02;01;I.E.SANJUANDELCORDOBA;015;01;PRESIDENTE;NO;;;170;BUEN ESTADO;170;0;6;170;NO;;NO;;;;NO;NO;NO;NO;NO;NO;NO;NO;
21;MAGDALENA;016;CIENAGA;02;01;I.E.SANJUANDELCORDOBA;016;01;PRESIDENTE;NO;;;181;BUEN ESTADO;181;0;5;181;NO;;NO;;;;NO;NO;NO;NO;NO;NO;SI;NO;
21;MAGDALENA;016;CIENAGA;02;01;I.E.SANJUANDELCORDOBA;017;01;PRESIDENTE;NO;;;149;BUEN ESTADO;149;0;6;149;NO;;NO;;;;NO;NO;NO;NO;NO;NO;NO;NO;
21;MAGDALENA;016;CIENAGA;02;01;I.E.SANJUANDELCORDOBA;018;01;PRESIDENTE;NO;;;155;BUEN ESTADO;155;0;6;155;NO;;NO;;;;NO;NO;NO;NO;NO;NO;NO;NO;
21;MAGDALENA;016;CIENAGA;02;01;I.E.SANJUANDELCORDOBA;019;01;PRESIDENTE;NO;;;150;BUEN ESTADO;150;0;6;150;NO;;NO;;;;NO;NO;NO;NO;NO;NO;NO;NO;
21;MAGDALENA;016;CIENAGA;02;01;I.E.SANJUANDELCORDOBA;020;01;PRESIDENTE;NO;;;154;BUEN ESTADO;154;0;6;154;NO;;NO;;;;NO;NO;NO;NO;NO;NO;NO;NO;
21;MAGDALENA;016;CIENAGA;02;01;I.E.SANJUANDELCORDOBA;021;01;PRESIDENTE;NO;;;154;BUEN ESTADO;154;0;6;154;NO;;NO;;;;NO;NO;NO;NO;NO;NO;NO;NO;
21;MAGDALENA;016;CIENAGA;02;01;I.E.SANJUANDELCORDOBA;022;01;PRESIDENTE;NO;;;146;BUEN ESTADO;146;0;6;146;NO;;NO;;;;NO;NO;NO;NO;NO;NO;NO;NO;
21;MAGDALENA;016;CIENAGA;02;01;I.E.SANJUANDELCORDOBA;023;01;PRESIDENTE;NO;;;116;BUEN ESTADO;116;0;6;116;NO;;NO;;;;NO;NO;NO;NO;NO;NO;SI;NO;
21;MAGDALENA;016;CIENAGA;02;01;I.E.SANJUANDELCORDOBA;024;01;PRESIDENTE;NO;;;170;BUEN ESTADO;170;0;6;170;NO;;NO;;;;NO;NO;NO;NO;NO;NO;NO;NO;
21;MAGDALENA;016;CIENAGA;02;01;I.E.SANJUANDELCORDOBA;025;01;PRESIDENTE;NO;;;150;BUEN ESTADO;150;0;6;150;NO;;NO;;;;NO;NO;NO;NO;NO;NO;SI;NO;
21;MAGDALENA;016;CIENAGA;02;01;I.E.SANJUANDELCORDOBA;026;01;PRESIDENTE;NO;;;124;BUEN ESTADO;124;0;6;124;NO;;NO;;;;NO;NO;NO;NO;NO;NO;SI;NO;
21;MAGDALENA;016;CIENAGA;02;01;I.E.SANJUANDELCORDOBA;027;01;PRESIDENTE;NO;;;120;BUEN ESTADO;120;0;6;120;NO;;NO;;;;NO;NO;NO;NO;NO;NO;NO;NO;
21;MAGDALENA;016;CIENAGA;02;01;I.E.SANJUANDELCORDOBA;028;01;PRESIDENTE;NO;;;142;BUEN ESTADO;142;0;6;142;NO;;NO;;;;NO;NO;NO;NO;NO;NO;NO;NO;
21;MAGDALENA;016;CIENAGA;02;01;I.E.SANJUANDELCORDOBA;029;01;PRESIDENTE;NO;;;146;BUEN ESTADO;146;0;6;146;NO;;NO;;;;NO;NO;NO;NO;NO;NO;NO;NO;
21;MAGDALENA;016;CIENAGA;02;01;I.E.SANJUANDELCORDOBA;030;01;PRESIDENTE;NO;;;150;BUEN ESTADO;150;0;6;150;NO;;NO;;;;NO;NO;NO;NO;NO;NO;SI;NO;
21;MAGDALENA;016;CIENAGA;02;01;I.E.SANJUANDELCORDOBA;031;01;PRESIDENTE;NO;;;116;BUEN ESTADO;116;0;6;116;NO;;NO;;;;NO;NO;NO;NO;NO;NO;NO;NO;
21;MAGDALENA;016;CIENAGA;02;01;I.E.SANJUANDELCORDOBA;032;01;PRESIDENTE;NO;;;118;BUEN ESTADO;118;0;6;118;NO;;NO;;;;NO;NO;NO;NO;NO;NO;NO;NO;
21;MAGDALENA;016;CIENAGA;02;01;I.E.SANJUANDELCORDOBA;033;01;PRESIDENTE;NO;;;173;BUEN ESTADO;173;0;6;173;NO;;NO;;;;NO;NO;NO;NO;NO;NO;NO;NO;
21;MAGDALENA;016;CIENAGA;02;01;I.E.SANJUANDELCORDOBA;034;01;PRESIDENTE;NO;;;157;BUEN ESTADO;157;0;6;157;NO;;NO;;;;NO;NO;NO;NO;NO;NO;SI;NO;
21;MAGDALENA;016;CIENAGA;02;01;I.E.SANJUANDELCORDOBA;035;01;PRESIDENTE;NO;;;121;BUEN ESTADO;121;0;6;121;NO;;NO;;;;NO;NO;NO;NO;NO;NO;SI;NO;
21;MAGDALENA;016;CIENAGA;02;02;I.E.T.COMERCIOVIRGINIAGOMEZ;001;01;PRESIDENTE;NO;;;173;BUEN ESTADO;173;0;6;173;NO;;NO;;;SE DEJA CONSTANCIA DE QUER NO DILIGENCIARON LA CASILLA DE RECONTEO;NO;NO;NO;NO;NO;NO;NO;NO;
21;MAGDALENA;016;CIENAGA;02;02;I.E.T.COMERCIOVIRGINIAGOMEZ;002;01;PRESIDENTE;NO;;;231;BUEN ESTADO;231;0;5;231;NO;;NO;;;;NO;NO;NO;NO;NO;NO;SI;NO;
21;MAGDALENA;016;CIENAGA;02;02;I.E.T.COMERCIOVIRGINIAGOMEZ;003;01;PRESIDENTE;NO;;;206;BUEN ESTADO;206;0;6;206;NO;;NO;;;;NO;NO;NO;NO;NO;NO;SI;NO;
21;MAGDALENA;016;CIENAGA;02;02;I.E.T.COMERCIOVIRGINIAGOMEZ;004;01;PRESIDENTE;NO;;;165;BUEN ESTADO;165;0;6;165;NO;;NO;;;;NO;NO;NO;NO;NO;NO;SI;NO;
21;MAGDALENA;016;CIENAGA;02;02;I.E.T.COMERCIOVIRGINIAGOMEZ;005;01;PRESIDENTE;NO;;;168;BUEN ESTADO;168;0;6;168;NO;;NO;;;;NO;NO;NO;NO;NO;NO;SI;NO;
21;MAGDALENA;016;CIENAGA;02;02;I.E.T.COMERCIOVIRGINIAGOMEZ;006;01;PRESIDENTE;NO;;;231;BUEN ESTADO;231;0;6;231;NO;;NO;;;;NO;NO;NO;NO;NO;NO;SI;NO;
21;MAGDALENA;016;CIENAGA;02;02;I.E.T.COMERCIOVIRGINIAGOMEZ;007;01;PRESIDENTE;NO;;;201;BUEN ESTADO;201;0;6;201;NO;;NO;;;;NO;NO;NO;NO;NO;NO;SI;NO;
21;MAGDALENA;016;CIENAGA;02;02;I.E.T.COMERCIOVIRGINIAGOMEZ;008;01;PRESIDENTE;NO;;;219;BUEN ESTADO;219;0;6;219;NO;;NO;;;;NO;NO;NO;NO;NO;NO;SI;NO;
21;MAGDALENA;016;CIENAGA;02;02;I.E.T.COMERCIOVIRGINIAGOMEZ;009;01;PRESIDENTE;NO;;;187;BUEN ESTADO;187;0;6;187;NO;;NO;;;;NO;NO;NO;NO;NO;NO;NO;NO;
21;MAGDALENA;016;CIENAGA;02;02;I.E.T.COMERCIOVIRGINIAGOMEZ;010;01;PRESIDENTE;NO;;;156;BUEN ESTADO;156;0;6;156;NO;;NO;;;;NO;NO;NO;NO;NO;NO;NO;NO;
21;MAGDALENA;016;CIENAGA;02;02;I.E.T.COMERCIOVIRGINIAGOMEZ;011;01;PRESIDENTE;NO;;;154;BUEN ESTADO;154;0;6;154;NO;;NO;;;;NO;NO;NO;NO;NO;NO;NO;NO;
21;MAGDALENA;016;CIENAGA;02;02;I.E.T.COMERCIOVIRGINIAGOMEZ;012;01;PRESIDENTE;NO;;;178;BUEN ESTADO;178;0;6;178;NO;;NO;;;;NO;NO;NO;NO;NO;NO;SI;NO;
21;MAGDALENA;016;CIENAGA;02;02;I.E.T.COMERCIOVIRGINIAGOMEZ;013;01;PRESIDENTE;NO;;;174;BUEN ESTADO;174;0;6;174;NO;;NO;;;;NO;NO;NO;NO;NO;NO;SI;NO;
21;MAGDALENA;016;CIENAGA;02;02;I.E.T.COMERCIOVIRGINIAGOMEZ;014;01;PRESIDENTE;NO;;;160;BUEN ESTADO;160;0;6;160;NO;;NO;;;;NO;NO;NO;NO;NO;NO;NO;NO;
21;MAGDALENA;016;CIENAGA;02;02;I.E.T.COMERCIOVIRGINIAGOMEZ;015;01;PRESIDENTE;NO;;;155;BUEN ESTADO;155;0;6;155;NO;;NO;;;;NO;NO;NO;NO;NO;NO;NO;NO;
21;MAGDALENA;016;CIENAGA;02;02;I.E.T.COMERCIOVIRGINIAGOMEZ;016;01;PRESIDENTE;NO;;;158;BUEN ESTADO;158;0;6;158;NO;;NO;;;;NO;NO;NO;NO;NO;NO;SI;NO;
21;MAGDALENA;016;CIENAGA;02;02;I.E.T.COMERCIOVIRGINIAGOMEZ;017;01;PRESIDENTE;NO;;;156;BUEN ESTADO;156;0;6;156;NO;;NO;;;;NO;NO;NO;NO;NO;NO;SI;NO;
21;MAGDALENA;016;CIENAGA;02;02;I.E.T.COMERCIOVIRGINIAGOMEZ;018;01;PRESIDENTE;NO;;;132;BUEN ESTADO;132;0;6;132;NO;;NO;;;;NO;NO;NO;NO;NO;NO;SI;NO;
21;MAGDALENA;016;CIENAGA;02;02;I.E.T.COMERCIOVIRGINIAGOMEZ;019;01;PRESIDENTE;NO;;;85;BUEN ESTADO;85;0;6;85;NO;;NO;;;;NO;NO;NO;NO;NO;NO;NO;NO;
21;MAGDALENA;016;CIENAGA;02;02;I.E.T.COMERCIOVIRGINIAGOMEZ;020;01;PRESIDENTE;NO;;;155;BUEN ESTADO;155;0;6;155;NO;;NO;;;;NO;NO;NO;NO;NO;NO;SI;NO;
21;MAGDALENA;016;CIENAGA;02;02;I.E.T.COMERCIOVIRGINIAGOMEZ;021;01;PRESIDENTE;NO;;;21;BUEN ESTADO;21;0;6;21;NO;;NO;;;;NO;NO;NO;NO;NO;NO;NO;NO;
21;MAGDALENA;016;CIENAGA;02;03;I.E.ENOCMENDOZARIASCOS;001;01;PRESIDENTE;NO;;;223;BUEN ESTADO;223;0;6;223;NO;;NO;;;;NO;NO;NO;NO;NO;NO;SI;NO;
21;MAGDALENA;016;CIENAGA;02;03;I.E.ENOCMENDOZARIASCOS;002;01;PRESIDENTE;NO;;;205;BUEN ESTADO;205;0;6;205;NO;;NO;;;;NO;NO;NO;NO;NO;NO;SI;NO;
21;MAGDALENA;016;CIENAGA;02;03;I.E.ENOCMENDOZARIASCOS;003;01;PRESIDENTE;NO;;;188;BUEN ESTADO;188;0;6;188;NO;;NO;;;;NO;NO;NO;NO;NO;NO;SI;NO;
21;MAGDALENA;016;CIENAGA;02;03;I.E.ENOCMENDOZARIASCOS;004;01;PRESIDENTE;NO;;;199;BUEN ESTADO;199;0;6;199;SI;EN LOS VOTOS DE PALOMA ACLARARON QUE SON 10;NO;;;;NO;NO;NO;NO;NO;NO;SI;NO;
21;MAGDALENA;016;CIENAGA;02;03;I.E.ENOCMENDOZARIASCOS;005;01;PRESIDENTE;NO;;;183;BUEN ESTADO;183;0;6;183;NO;;NO;;;;NO;NO;NO;NO;NO;NO;SI;NO;
21;MAGDALENA;016;CIENAGA;02;03;I.E.ENOCMENDOZARIASCOS;006;01;PRESIDENTE;NO;;;199;BUEN ESTADO;199;0;6;199;NO;;NO;;;;NO;NO;NO;NO;NO;NO;SI;NO;
21;MAGDALENA;016;CIENAGA;02;03;I.E.ENOCMENDOZARIASCOS;007;01;PRESIDENTE;NO;;;131;BUEN ESTADO;131;0;6;131;NO;;NO;;;;NO;NO;NO;NO;NO;NO;NO;NO;
21;MAGDALENA;016;CIENAGA;02;03;I.E.ENOCMENDOZARIASCOS;008;01;PRESIDENTE;NO;;;121;BUEN ESTADO;121;0;6;121;NO;;NO;;;;NO;NO;NO;NO;NO;NO;SI;NO;
21;MAGDALENA;016;CIENAGA;02;03;I.E.ENOCMENDOZARIASCOS;009;01;PRESIDENTE;NO;;;126;BUEN ESTADO;126;0;6;126;NO;;NO;;;;NO;NO;NO;NO;NO;NO;NO;NO;
21;MAGDALENA;016;CIENAGA;02;03;I.E.ENOCMENDOZARIASCOS;010;01;PRESIDENTE;NO;;;110;BUEN ESTADO;110;0;6;110;NO;;NO;;;;NO;NO;NO;NO;NO;NO;NO;NO;
21;MAGDALENA;016;CIENAGA;02;03;I.E.ENOCMENDOZARIASCOS;011;01;PRESIDENTE;NO;;;124;BUEN ESTADO;124;0;6;124;NO;;NO;;;;NO;NO;NO;NO;NO;NO;SI;NO;
21;MAGDALENA;016;CIENAGA;02;03;I.E.ENOCMENDOZARIASCOS;012;01;PRESIDENTE;NO;;;124;BUEN ESTADO;124;0;6;124;NO;;NO;;;;NO;NO;NO;NO;NO;NO;NO;NO;
21;MAGDALENA;016;CIENAGA;02;03;I.E.ENOCMENDOZARIASCOS;013;01;PRESIDENTE;NO;;;114;BUEN ESTADO;114;0;5;114;NO;;NO;;;;NO;NO;NO;NO;NO;NO;SI;NO;
21;MAGDALENA;016;CIENAGA;02;03;I.E.ENOCMENDOZARIASCOS;014;01;PRESIDENTE;NO;;;124;BUEN ESTADO;124;0;6;124;NO;;NO;;;;NO;NO;NO;NO;NO;NO;NO;NO;
21;MAGDALENA;016;CIENAGA;02;03;I.E.ENOCMENDOZARIASCOS;015;01;PRESIDENTE;NO;;;126;BUEN ESTADO;126;0;6;126;NO;;NO;;;;NO;NO;NO;NO;NO;NO;NO;NO;
21;MAGDALENA;016;CIENAGA;02;03;I.E.ENOCMENDOZARIASCOS;016;01;PRESIDENTE;NO;;;133;BUEN ESTADO;133;0;6;133;SI;TIENE UNA ENMENDADURA PERO AL SUMAR SI COINCIDE;NO;;;;NO;NO;NO;NO;NO;NO;NO;NO;
21;MAGDALENA;016;CIENAGA;02;03;I.E.ENOCMENDOZARIASCOS;017;01;PRESIDENTE;NO;;;120;BUEN ESTADO;120;0;6;120;NO;;NO;;;;NO;NO;NO;NO;NO;NO;SI;NO;
21;MAGDALENA;016;CIENAGA;02;03;I.E.ENOCMENDOZARIASCOS;018;01;PRESIDENTE;NO;;;140;BUEN ESTADO;140;0;6;140;NO;;NO;;;;NO;NO;NO;NO;NO;NO;NO;NO;
21;MAGDALENA;016;CIENAGA;02;03;I.E.ENOCMENDOZARIASCOS;019;01;PRESIDENTE;NO;;;98;BUEN ESTADO;98;0;6;98;NO;;NO;;;;NO;NO;NO;NO;NO;NO;SI;NO;
21;MAGDALENA;016;CIENAGA;02;03;I.E.ENOCMENDOZARIASCOS;020;01;PRESIDENTE;NO;;;50;BUEN ESTADO;50;0;6;50;NO;;NO;;;;NO;NO;NO;NO;NO;NO;NO;NO;
21;MAGDALENA;016;CIENAGA;02;04;I.E.LICEOMODERNODELSUR;001;01;PRESIDENTE;NO;;;151;BUEN ESTADO;151;0;6;151;NO;;NO;;;;NO;NO;NO;NO;NO;NO;SI;NO;
21;MAGDALENA;016;CIENAGA;02;04;I.E.LICEOMODERNODELSUR;002;01;PRESIDENTE;NO;;;234;BUEN ESTADO;234;0;6;234;NO;;NO;;;;NO;NO;NO;NO;NO;NO;SI;NO;
21;MAGDALENA;016;CIENAGA;02;04;I.E.LICEOMODERNODELSUR;003;01;PRESIDENTE;NO;;;208;BUEN ESTADO;207;0;6;208;NO;;NO;;;;NO;NO;NO;NO;NO;NO;SI;NO;
21;MAGDALENA;016;CIENAGA;02;04;I.E.LICEOMODERNODELSUR;004;01;PRESIDENTE;NO;;;188;BUEN ESTADO;188;0;6;188;NO;;NO;;;;NO;NO;NO;NO;NO;NO;NO;NO;
21;MAGDALENA;016;CIENAGA;02;04;I.E.LICEOMODERNODELSUR;005;01;PRESIDENTE;NO;;;142;BUEN ESTADO;142;0;6;142;NO;;NO;;;;NO;NO;NO;NO;NO;NO;SI;NO;
21;MAGDALENA;016;CIENAGA;02;04;I.E.LICEOMODERNODELSUR;006;01;PRESIDENTE;NO;;;158;BUEN ESTADO;158;0;6;158;NO;;NO;;;;NO;NO;NO;NO;NO;NO;SI;NO;
21;MAGDALENA;016;CIENAGA;02;04;I.E.LICEOMODERNODELSUR;007;01;PRESIDENTE;NO;;;209;BUEN ESTADO;209;0;6;209;NO;;NO;;;;NO;NO;NO;NO;NO;NO;SI;NO;
21;MAGDALENA;016;CIENAGA;02;04;I.E.LICEOMODERNODELSUR;008;01;PRESIDENTE;NO;;;212;BUEN ESTADO;212;0;6;212;NO;;NO;;;;NO;NO;NO;NO;NO;NO;NO;NO;
21;MAGDALENA;016;CIENAGA;02;04;I.E.LICEOMODERNODELSUR;009;01;PRESIDENTE;NO;;;201;BUEN ESTADO;201;0;6;201;NO;;NO;;;;NO;NO;NO;NO;NO;NO;SI;NO;
21;MAGDALENA;016;CIENAGA;02;04;I.E.LICEOMODERNODELSUR;010;01;PRESIDENTE;NO;;;205;BUEN ESTADO;205;0;6;205;NO;;NO;;;;NO;NO;NO;NO;NO;NO;SI;NO;
21;MAGDALENA;016;CIENAGA;02;04;I.E.LICEOMODERNODELSUR;011;01;PRESIDENTE;NO;;;159;BUEN ESTADO;159;0;6;159;NO;;NO;;;;NO;NO;NO;NO;NO;NO;NO;NO;
21;MAGDALENA;016;CIENAGA;02;04;I.E.LICEOMODERNODELSUR;012;01;PRESIDENTE;NO;;;137;BUEN ESTADO;137;0;6;137;NO;;NO;;;;NO;NO;NO;NO;NO;NO;SI;NO;
21;MAGDALENA;016;CIENAGA;02;04;I.E.LICEOMODERNODELSUR;013;01;PRESIDENTE;NO;;;103;BUEN ESTADO;103;0;6;103;NO;;NO;;;;NO;NO;NO;NO;NO;NO;NO;NO;
21;MAGDALENA;016;CIENAGA;02;04;I.E.LICEOMODERNODELSUR;014;01;PRESIDENTE;NO;;;116;BUEN ESTADO;116;0;6;116;NO;;NO;;;;NO;NO;NO;NO;NO;NO;SI;NO;
21;MAGDALENA;016;CIENAGA;02;04;I.E.LICEOMODERNODELSUR;015;01;PRESIDENTE;NO;;;122;BUEN ESTADO;121;0;6;122;NO;;NO;;;;NO;NO;NO;NO;NO;NO;SI;NO;
21;MAGDALENA;016;CIENAGA;02;04;I.E.LICEOMODERNODELSUR;016;01;PRESIDENTE;NO;;;104;BUEN ESTADO;104;0;6;104;NO;;NO;;;;NO;NO;NO;NO;NO;NO;NO;NO;
21;MAGDALENA;016;CIENAGA;02;04;I.E.LICEOMODERNODELSUR;017;01;PRESIDENTE;NO;;;132;BUEN ESTADO;132;0;6;132;NO;;NO;;;;NO;NO;NO;NO;NO;NO;SI;NO;
21;MAGDALENA;016;CIENAGA;02;04;I.E.LICEOMODERNODELSUR;018;01;PRESIDENTE;NO;;;137;BUEN ESTADO;137;0;6;137;NO;;NO;;;;NO;NO;NO;NO;NO;NO;NO;NO;
21;MAGDALENA;016;CIENAGA;02;04;I.E.LICEOMODERNODELSUR;019;01;PRESIDENTE;NO;;;142;BUEN ESTADO;142;0;6;142;NO;;NO;;;;NO;NO;NO;NO;NO;NO;SI;NO;
21;MAGDALENA;016;CIENAGA;02;04;I.E.LICEOMODERNODELSUR;020;01;PRESIDENTE;NO;;;126;BUEN ESTADO;126;0;6;126;NO;;NO;;;;NO;NO;NO;NO;NO;NO;NO;NO;
21;MAGDALENA;016;CIENAGA;02;04;I.E.LICEOMODERNODELSUR;021;01;PRESIDENTE;NO;;;143;BUEN ESTADO;143;0;6;143;NO;;NO;;;;NO;NO;NO;NO;NO;NO;SI;NO;
21;MAGDALENA;016;CIENAGA;02;04;I.E.LICEOMODERNODELSUR;022;01;PRESIDENTE;NO;;;133;BUEN ESTADO;133;0;6;133;NO;;NO;;;;NO;NO;NO;NO;NO;NO;NO;NO;
21;MAGDALENA;016;CIENAGA;02;04;I.E.LICEOMODERNODELSUR;023;01;PRESIDENTE;NO;;;130;BUEN ESTADO;130;0;6;130;NO;;NO;;;SE DEJA CONSTANCIA QUE EL JURADO DE VOTACION NO DILIGENCIO LA CASILLA SI HUBO O NO RECONTEO;NO;NO;NO;NO;NO;NO;SI;NO;
21;MAGDALENA;016;CIENAGA;02;04;I.E.LICEOMODERNODELSUR;024;01;PRESIDENTE;NO;;;103;BUEN ESTADO;103;0;6;103;NO;;NO;;;;NO;NO;NO;NO;NO;NO;NO;NO;
21;MAGDALENA;016;CIENAGA;02;05;I.E.LICEOMODERNODELSUR,SD.4;001;01;PRESIDENTE;NO;;;174;BUEN ESTADO;174;0;6;174;NO;;NO;;;;NO;NO;NO;NO;NO;NO;SI;NO;
21;MAGDALENA;016;CIENAGA;02;05;I.E.LICEOMODERNODELSUR,SD.4;002;01;PRESIDENTE;NO;;;238;BUEN ESTADO;238;0;6;238;NO;;NO;;;;NO;NO;NO;NO;NO;NO;SI;NO;
21;MAGDALENA;016;CIENAGA;02;05;I.E.LICEOMODERNODELSUR,SD.4;003;01;PRESIDENTE;NO;;;213;BUEN ESTADO;213;0;6;213;NO;;NO;;;;NO;NO;NO;NO;NO;NO;SI;NO;
21;MAGDALENA;016;CIENAGA;02;05;I.E.LICEOMODERNODELSUR,SD.4;004;01;PRESIDENTE;NO;;;152;BUEN ESTADO;152;0;6;152;NO;;NO;;;;NO;NO;NO;NO;NO;NO;SI;NO;
21;MAGDALENA;016;CIENAGA;02;05;I.E.LICEOMODERNODELSUR,SD.4;005;01;PRESIDENTE;NO;;;187;BUEN ESTADO;187;0;6;187;NO;;NO;;;;NO;NO;NO;NO;NO;NO;SI;NO;
21;MAGDALENA;016;CIENAGA;02;05;I.E.LICEOMODERNODELSUR,SD.4;006;01;PRESIDENTE;NO;;;233;BUEN ESTADO;233;0;6;233;NO;;NO;;;;NO;NO;NO;NO;NO;NO;NO;NO;
21;MAGDALENA;016;CIENAGA;02;05;I.E.LICEOMODERNODELSUR,SD.4;007;01;PRESIDENTE;NO;;;187;BUEN ESTADO;187;0;6;187;NO;;NO;;;;NO;NO;NO;NO;NO;NO;SI;NO;
21;MAGDALENA;016;CIENAGA;02;05;I.E.LICEOMODERNODELSUR,SD.4;008;01;PRESIDENTE;NO;;;215;BUEN ESTADO;215;0;6;215;NO;;NO;;;;NO;NO;NO;NO;NO;NO;SI;NO;
21;MAGDALENA;016;CIENAGA;02;05;I.E.LICEOMODERNODELSUR,SD.4;009;01;PRESIDENTE;NO;;;209;BUEN ESTADO;209;0;6;209;NO;;NO;;;;NO;NO;NO;NO;NO;NO;SI;NO;
21;MAGDALENA;016;CIENAGA;02;05;I.E.LICEOMODERNODELSUR,SD.4;010;01;PRESIDENTE;NO;;;153;BUEN ESTADO;153;0;6;153;NO;;NO;;;;NO;NO;NO;NO;NO;NO;NO;NO;
21;MAGDALENA;016;CIENAGA;02;05;I.E.LICEOMODERNODELSUR,SD.4;011;01;PRESIDENTE;NO;;;139;BUEN ESTADO;139;0;6;139;NO;;NO;;;;NO;NO;NO;NO;NO;NO;SI;NO;
21;MAGDALENA;016;CIENAGA;02;05;I.E.LICEOMODERNODELSUR,SD.4;012;01;PRESIDENTE;NO;;;146;BUEN ESTADO;146;0;6;146;NO;;NO;;;;NO;NO;NO;NO;NO;NO;NO;NO;
21;MAGDALENA;016;CIENAGA;02;05;I.E.LICEOMODERNODELSUR,SD.4;013;01;PRESIDENTE;NO;;;154;BUEN ESTADO;154;0;6;154;NO;;NO;;;;NO;NO;NO;NO;NO;NO;NO;NO;
21;MAGDALENA;016;CIENAGA;02;05;I.E.LICEOMODERNODELSUR,SD.4;014;01;PRESIDENTE;NO;;;156;BUEN ESTADO;156;0;6;156;NO;;NO;;;;NO;NO;NO;NO;NO;NO;SI;NO;
21;MAGDALENA;016;CIENAGA;02;05;I.E.LICEOMODERNODELSUR,SD.4;015;01;PRESIDENTE;NO;;;144;BUEN ESTADO;144;0;6;144;NO;;NO;;;;NO;NO;NO;NO;NO;NO;SI;NO;
21;MAGDALENA;016;CIENAGA;02;05;I.E.LICEOMODERNODELSUR,SD.4;016;01;PRESIDENTE;NO;;;114;BUEN ESTADO;114;0;6;114;NO;;NO;;;;NO;NO;NO;NO;NO;NO;NO;NO;
21;MAGDALENA;016;CIENAGA;02;06;I.E.ELCARMEN;001;01;PRESIDENTE;NO;;;175;BUEN ESTADO;175;0;6;175;NO;;NO;;;;NO;NO;NO;NO;NO;NO;SI;NO;
21;MAGDALENA;016;CIENAGA;02;06;I.E.ELCARMEN;002;01;PRESIDENTE;NO;;;196;BUEN ESTADO;196;0;6;196;NO;;NO;;;;NO;NO;NO;NO;NO;NO;SI;NO;
21;MAGDALENA;016;CIENAGA;02;06;I.E.ELCARMEN;003;01;PRESIDENTE;NO;;;173;BUEN ESTADO;173;0;6;173;NO;;NO;;;;NO;NO;NO;NO;NO;NO;NO;NO;
21;MAGDALENA;016;CIENAGA;02;06;I.E.ELCARMEN;004;01;PRESIDENTE;NO;;;164;BUEN ESTADO;164;0;6;164;NO;;NO;;;;NO;NO;NO;NO;NO;NO;SI;NO;
21;MAGDALENA;016;CIENAGA;02;06;I.E.ELCARMEN;005;01;PRESIDENTE;NO;;;221;BUEN ESTADO;221;0;6;221;NO;;NO;;;;NO;NO;NO;NO;NO;NO;SI;NO;
21;MAGDALENA;016;CIENAGA;02;06;I.E.ELCARMEN;006;01;PRESIDENTE;NO;;;197;BUEN ESTADO;197;0;6;197;NO;;NO;;;;NO;NO;NO;NO;NO;NO;SI;NO;
21;MAGDALENA;016;CIENAGA;02;06;I.E.ELCARMEN;007;01;PRESIDENTE;NO;;;139;BUEN ESTADO;139;0;6;139;NO;;NO;;;;NO;NO;NO;NO;NO;NO;NO;NO;
21;MAGDALENA;016;CIENAGA;02;06;I.E.ELCARMEN;008;01;PRESIDENTE;NO;;;132;BUEN ESTADO;132;0;6;132;NO;;NO;;;;NO;NO;NO;NO;NO;NO;SI;NO;
21;MAGDALENA;016;CIENAGA;02;06;I.E.ELCARMEN;009;01;PRESIDENTE;NO;;;136;BUEN ESTADO;136;0;6;136;NO;;NO;;;;NO;NO;NO;NO;NO;NO;NO;NO;
21;MAGDALENA;016;CIENAGA;02;06;I.E.ELCARMEN;010;01;PRESIDENTE;NO;;;148;BUEN ESTADO;148;0;6;148;NO;;NO;;;;NO;NO;NO;NO;NO;NO;NO;NO;
21;MAGDALENA;016;CIENAGA;02;06;I.E.ELCARMEN;011;01;PRESIDENTE;NO;;;159;BUEN ESTADO;159;0;6;159;NO;;NO;;;;NO;NO;NO;NO;NO;NO;SI;NO;
21;MAGDALENA;016;CIENAGA;02;06;I.E.ELCARMEN;012;01;PRESIDENTE;NO;;;112;BUEN ESTADO;112;0;6;112;NO;;NO;;;;NO;NO;NO;NO;NO;NO;SI;NO;
21;MAGDALENA;016;CIENAGA;02;07;I.E.MANUELJ.DELCASTILLO;001;01;PRESIDENTE;NO;;;202;BUEN ESTADO;202;0;6;202;NO;;NO;;;;NO;NO;NO;NO;NO;NO;NO;NO;
21;MAGDALENA;016;CIENAGA;02;07;I.E.MANUELJ.DELCASTILLO;002;01;PRESIDENTE;NO;;;248;BUEN ESTADO;248;0;6;248;NO;;NO;;;;NO;NO;NO;NO;NO;NO;NO;NO;
21;MAGDALENA;016;CIENAGA;02;07;I.E.MANUELJ.DELCASTILLO;003;01;PRESIDENTE;NO;;;233;BUEN ESTADO;233;0;6;233;NO;;NO;;;;NO;NO;NO;NO;NO;NO;SI;NO;
21;MAGDALENA;016;CIENAGA;02;07;I.E.MANUELJ.DELCASTILLO;004;01;PRESIDENTE;NO;;;211;BUEN ESTADO;211;0;6;211;NO;;NO;;;;NO;NO;NO;NO;NO;NO;NO;NO;
21;MAGDALENA;016;CIENAGA;02;07;I.E.MANUELJ.DELCASTILLO;005;01;PRESIDENTE;NO;;;173;BUEN ESTADO;173;0;6;173;NO;;NO;;;;NO;NO;NO;NO;NO;NO;SI;NO;
21;MAGDALENA;016;CIENAGA;02;07;I.E.MANUELJ.DELCASTILLO;006;01;PRESIDENTE;NO;;;193;BUEN ESTADO;191;0;6;193;NO;;NO;;;;NO;NO;NO;NO;NO;NO;SI;NO;
21;MAGDALENA;016;CIENAGA;02;07;I.E.MANUELJ.DELCASTILLO;007;01;PRESIDENTE;NO;;;227;BUEN ESTADO;227;0;6;227;NO;;NO;;;;NO;NO;NO;NO;NO;NO;SI;NO;
21;MAGDALENA;016;CIENAGA;02;07;I.E.MANUELJ.DELCASTILLO;008;01;PRESIDENTE;NO;;;204;BUEN ESTADO;204;0;6;204;NO;;NO;;;;NO;NO;NO;NO;NO;NO;SI;NO;
21;MAGDALENA;016;CIENAGA;02;07;I.E.MANUELJ.DELCASTILLO;009;01;PRESIDENTE;NO;;;209;BUEN ESTADO;209;0;6;209;NO;;NO;;;;NO;NO;NO;NO;NO;NO;SI;NO;
21;MAGDALENA;016;CIENAGA;02;07;I.E.MANUELJ.DELCASTILLO;010;01;PRESIDENTE;NO;;;207;BUEN ESTADO;207;0;6;207;NO;;NO;;;;NO;NO;NO;NO;NO;NO;SI;NO;
21;MAGDALENA;016;CIENAGA;02;07;I.E.MANUELJ.DELCASTILLO;011;01;PRESIDENTE;NO;;;210;BUEN ESTADO;210;0;6;210;NO;;NO;;;;NO;NO;NO;NO;NO;NO;NO;NO;
21;MAGDALENA;016;CIENAGA;02;07;I.E.MANUELJ.DELCASTILLO;012;01;PRESIDENTE;NO;;;167;BUEN ESTADO;167;0;6;167;NO;;NO;;;;NO;NO;NO;NO;NO;NO;SI;NO;
21;MAGDALENA;016;CIENAGA;02;07;I.E.MANUELJ.DELCASTILLO;013;01;PRESIDENTE;NO;;;127;BUEN ESTADO;127;0;6;127;NO;;NO;;;;NO;NO;NO;NO;NO;NO;NO;NO;
21;MAGDALENA;016;CIENAGA;02;07;I.E.MANUELJ.DELCASTILLO;014;01;PRESIDENTE;NO;;;125;BUEN ESTADO;125;0;6;125;NO;;NO;;;;NO;NO;NO;NO;NO;NO;SI;NO;
21;MAGDALENA;016;CIENAGA;02;07;I.E.MANUELJ.DELCASTILLO;015;01;PRESIDENTE;NO;;;142;BUEN ESTADO;142;0;6;142;NO;;NO;;;;NO;NO;NO;NO;NO;NO;SI;NO;
21;MAGDALENA;016;CIENAGA;02;07;I.E.MANUELJ.DELCASTILLO;016;01;PRESIDENTE;NO;;;121;BUEN ESTADO;121;0;6;121;NO;;NO;;;;NO;NO;NO;NO;NO;NO;NO;NO;
21;MAGDALENA;016;CIENAGA;02;07;I.E.MANUELJ.DELCASTILLO;017;01;PRESIDENTE;NO;;;115;BUEN ESTADO;115;0;6;115;NO;;NO;;;;NO;NO;NO;NO;NO;NO;NO;NO;
21;MAGDALENA;016;CIENAGA;02;07;I.E.MANUELJ.DELCASTILLO;018;01;PRESIDENTE;NO;;;135;BUEN ESTADO;135;0;6;135;NO;;NO;;;;NO;NO;NO;NO;NO;NO;SI;NO;
21;MAGDALENA;016;CIENAGA;02;07;I.E.MANUELJ.DELCASTILLO;019;01;PRESIDENTE;NO;;;128;BUEN ESTADO;128;0;6;128;NO;;NO;;;;NO;NO;NO;NO;NO;NO;NO;NO;
21;MAGDALENA;016;CIENAGA;02;07;I.E.MANUELJ.DELCASTILLO;020;01;PRESIDENTE;NO;;;133;BUEN ESTADO;133;0;6;133;NO;;NO;;;;NO;NO;NO;NO;NO;NO;SI;NO;
21;MAGDALENA;016;CIENAGA;02;07;I.E.MANUELJ.DELCASTILLO;021;01;PRESIDENTE;NO;;;136;BUEN ESTADO;136;0;6;136;NO;;NO;;;;NO;NO;NO;NO;NO;NO;SI;NO;
21;MAGDALENA;016;CIENAGA;02;07;I.E.MANUELJ.DELCASTILLO;022;01;PRESIDENTE;NO;;;135;BUEN ESTADO;135;0;6;135;NO;;NO;;;;NO;NO;NO;NO;NO;NO;NO;NO;
21;MAGDALENA;016;CIENAGA;02;07;I.E.MANUELJ.DELCASTILLO;023;01;PRESIDENTE;NO;;;139;BUEN ESTADO;139;0;6;139;NO;;NO;;;;NO;NO;NO;NO;NO;NO;SI;NO;
21;MAGDALENA;016;CIENAGA;02;07;I.E.MANUELJ.DELCASTILLO;024;01;PRESIDENTE;NO;;;138;BUEN ESTADO;138;0;6;138;NO;;NO;;;;NO;NO;NO;NO;NO;NO;SI;NO;
21;MAGDALENA;016;CIENAGA;02;07;I.E.MANUELJ.DELCASTILLO;025;01;PRESIDENTE;NO;;;124;BUEN ESTADO;124;0;6;124;NO;;NO;;;;NO;NO;NO;NO;NO;NO;SI;NO;
21;MAGDALENA;016;CIENAGA;02;07;I.E.MANUELJ.DELCASTILLO;026;01;PRESIDENTE;NO;;;162;BUEN ESTADO;162;0;6;162;NO;;NO;;;;NO;NO;NO;NO;NO;NO;NO;NO;
21;MAGDALENA;016;CIENAGA;02;07;I.E.MANUELJ.DELCASTILLO;027;01;PRESIDENTE;NO;;;53;BUEN ESTADO;53;0;6;53;NO;;NO;;;;NO;NO;NO;NO;NO;NO;NO;NO;
21;MAGDALENA;016;CIENAGA;02;08;I.E.12DEOCTUBRE;001;01;PRESIDENTE;NO;;;220;BUEN ESTADO;220;0;5;220;NO;;NO;;;;NO;NO;NO;NO;NO;NO;NO;NO;
21;MAGDALENA;016;CIENAGA;02;08;I.E.12DEOCTUBRE;002;01;PRESIDENTE;NO;;;188;BUEN ESTADO;188;0;6;188;NO;;NO;;;;NO;NO;NO;NO;NO;NO;NO;NO;
21;MAGDALENA;016;CIENAGA;02;08;I.E.12DEOCTUBRE;003;01;PRESIDENTE;NO;;;124;BUEN ESTADO;124;0;6;124;NO;;NO;;;;NO;NO;NO;NO;NO;NO;NO;NO;
21;MAGDALENA;016;CIENAGA;02;08;I.E.12DEOCTUBRE;004;01;PRESIDENTE;NO;;;118;BUEN ESTADO;118;0;6;118;NO;;NO;;;;NO;NO;NO;NO;NO;NO;NO;NO;
21;MAGDALENA;016;CIENAGA;90;01;IEVIRGINIAGOMEZSEDE3;001;01;PRESIDENTE;NO;;;168;BUEN ESTADO;167;0;6;168;NO;;NO;;;;NO;NO;NO;NO;NO;NO;SI;NO;
21;MAGDALENA;016;CIENAGA;90;01;IEVIRGINIAGOMEZSEDE3;002;01;PRESIDENTE;NO;;;161;BUEN ESTADO;161;0;6;161;NO;;NO;;;;NO;NO;NO;NO;NO;NO;SI;NO;
21;MAGDALENA;016;CIENAGA;90;01;IEVIRGINIAGOMEZSEDE3;003;01;PRESIDENTE;NO;;;152;BUEN ESTADO;152;0;6;152;NO;;NO;;;;NO;NO;NO;NO;NO;NO;NO;NO;
21;MAGDALENA;016;CIENAGA;90;01;IEVIRGINIAGOMEZSEDE3;004;01;PRESIDENTE;NO;;;178;BUEN ESTADO;178;0;6;178;NO;;NO;;;;NO;NO;NO;NO;NO;NO;SI;NO;
21;MAGDALENA;016;CIENAGA;90;01;IEVIRGINIAGOMEZSEDE3;005;01;PRESIDENTE;NO;;;185;BUEN ESTADO;185;0;6;185;NO;;NO;;;;NO;NO;NO;NO;NO;NO;SI;NO;
21;MAGDALENA;016;CIENAGA;90;01;IEVIRGINIAGOMEZSEDE3;006;01;PRESIDENTE;NO;;;184;BUEN ESTADO;184;0;6;184;NO;;NO;;;;NO;NO;NO;NO;NO;NO;SI;NO;
21;MAGDALENA;016;CIENAGA;90;01;IEVIRGINIAGOMEZSEDE3;007;01;PRESIDENTE;NO;;;195;BUEN ESTADO;195;0;6;195;NO;;NO;;;;NO;NO;NO;NO;NO;NO;SI;NO;
21;MAGDALENA;016;CIENAGA;90;01;IEVIRGINIAGOMEZSEDE3;008;01;PRESIDENTE;NO;;;201;BUEN ESTADO;201;0;6;201;NO;;NO;;;;NO;NO;NO;NO;NO;NO;NO;NO;
21;MAGDALENA;016;CIENAGA;90;01;IEVIRGINIAGOMEZSEDE3;009;01;PRESIDENTE;NO;;;200;BUEN ESTADO;200;0;6;200;NO;;NO;;;;NO;NO;NO;NO;NO;NO;SI;NO;
21;MAGDALENA;016;CIENAGA;90;01;IEVIRGINIAGOMEZSEDE3;010;01;PRESIDENTE;NO;;;173;BUEN ESTADO;173;0;6;173;NO;;NO;;;;NO;NO;NO;NO;NO;NO;NO;NO;
21;MAGDALENA;016;CIENAGA;90;01;IEVIRGINIAGOMEZSEDE3;011;01;PRESIDENTE;NO;;;87;BUEN ESTADO;87;0;6;87;NO;;NO;;;;NO;NO;NO;NO;NO;NO;NO;NO;
21;MAGDALENA;016;CIENAGA;99;04;SANPEDRODELASIERRA;001;01;PRESIDENTE;NO;;;147;BUEN ESTADO;147;0;6;147;NO;;NO;;;;NO;NO;NO;NO;NO;NO;NO;NO;
21;MAGDALENA;016;CIENAGA;99;04;SANPEDRODELASIERRA;002;01;PRESIDENTE;NO;;;186;BUEN ESTADO;186;0;6;186;NO;;NO;;;;NO;NO;NO;NO;NO;NO;NO;NO;
21;MAGDALENA;016;CIENAGA;99;04;SANPEDRODELASIERRA;003;01;PRESIDENTE;NO;;;151;BUEN ESTADO;151;0;6;151;NO;;NO;;;;NO;NO;NO;NO;NO;NO;NO;NO;
21;MAGDALENA;016;CIENAGA;99;04;SANPEDRODELASIERRA;004;01;PRESIDENTE;NO;;;105;BUEN ESTADO;105;0;6;105;NO;;NO;;;;NO;NO;NO;NO;NO;NO;NO;NO;
21;MAGDALENA;016;CIENAGA;99;07;PALMOR;001;01;PRESIDENTE;NO;;;169;BUEN ESTADO;169;0;6;169;NO;;NO;;;;NO;NO;NO;NO;NO;NO;SI;NO;
21;MAGDALENA;016;CIENAGA;99;07;PALMOR;002;01;PRESIDENTE;NO;;;195;BUEN ESTADO;195;0;6;195;NO;;NO;;;;NO;NO;NO;NO;NO;NO;NO;NO;
21;MAGDALENA;016;CIENAGA;99;07;PALMOR;003;01;PRESIDENTE;NO;;;167;BUEN ESTADO;167;0;6;167;NO;;NO;;;;NO;NO;NO;NO;NO;NO;NO;NO;
21;MAGDALENA;016;CIENAGA;99;07;PALMOR;004;01;PRESIDENTE;NO;;;188;BUEN ESTADO;188;0;6;188;NO;;NO;;;;NO;NO;NO;NO;NO;NO;NO;NO;
21;MAGDALENA;016;CIENAGA;99;07;PALMOR;005;01;PRESIDENTE;NO;;;166;BUEN ESTADO;166;0;6;166;NO;;NO;;;;NO;NO;NO;NO;NO;NO;NO;NO;
21;MAGDALENA;016;CIENAGA;99;07;PALMOR;006;01;PRESIDENTE;NO;;;150;BUEN ESTADO;150;0;6;150;NO;;NO;;;;NO;NO;NO;NO;NO;NO;NO;NO;
21;MAGDALENA;016;CIENAGA;99;07;PALMOR;007;01;PRESIDENTE;NO;;;121;BUEN ESTADO;121;0;6;121;NO;;NO;;;;NO;NO;NO;NO;NO;NO;NO;NO;
21;MAGDALENA;016;CIENAGA;99;07;PALMOR;008;01;PRESIDENTE;NO;;;57;BUEN ESTADO;57;0;6;57;NO;;NO;;;;NO;NO;NO;NO;NO;NO;NO;NO;
21;MAGDALENA;016;CIENAGA;99;10;LAISABEL;001;01;PRESIDENTE;NO;;;145;BUEN ESTADO;145;0;6;145;NO;;NO;;;;NO;NO;NO;NO;NO;NO;SI;NO;
21;MAGDALENA;016;CIENAGA;99;10;LAISABEL;002;01;PRESIDENTE;NO;;;82;BUEN ESTADO;82;0;6;82;NO;;NO;;;;NO;NO;NO;NO;NO;NO;NO;NO;
21;MAGDALENA;016;CIENAGA;99;13;SIBERIA;001;01;PRESIDENTE;NO;;;130;BUEN ESTADO;130;0;6;130;NO;;NO;;;;NO;NO;NO;NO;NO;NO;SI;NO;
21;MAGDALENA;016;CIENAGA;99;13;SIBERIA;002;01;PRESIDENTE;NO;;;62;BUEN ESTADO;62;0;6;62;NO;;NO;;;;NO;NO;NO;NO;NO;NO;SI;NO;
21;MAGDALENA;016;CIENAGA;99;20;SEVILLANO;001;01;PRESIDENTE;NO;;;153;BUEN ESTADO;153;0;6;153;NO;;NO;;;;NO;NO;NO;NO;NO;NO;SI;NO;
21;MAGDALENA;016;CIENAGA;99;20;SEVILLANO;002;01;PRESIDENTE;NO;;;115;BUEN ESTADO;115;0;6;115;NO;;NO;;;;NO;NO;NO;NO;NO;NO;SI;NO;
21;MAGDALENA;016;CIENAGA;99;20;SEVILLANO;003;01;PRESIDENTE;NO;;;121;BUEN ESTADO;121;0;6;121;NO;;NO;;;;NO;NO;NO;NO;NO;NO;NO;NO;
21;MAGDALENA;016;CIENAGA;99;20;SEVILLANO;004;01;PRESIDENTE;NO;;;88;BUEN ESTADO;88;0;6;88;NO;;NO;;;;NO;NO;NO;NO;NO;NO;SI;NO;
21;MAGDALENA;016;CIENAGA;99;20;SEVILLANO;005;01;PRESIDENTE;NO;;;84;BUEN ESTADO;84;0;6;84;NO;;NO;;;;NO;NO;NO;NO;NO;NO;NO;NO;
21;MAGDALENA;016;CIENAGA;99;20;SEVILLANO;006;01;PRESIDENTE;NO;;;63;BUEN ESTADO;63;0;6;63;NO;;NO;;;;NO;NO;NO;NO;NO;NO;SI;NO;
21;MAGDALENA;016;CIENAGA;99;20;SEVILLANO;007;01;PRESIDENTE;NO;;;76;BUEN ESTADO;76;0;6;76;NO;;NO;;;;NO;NO;NO;NO;NO;NO;SI;NO;
21;MAGDALENA;016;CIENAGA;99;21;CORDOBITA;001;01;PRESIDENTE;NO;;;182;BUEN ESTADO;182;1;6;182;NO;;NO;;;;NO;NO;NO;NO;NO;NO;SI;NO;
21;MAGDALENA;016;CIENAGA;99;21;CORDOBITA;002;01;PRESIDENTE;NO;;;167;BUEN ESTADO;167;0;6;167;NO;;NO;;;;NO;NO;NO;NO;NO;NO;NO;NO;
21;MAGDALENA;016;CIENAGA;99;21;CORDOBITA;003;01;PRESIDENTE;NO;;;134;BUEN ESTADO;134;0;6;134;NO;;NO;;;;NO;NO;NO;NO;NO;NO;SI;NO;
21;MAGDALENA;016;CIENAGA;99;21;CORDOBITA;004;01;PRESIDENTE;NO;;;38;BUEN ESTADO;38;0;6;38;NO;;NO;;;;NO;NO;NO;NO;NO;NO;NO;NO;
21;MAGDALENA;016;CIENAGA;99;25;SANJAVIER;001;01;PRESIDENTE;NO;;;233;BUEN ESTADO;233;0;5;233;NO;;NO;;;;NO;NO;NO;NO;NO;NO;NO;NO;
21;MAGDALENA;016;CIENAGA;99;25;SANJAVIER;002;01;PRESIDENTE;NO;;;170;BUEN ESTADO;170;0;5;170;NO;;NO;;;;NO;NO;NO;NO;NO;NO;NO;NO;
21;MAGDALENA;016;CIENAGA;99;25;SANJAVIER;003;01;PRESIDENTE;NO;;;29;BUEN ESTADO;29;0;5;29;NO;;NO;;;;NO;NO;NO;NO;NO;NO;NO;NO;
21;MAGDALENA;020;CONCORDIA;00;00;PUESTOCABECERAMUNICIPAL;001;01;PRESIDENTE;NO;;;173;BUEN ESTADO;173;0;6;173;NO;;NO;;;;NO;NO;NO;NO;NO;NO;SI;NO;
21;MAGDALENA;020;CONCORDIA;00;00;PUESTOCABECERAMUNICIPAL;002;01;PRESIDENTE;NO;;;195;BUEN ESTADO;195;0;6;195;NO;;NO;;;;NO;NO;NO;NO;NO;NO;NO;NO;
21;MAGDALENA;020;CONCORDIA;00;00;PUESTOCABECERAMUNICIPAL;003;01;PRESIDENTE;NO;;;164;BUEN ESTADO;164;0;6;164;NO;;NO;;;;NO;NO;NO;NO;NO;NO;SI;NO;
21;MAGDALENA;020;CONCORDIA;00;00;PUESTOCABECERAMUNICIPAL;004;01;PRESIDENTE;NO;;;127;BUEN ESTADO;126;0;6;127;NO;;NO;;;;NO;NO;NO;NO;NO;NO;SI;NO;
21;MAGDALENA;020;CONCORDIA;00;00;PUESTOCABECERAMUNICIPAL;005;01;PRESIDENTE;NO;;;160;BUEN ESTADO;160;0;6;160;NO;;NO;;;;NO;NO;NO;NO;NO;NO;SI;NO;
21;MAGDALENA;020;CONCORDIA;00;00;PUESTOCABECERAMUNICIPAL;006;01;PRESIDENTE;NO;;;143;BUEN ESTADO;143;0;6;143;NO;;NO;;;;NO;NO;NO;NO;NO;NO;SI;NO;
21;MAGDALENA;020;CONCORDIA;00;00;PUESTOCABECERAMUNICIPAL;007;01;PRESIDENTE;NO;;;146;BUEN ESTADO;146;0;6;146;NO;;NO;;;;NO;NO;NO;NO;NO;NO;SI;NO;
21;MAGDALENA;020;CONCORDIA;00;00;PUESTOCABECERAMUNICIPAL;008;01;PRESIDENTE;NO;;;142;BUEN ESTADO;142;0;6;142;NO;;NO;;;;NO;NO;NO;NO;NO;NO;SI;NO;
21;MAGDALENA;020;CONCORDIA;00;00;PUESTOCABECERAMUNICIPAL;009;01;PRESIDENTE;NO;;;84;BUEN ESTADO;84;0;6;84;NO;;NO;;;;NO;NO;NO;NO;NO;NO;NO;NO;
21;MAGDALENA;020;CONCORDIA;00;00;PUESTOCABECERAMUNICIPAL;010;01;PRESIDENTE;NO;;;99;BUEN ESTADO;99;0;6;99;NO;;NO;;;;NO;NO;NO;NO;NO;NO;NO;NO;
21;MAGDALENA;020;CONCORDIA;00;00;PUESTOCABECERAMUNICIPAL;011;01;PRESIDENTE;NO;;;88;BUEN ESTADO;88;0;6;88;NO;;NO;;;;NO;NO;NO;NO;NO;NO;NO;NO;
21;MAGDALENA;020;CONCORDIA;00;00;PUESTOCABECERAMUNICIPAL;012;01;PRESIDENTE;NO;;;94;BUEN ESTADO;94;0;6;94;NO;;NO;;;;NO;NO;NO;NO;NO;NO;NO;NO;
21;MAGDALENA;020;CONCORDIA;00;00;PUESTOCABECERAMUNICIPAL;013;01;PRESIDENTE;NO;;;88;BUEN ESTADO;88;0;6;88;NO;;NO;;;;NO;NO;NO;NO;NO;NO;NO;NO;
21;MAGDALENA;020;CONCORDIA;00;00;PUESTOCABECERAMUNICIPAL;014;01;PRESIDENTE;NO;;;92;BUEN ESTADO;93;1;6;92;NO;;NO;;;;NO;NO;NO;NO;NO;NO;NO;NO;
21;MAGDALENA;020;CONCORDIA;00;00;PUESTOCABECERAMUNICIPAL;015;01;PRESIDENTE;NO;;;80;BUEN ESTADO;80;0;6;80;NO;;NO;;;;NO;NO;NO;NO;NO;NO;NO;NO;
21;MAGDALENA;020;CONCORDIA;00;00;PUESTOCABECERAMUNICIPAL;016;01;PRESIDENTE;NO;;;95;BUEN ESTADO;95;0;5;95;NO;;NO;;;;NO;NO;NO;NO;NO;NO;NO;NO;
21;MAGDALENA;020;CONCORDIA;00;00;PUESTOCABECERAMUNICIPAL;017;01;PRESIDENTE;NO;;;50;BUEN ESTADO;50;0;5;50;NO;;NO;;;;NO;NO;NO;NO;NO;NO;NO;NO;
21;MAGDALENA;020;CONCORDIA;99;05;BALSAMO;001;01;PRESIDENTE;NO;;;185;BUEN ESTADO;185;0;6;185;NO;;NO;;;;NO;NO;NO;NO;NO;NO;SI;NO;
21;MAGDALENA;020;CONCORDIA;99;05;BALSAMO;002;01;PRESIDENTE;NO;;;161;BUEN ESTADO;161;0;6;161;NO;;NO;;;;NO;NO;NO;NO;NO;NO;SI;NO;
21;MAGDALENA;020;CONCORDIA;99;05;BALSAMO;003;01;PRESIDENTE;NO;;;183;BUEN ESTADO;183;0;6;183;NO;;NO;;;;NO;NO;NO;NO;NO;NO;NO;NO;
21;MAGDALENA;020;CONCORDIA;99;05;BALSAMO;004;01;PRESIDENTE;NO;;;132;BUEN ESTADO;132;0;6;132;NO;;NO;;;;NO;NO;NO;NO;NO;NO;NO;NO;
21;MAGDALENA;020;CONCORDIA;99;05;BALSAMO;005;01;PRESIDENTE;NO;;;123;BUEN ESTADO;123;0;6;123;NO;;NO;;;;NO;NO;NO;NO;NO;NO;NO;NO;
21;MAGDALENA;020;CONCORDIA;99;05;BALSAMO;006;01;PRESIDENTE;NO;;;47;BUEN ESTADO;47;0;6;47;NO;;NO;;;;NO;NO;NO;NO;NO;NO;SI;NO;
21;MAGDALENA;020;CONCORDIA;99;10;BELLAVISTA;001;01;PRESIDENTE;NO;;;170;BUEN ESTADO;170;0;4;170;NO;;NO;;;;NO;NO;NO;NO;NO;NO;SI;NO;
21;MAGDALENA;020;CONCORDIA;99;10;BELLAVISTA;002;01;PRESIDENTE;NO;;;127;BUEN ESTADO;127;0;5;127;NO;;NO;;;;NO;NO;NO;NO;NO;NO;SI;NO;
21;MAGDALENA;020;CONCORDIA;99;10;BELLAVISTA;003;01;PRESIDENTE;NO;;;140;BUEN ESTADO;140;0;6;140;NO;;NO;;;;NO;NO;NO;NO;NO;NO;NO;NO;
21;MAGDALENA;020;CONCORDIA;99;10;BELLAVISTA;004;01;PRESIDENTE;NO;;;93;BUEN ESTADO;93;0;4;93;NO;;NO;;;;NO;NO;NO;NO;NO;NO;NO;NO;
21;MAGDALENA;020;CONCORDIA;99;10;BELLAVISTA;005;01;PRESIDENTE;NO;;;82;BUEN ESTADO;82;0;5;82;NO;;NO;;;;NO;NO;NO;NO;NO;NO;NO;NO;
21;MAGDALENA;020;CONCORDIA;99;10;BELLAVISTA;006;01;PRESIDENTE;NO;;;42;BUEN ESTADO;42;0;6;42;NO;;NO;;;;NO;NO;NO;NO;NO;NO;NO;NO;
21;MAGDALENA;020;CONCORDIA;99;35;ROSARIODECHENGUE;001;01;PRESIDENTE;NO;;;141;BUEN ESTADO;141;0;6;141;NO;;NO;;;;NO;NO;NO;NO;NO;NO;SI;NO;
21;MAGDALENA;020;CONCORDIA;99;35;ROSARIODECHENGUE;002;01;PRESIDENTE;NO;;;137;BUEN ESTADO;137;0;6;137;NO;;NO;;;;NO;NO;NO;NO;NO;NO;NO;NO;
21;MAGDALENA;020;CONCORDIA;99;35;ROSARIODECHENGUE;003;01;PRESIDENTE;NO;;;160;BUEN ESTADO;160;0;5;160;NO;;NO;;;;NO;NO;NO;NO;NO;NO;SI;NO;
21;MAGDALENA;020;CONCORDIA;99;35;ROSARIODECHENGUE;004;01;PRESIDENTE;NO;;;149;BUEN ESTADO;149;0;6;149;NO;;NO;;;;NO;NO;NO;NO;NO;NO;SI;NO;
21;MAGDALENA;020;CONCORDIA;99;35;ROSARIODECHENGUE;005;01;PRESIDENTE;NO;;;109;BUEN ESTADO;109;0;6;109;NO;;NO;;;;NO;NO;NO;NO;NO;NO;NO;NO;
21;MAGDALENA;020;CONCORDIA;99;35;ROSARIODECHENGUE;006;01;PRESIDENTE;NO;;;87;BUEN ESTADO;87;0;6;87;NO;;NO;;;;NO;NO;NO;NO;NO;NO;NO;NO;
21;MAGDALENA;020;CONCORDIA;99;35;ROSARIODECHENGUE;007;01;PRESIDENTE;NO;;;88;BUEN ESTADO;88;0;6;88;NO;;NO;;;;NO;NO;NO;NO;NO;NO;NO;NO;
21;MAGDALENA;020;CONCORDIA;99;35;ROSARIODECHENGUE;008;01;PRESIDENTE;NO;;;85;BUEN ESTADO;85;0;6;85;NO;;NO;;;;NO;NO;NO;NO;NO;NO;NO;NO;
21;MAGDALENA;025;EL BANCO;01;01;ESCUELALUISLOPEZDEMEZA;001;01;PRESIDENTE;NO;;;201;BUEN ESTADO;201;0;6;201;NO;;NO;;;;NO;NO;NO;NO;NO;NO;SI;NO;
21;MAGDALENA;025;EL BANCO;01;01;ESCUELALUISLOPEZDEMEZA;002;01;PRESIDENTE;NO;;;248;BUEN ESTADO;248;0;6;248;NO;;NO;;;;NO;NO;NO;NO;NO;NO;SI;NO;
21;MAGDALENA;025;EL BANCO;01;01;ESCUELALUISLOPEZDEMEZA;003;01;PRESIDENTE;NO;;;192;BUEN ESTADO;192;0;6;192;NO;;NO;;;;NO;NO;NO;NO;NO;NO;NO;NO;
21;MAGDALENA;025;EL BANCO;01;01;ESCUELALUISLOPEZDEMEZA;004;01;PRESIDENTE;NO;;;245;BUEN ESTADO;245;0;6;245;NO;;NO;;;;NO;NO;NO;NO;NO;NO;SI;NO;
21;MAGDALENA;025;EL BANCO;01;01;ESCUELALUISLOPEZDEMEZA;005;01;PRESIDENTE;NO;;;230;BUEN ESTADO;230;0;5;230;NO;;NO;;;;NO;NO;NO;NO;NO;NO;SI;NO;
21;MAGDALENA;025;EL BANCO;01;01;ESCUELALUISLOPEZDEMEZA;006;01;PRESIDENTE;NO;;;200;BUEN ESTADO;200;0;5;200;NO;;NO;;;;NO;NO;NO;NO;NO;NO;SI;NO;
21;MAGDALENA;025;EL BANCO;01;01;ESCUELALUISLOPEZDEMEZA;007;01;PRESIDENTE;NO;;;113;BUEN ESTADO;113;0;6;113;NO;;NO;;;;NO;NO;NO;NO;NO;NO;SI;NO;
21;MAGDALENA;025;EL BANCO;01;01;ESCUELALUISLOPEZDEMEZA;008;01;PRESIDENTE;NO;;;232;BUEN ESTADO;232;0;6;232;NO;;NO;;;;NO;NO;NO;NO;NO;NO;SI;NO;
21;MAGDALENA;025;EL BANCO;01;01;ESCUELALUISLOPEZDEMEZA;009;01;PRESIDENTE;NO;;;111;BUEN ESTADO;111;0;6;111;NO;;NO;;;;NO;NO;NO;NO;NO;NO;SI;NO;
21;MAGDALENA;025;EL BANCO;01;01;ESCUELALUISLOPEZDEMEZA;010;01;PRESIDENTE;NO;;;116;BUEN ESTADO;116;0;6;116;NO;;NO;;;;NO;NO;NO;NO;NO;NO;NO;NO;
21;MAGDALENA;025;EL BANCO;01;01;ESCUELALUISLOPEZDEMEZA;011;01;PRESIDENTE;NO;;;103;BUEN ESTADO;103;0;6;103;NO;;NO;;;;NO;NO;NO;NO;NO;NO;NO;NO;
21;MAGDALENA;025;EL BANCO;01;01;ESCUELALUISLOPEZDEMEZA;012;01;PRESIDENTE;NO;;;118;BUEN ESTADO;118;0;6;118;NO;;NO;;;;NO;NO;NO;NO;NO;NO;SI;NO;
21;MAGDALENA;025;EL BANCO;01;01;ESCUELALUISLOPEZDEMEZA;013;01;PRESIDENTE;NO;;;118;BUEN ESTADO;118;0;6;118;NO;;NO;;;;NO;NO;NO;NO;NO;NO;SI;NO;
21;MAGDALENA;025;EL BANCO;01;01;ESCUELALUISLOPEZDEMEZA;014;01;PRESIDENTE;NO;;;127;BUEN ESTADO;127;0;6;127;NO;;NO;;;;NO;NO;NO;NO;NO;NO;NO;NO;
21;MAGDALENA;025;EL BANCO;01;01;ESCUELALUISLOPEZDEMEZA;015;01;PRESIDENTE;NO;;;132;BUEN ESTADO;132;0;6;132;NO;;NO;;;;NO;NO;NO;NO;NO;NO;NO;NO;
21;MAGDALENA;025;EL BANCO;01;01;ESCUELALUISLOPEZDEMEZA;016;01;PRESIDENTE;NO;;;154;BUEN ESTADO;154;0;6;154;NO;;NO;;;;NO;NO;NO;NO;NO;NO;SI;NO;
21;MAGDALENA;025;EL BANCO;01;01;ESCUELALUISLOPEZDEMEZA;017;01;PRESIDENTE;NO;;;142;BUEN ESTADO;142;0;6;142;NO;;NO;;;;NO;NO;NO;NO;NO;NO;NO;NO;
21;MAGDALENA;025;EL BANCO;01;01;ESCUELALUISLOPEZDEMEZA;018;01;PRESIDENTE;NO;;;158;BUEN ESTADO;158;0;6;158;NO;;NO;;;;NO;NO;NO;NO;NO;NO;NO;NO;
21;MAGDALENA;025;EL BANCO;01;01;ESCUELALUISLOPEZDEMEZA;019;01;PRESIDENTE;NO;;;133;BUEN ESTADO;133;0;6;133;NO;;NO;;;;NO;NO;NO;NO;NO;NO;SI;NO;
21;MAGDALENA;025;EL BANCO;01;01;ESCUELALUISLOPEZDEMEZA;020;01;PRESIDENTE;NO;;;86;BUEN ESTADO;86;0;6;86;NO;;NO;;;;NO;NO;NO;NO;NO;NO;SI;NO;
21;MAGDALENA;025;EL BANCO;01;02;COL.SANTATERESADEJESUS;001;01;PRESIDENTE;NO;;;221;BUEN ESTADO;221;0;6;221;NO;;NO;;;;NO;NO;NO;NO;NO;NO;SI;NO;
21;MAGDALENA;025;EL BANCO;01;02;COL.SANTATERESADEJESUS;002;01;PRESIDENTE;NO;;;271;BUEN ESTADO;271;0;6;271;NO;;NO;;;;NO;NO;NO;NO;NO;NO;SI;NO;
21;MAGDALENA;025;EL BANCO;01;02;COL.SANTATERESADEJESUS;003;01;PRESIDENTE;NO;;;200;BUEN ESTADO;200;0;6;200;NO;;NO;;;;NO;NO;NO;NO;NO;NO;SI;NO;
21;MAGDALENA;025;EL BANCO;01;02;COL.SANTATERESADEJESUS;004;01;PRESIDENTE;NO;;;215;BUEN ESTADO;215;0;6;215;NO;;NO;;;;NO;NO;NO;NO;NO;NO;NO;NO;
21;MAGDALENA;025;EL BANCO;01;02;COL.SANTATERESADEJESUS;005;01;PRESIDENTE;NO;;;271;BUEN ESTADO;271;0;6;271;NO;;NO;;;;NO;NO;NO;NO;NO;NO;NO;NO;
21;MAGDALENA;025;EL BANCO;01;02;COL.SANTATERESADEJESUS;006;01;PRESIDENTE;NO;;;224;BUEN ESTADO;224;0;6;224;NO;;NO;;;;NO;NO;NO;NO;NO;NO;SI;NO;
21;MAGDALENA;025;EL BANCO;01;02;COL.SANTATERESADEJESUS;007;01;PRESIDENTE;NO;;;177;BUEN ESTADO;177;0;6;177;NO;;NO;;;;NO;NO;NO;NO;NO;NO;NO;NO;
21;MAGDALENA;025;EL BANCO;01;02;COL.SANTATERESADEJESUS;008;01;PRESIDENTE;NO;;;145;BUEN ESTADO;145;0;6;145;NO;;NO;;;;NO;NO;NO;NO;NO;NO;SI;NO;
21;MAGDALENA;025;EL BANCO;01;02;COL.SANTATERESADEJESUS;009;01;PRESIDENTE;NO;;;210;BUEN ESTADO;210;0;6;210;NO;;NO;;;;NO;NO;NO;NO;NO;NO;SI;NO;
21;MAGDALENA;025;EL BANCO;01;02;COL.SANTATERESADEJESUS;010;01;PRESIDENTE;NO;;;259;BUEN ESTADO;259;0;6;259;NO;;NO;;;;NO;NO;NO;NO;NO;NO;NO;NO;
21;MAGDALENA;025;EL BANCO;01;02;COL.SANTATERESADEJESUS;011;01;PRESIDENTE;NO;;;165;BUEN ESTADO;165;0;6;165;NO;;NO;;;;NO;NO;NO;NO;NO;NO;NO;NO;
21;MAGDALENA;025;EL BANCO;01;02;COL.SANTATERESADEJESUS;012;01;PRESIDENTE;NO;;;152;BUEN ESTADO;152;0;6;152;NO;;NO;;;;NO;NO;NO;NO;NO;NO;SI;NO;
21;MAGDALENA;025;EL BANCO;01;02;COL.SANTATERESADEJESUS;013;01;PRESIDENTE;NO;;;136;BUEN ESTADO;136;0;6;136;NO;;NO;;;;NO;NO;NO;NO;NO;NO;NO;NO;
21;MAGDALENA;025;EL BANCO;01;02;COL.SANTATERESADEJESUS;014;01;PRESIDENTE;NO;;;140;BUEN ESTADO;140;0;6;140;NO;;NO;;;;NO;NO;NO;NO;NO;NO;SI;NO;
21;MAGDALENA;025;EL BANCO;01;02;COL.SANTATERESADEJESUS;015;01;PRESIDENTE;NO;;;157;BUEN ESTADO;157;0;6;157;NO;;NO;;;;NO;NO;NO;NO;NO;NO;SI;NO;
21;MAGDALENA;025;EL BANCO;01;02;COL.SANTATERESADEJESUS;016;01;PRESIDENTE;NO;;;163;BUEN ESTADO;163;0;6;163;NO;;NO;;;;NO;NO;NO;NO;NO;NO;NO;NO;
21;MAGDALENA;025;EL BANCO;01;02;COL.SANTATERESADEJESUS;017;01;PRESIDENTE;NO;;;181;BUEN ESTADO;181;0;6;181;NO;;NO;;;;NO;NO;NO;NO;NO;NO;NO;NO;
21;MAGDALENA;025;EL BANCO;01;02;COL.SANTATERESADEJESUS;018;01;PRESIDENTE;NO;;;168;BUEN ESTADO;168;0;6;168;NO;;NO;;;;NO;NO;NO;NO;NO;NO;SI;NO;
21;MAGDALENA;025;EL BANCO;01;02;COL.SANTATERESADEJESUS;019;01;PRESIDENTE;NO;;;21;BUEN ESTADO;21;0;6;21;NO;;NO;;;;NO;NO;NO;NO;NO;NO;NO;NO;
21;MAGDALENA;025;EL BANCO;01;03;ESCUELAURBANAMIXTALACANDELARIA;001;01;PRESIDENTE;NO;;;243;BUEN ESTADO;243;0;5;243;NO;;NO;;;;NO;NO;NO;NO;NO;NO;SI;NO;
21;MAGDALENA;025;EL BANCO;01;03;ESCUELAURBANAMIXTALACANDELARIA;002;01;PRESIDENTE;NO;;;166;BUEN ESTADO;166;0;4;166;NO;;NO;;;;NO;NO;NO;NO;NO;NO;SI;NO;
21;MAGDALENA;025;EL BANCO;01;03;ESCUELAURBANAMIXTALACANDELARIA;003;01;PRESIDENTE;NO;;;38;BUEN ESTADO;38;0;6;38;NO;;NO;;;;NO;NO;NO;NO;NO;NO;NO;NO;
21;MAGDALENA;025;EL BANCO;02;01;I.E.D.JOSEBENITOBARROSPALO;001;01;PRESIDENTE;NO;;;184;BUEN ESTADO;184;0;5;184;NO;;NO;;;;NO;NO;NO;NO;NO;NO;SI;NO;
21;MAGDALENA;025;EL BANCO;02;01;I.E.D.JOSEBENITOBARROSPALO;002;01;PRESIDENTE;NO;;;205;BUEN ESTADO;205;0;6;205;NO;;NO;;;;NO;NO;NO;NO;NO;NO;NO;NO;
21;MAGDALENA;025;EL BANCO;02;01;I.E.D.JOSEBENITOBARROSPALO;003;01;PRESIDENTE;NO;;;201;BUEN ESTADO;201;0;6;201;NO;;NO;;;;NO;NO;NO;NO;NO;NO;SI;NO;
21;MAGDALENA;025;EL BANCO;02;01;I.E.D.JOSEBENITOBARROSPALO;004;01;PRESIDENTE;NO;;;184;BUEN ESTADO;184;0;6;184;NO;;NO;;;;NO;NO;NO;NO;NO;NO;SI;NO;
21;MAGDALENA;025;EL BANCO;02;01;I.E.D.JOSEBENITOBARROSPALO;005;01;PRESIDENTE;NO;;;212;BUEN ESTADO;212;0;6;212;NO;;NO;;;;NO;NO;NO;NO;NO;NO;SI;NO;
21;MAGDALENA;025;EL BANCO;02;01;I.E.D.JOSEBENITOBARROSPALO;006;01;PRESIDENTE;NO;;;236;BUEN ESTADO;236;0;6;236;NO;;NO;;;;NO;NO;NO;NO;NO;NO;SI;NO;
21;MAGDALENA;025;EL BANCO;02;01;I.E.D.JOSEBENITOBARROSPALO;007;01;PRESIDENTE;NO;;;202;BUEN ESTADO;202;0;6;202;NO;;NO;;;;NO;NO;NO;NO;NO;NO;SI;NO;
21;MAGDALENA;025;EL BANCO;02;01;I.E.D.JOSEBENITOBARROSPALO;008;01;PRESIDENTE;NO;;;191;BUEN ESTADO;191;0;6;191;NO;;NO;;;;NO;NO;NO;NO;NO;NO;NO;NO;
21;MAGDALENA;025;EL BANCO;02;01;I.E.D.JOSEBENITOBARROSPALO;009;01;PRESIDENTE;NO;;;216;BUEN ESTADO;216;0;6;216;NO;;NO;;;;NO;NO;NO;NO;NO;NO;NO;NO;
21;MAGDALENA;025;EL BANCO;02;01;I.E.D.JOSEBENITOBARROSPALO;010;01;PRESIDENTE;NO;;;234;BUEN ESTADO;234;0;6;234;NO;;NO;;;;NO;NO;NO;NO;NO;NO;NO;NO;
21;MAGDALENA;025;EL BANCO;02;01;I.E.D.JOSEBENITOBARROSPALO;011;01;PRESIDENTE;NO;;;120;BUEN ESTADO;120;0;6;120;NO;;NO;;;;NO;NO;NO;NO;NO;NO;NO;NO;
21;MAGDALENA;025;EL BANCO;02;01;I.E.D.JOSEBENITOBARROSPALO;012;01;PRESIDENTE;NO;;;95;BUEN ESTADO;95;0;6;95;NO;;NO;;;;NO;NO;NO;NO;NO;NO;SI;NO;
21;MAGDALENA;025;EL BANCO;02;01;I.E.D.JOSEBENITOBARROSPALO;013;01;PRESIDENTE;NO;;;102;BUEN ESTADO;102;0;6;102;NO;;NO;;;;NO;NO;NO;NO;NO;NO;NO;NO;
21;MAGDALENA;025;EL BANCO;02;01;I.E.D.JOSEBENITOBARROSPALO;014;01;PRESIDENTE;NO;;;126;BUEN ESTADO;126;0;5;126;NO;;NO;;;;NO;NO;NO;NO;NO;NO;SI;NO;
21;MAGDALENA;025;EL BANCO;02;01;I.E.D.JOSEBENITOBARROSPALO;015;01;PRESIDENTE;NO;;;102;BUEN ESTADO;102;0;6;360;NO;;NO;;;EL TOTAL DE SUFRAGANTES EN LA MESA ES DE 360;NO;NO;NO;NO;NO;NO;NO;NO;
21;MAGDALENA;025;EL BANCO;02;01;I.E.D.JOSEBENITOBARROSPALO;016;01;PRESIDENTE;NO;;;118;BUEN ESTADO;118;0;6;118;NO;;NO;;;;NO;NO;NO;NO;NO;NO;NO;NO;
21;MAGDALENA;025;EL BANCO;02;01;I.E.D.JOSEBENITOBARROSPALO;017;01;PRESIDENTE;NO;;;118;BUEN ESTADO;118;0;6;118;NO;;NO;;;;NO;NO;NO;NO;NO;NO;SI;NO;
21;MAGDALENA;025;EL BANCO;02;01;I.E.D.JOSEBENITOBARROSPALO;018;01;PRESIDENTE;NO;;;121;BUEN ESTADO;121;0;6;121;NO;;NO;;;;NO;NO;NO;NO;NO;NO;NO;NO;
21;MAGDALENA;025;EL BANCO;02;01;I.E.D.JOSEBENITOBARROSPALO;019;01;PRESIDENTE;NO;;;133;BUEN ESTADO;133;0;6;133;NO;;NO;;;;NO;NO;NO;NO;NO;NO;NO;NO;
21;MAGDALENA;025;EL BANCO;02;01;I.E.D.JOSEBENITOBARROSPALO;020;01;PRESIDENTE;NO;;;126;BUEN ESTADO;126;0;6;126;NO;;NO;;;;NO;NO;NO;NO;NO;NO;NO;NO;
21;MAGDALENA;025;EL BANCO;02;01;I.E.D.JOSEBENITOBARROSPALO;021;01;PRESIDENTE;NO;;;132;BUEN ESTADO;132;0;6;132;NO;;NO;;;;NO;NO;NO;NO;NO;NO;NO;NO;
21;MAGDALENA;025;EL BANCO;02;01;I.E.D.JOSEBENITOBARROSPALO;022;01;PRESIDENTE;NO;;;121;BUEN ESTADO;121;0;6;121;NO;;NO;;;;NO;NO;NO;NO;NO;NO;SI;NO;
21;MAGDALENA;025;EL BANCO;02;01;I.E.D.JOSEBENITOBARROSPALO;023;01;PRESIDENTE;NO;;;128;BUEN ESTADO;128;0;6;128;NO;;NO;;;;NO;NO;NO;NO;NO;NO;SI;NO;
21;MAGDALENA;025;EL BANCO;02;01;I.E.D.JOSEBENITOBARROSPALO;024;01;PRESIDENTE;NO;;;134;BUEN ESTADO;134;0;6;134;NO;;NO;;;;NO;NO;NO;NO;NO;NO;NO;NO;
21;MAGDALENA;025;EL BANCO;02;01;I.E.D.JOSEBENITOBARROSPALO;025;01;PRESIDENTE;NO;;;96;BUEN ESTADO;96;0;6;96;NO;;NO;;;;NO;NO;NO;NO;NO;NO;SI;NO;
21;MAGDALENA;025;EL BANCO;02;02;COL.ARCESIOCALISAMADOR;001;01;PRESIDENTE;NO;;;222;BUEN ESTADO;222;0;6;222;NO;;NO;;;;NO;NO;NO;NO;NO;NO;SI;NO;
21;MAGDALENA;025;EL BANCO;02;02;COL.ARCESIOCALISAMADOR;002;01;PRESIDENTE;NO;;;182;BUEN ESTADO;182;0;6;182;NO;;NO;;;;NO;NO;NO;NO;NO;NO;SI;NO;
21;MAGDALENA;025;EL BANCO;02;02;COL.ARCESIOCALISAMADOR;003;01;PRESIDENTE;NO;;;205;BUEN ESTADO;205;0;6;205;NO;;NO;;;;NO;NO;NO;NO;NO;NO;SI;NO;
21;MAGDALENA;025;EL BANCO;02;02;COL.ARCESIOCALISAMADOR;004;01;PRESIDENTE;NO;;;220;BUEN ESTADO;220;0;6;220;NO;;NO;;;;NO;NO;NO;NO;NO;NO;NO;NO;
21;MAGDALENA;025;EL BANCO;02;02;COL.ARCESIOCALISAMADOR;005;01;PRESIDENTE;NO;;;162;BUEN ESTADO;162;0;6;162;NO;;NO;;;;NO;NO;NO;NO;NO;NO;NO;NO;
21;MAGDALENA;025;EL BANCO;02;02;COL.ARCESIOCALISAMADOR;006;01;PRESIDENTE;NO;;;132;BUEN ESTADO;132;0;6;132;NO;;NO;;;;NO;NO;NO;NO;NO;NO;SI;NO;
21;MAGDALENA;025;EL BANCO;02;02;COL.ARCESIOCALISAMADOR;007;01;PRESIDENTE;NO;;;128;BUEN ESTADO;128;0;5;128;NO;;NO;;;;NO;NO;NO;NO;NO;NO;SI;NO;
21;MAGDALENA;025;EL BANCO;02;02;COL.ARCESIOCALISAMADOR;008;01;PRESIDENTE;NO;;;118;BUEN ESTADO;118;0;6;118;NO;;NO;;;;NO;NO;NO;NO;NO;NO;SI;NO;
21;MAGDALENA;025;EL BANCO;02;02;COL.ARCESIOCALISAMADOR;009;01;PRESIDENTE;NO;;;129;BUEN ESTADO;129;0;5;129;NO;;NO;;;;NO;NO;NO;NO;NO;NO;SI;NO;
21;MAGDALENA;025;EL BANCO;02;02;COL.ARCESIOCALISAMADOR;010;01;PRESIDENTE;NO;;;136;BUEN ESTADO;136;0;5;136;NO;;NO;;;;NO;NO;NO;NO;NO;NO;SI;NO;
21;MAGDALENA;025;EL BANCO;02;02;COL.ARCESIOCALISAMADOR;011;01;PRESIDENTE;NO;;;137;BUEN ESTADO;137;0;5;137;NO;;NO;;;;NO;NO;NO;NO;NO;NO;NO;NO;
21;MAGDALENA;025;EL BANCO;02;02;COL.ARCESIOCALISAMADOR;012;01;PRESIDENTE;NO;;;6;BUEN ESTADO;6;0;6;6;NO;;NO;;;;NO;NO;NO;NO;NO;NO;NO;NO;
21;MAGDALENA;025;EL BANCO;02;03;ESC.URBANAMIXTALASPALMASSEDENo2;001;01;PRESIDENTE;NO;;;246;BUEN ESTADO;2460;0;6;246;SI;POR ERROR INVOLUNTARIO SE HIZO CORRECIÓN EN VOTOS NULOS YA QUE SE ANOTÓ 4 Y SON 2, SE CORRIGIÓ SOBRE EL MISMO NUMER;NO;;;;NO;NO;NO;NO;NO;NO;SI;NO;
21;MAGDALENA;025;EL BANCO;02;03;ESC.URBANAMIXTALASPALMASSEDENo2;002;01;PRESIDENTE;NO;;;138;BUEN ESTADO;138;0;6;138;NO;;NO;;;;NO;NO;NO;NO;NO;NO;NO;NO;
21;MAGDALENA;025;EL BANCO;02;03;ESC.URBANAMIXTALASPALMASSEDENo2;003;01;PRESIDENTE;NO;;;120;BUEN ESTADO;120;0;5;120;SI;EN EL E-11 EL SUFRAGANTE 298 NO FIRM;NO;;;;NO;NO;NO;NO;NO;NO;SI;NO;
21;MAGDALENA;025;EL BANCO;02;03;ESC.URBANAMIXTALASPALMASSEDENo2;004;01;PRESIDENTE;NO;;;133;BUEN ESTADO;133;0;6;133;NO;;NO;;;;NO;NO;NO;NO;NO;NO;SI;NO;
21;MAGDALENA;025;EL BANCO;02;03;ESC.URBANAMIXTALASPALMASSEDENo2;005;01;PRESIDENTE;NO;;;41;BUEN ESTADO;41;0;5;41;NO;;NO;;;;NO;NO;NO;NO;NO;NO;NO;NO;
21;MAGDALENA;025;EL BANCO;90;01;COLEGIOMARCOFIDELSUAREZ;001;01;PRESIDENTE;NO;;;99;BUEN ESTADO;99;0;6;99;NO;;NO;;;;NO;NO;NO;NO;NO;NO;NO;NO;
21;MAGDALENA;025;EL BANCO;90;01;COLEGIOMARCOFIDELSUAREZ;002;01;PRESIDENTE;NO;;;211;BUEN ESTADO;211;0;6;211;NO;;NO;;;;NO;NO;NO;NO;NO;NO;SI;NO;
21;MAGDALENA;025;EL BANCO;90;01;COLEGIOMARCOFIDELSUAREZ;003;01;PRESIDENTE;NO;;;116;BUEN ESTADO;116;0;6;116;NO;;NO;;;;NO;NO;NO;NO;NO;NO;SI;NO;
21;MAGDALENA;025;EL BANCO;90;01;COLEGIOMARCOFIDELSUAREZ;004;01;PRESIDENTE;NO;;;190;BUEN ESTADO;190;0;6;190;NO;;NO;;;;NO;NO;NO;NO;NO;NO;NO;NO;
21;MAGDALENA;025;EL BANCO;90;01;COLEGIOMARCOFIDELSUAREZ;005;01;PRESIDENTE;NO;;;153;BUEN ESTADO;153;0;6;153;NO;;NO;;;;NO;NO;NO;NO;NO;NO;NO;NO;
21;MAGDALENA;025;EL BANCO;90;01;COLEGIOMARCOFIDELSUAREZ;006;01;PRESIDENTE;NO;;;204;BUEN ESTADO;204;0;6;204;NO;;NO;;;;NO;NO;NO;NO;NO;NO;SI;NO;
21;MAGDALENA;025;EL BANCO;90;01;COLEGIOMARCOFIDELSUAREZ;007;01;PRESIDENTE;NO;;;177;BUEN ESTADO;177;0;6;177;NO;;NO;;;;NO;NO;NO;NO;NO;NO;SI;NO;
21;MAGDALENA;025;EL BANCO;90;01;COLEGIOMARCOFIDELSUAREZ;008;01;PRESIDENTE;NO;;;127;BUEN ESTADO;127;0;6;127;NO;;NO;;;;NO;NO;NO;NO;NO;NO;NO;NO;
21;MAGDALENA;025;EL BANCO;90;01;COLEGIOMARCOFIDELSUAREZ;009;01;PRESIDENTE;NO;;;57;BUEN ESTADO;57;0;6;57;NO;;NO;;;;NO;NO;NO;NO;NO;NO;NO;NO;
21;MAGDALENA;025;EL BANCO;98;01;CARCELDELCIRCUITO;001;01;PRESIDENTE;NO;;;59;BUEN ESTADO;59;0;6;59;NO;;NO;;;;NO;NO;NO;NO;NO;NO;NO;NO;
21;MAGDALENA;025;EL BANCO;99;01;AGUAESTRADA;001;01;PRESIDENTE;NO;;;211;BUEN ESTADO;211;0;6;211;NO;;NO;;;;NO;NO;NO;NO;NO;NO;NO;NO;
21;MAGDALENA;025;EL BANCO;99;01;AGUAESTRADA;002;01;PRESIDENTE;NO;;;152;BUEN ESTADO;152;0;6;152;NO;;NO;;;;NO;NO;NO;NO;NO;NO;NO;NO;
21;MAGDALENA;025;EL BANCO;99;01;AGUAESTRADA;003;01;PRESIDENTE;NO;;;78;BUEN ESTADO;78;0;6;78;NO;;NO;;;;NO;NO;NO;NO;NO;NO;NO;NO;
21;MAGDALENA;025;EL BANCO;99;05;ALGARROBAL;001;01;PRESIDENTE;NO;;;196;BUEN ESTADO;196;0;6;196;NO;;NO;;;;NO;NO;NO;NO;NO;NO;NO;NO;
21;MAGDALENA;025;EL BANCO;99;05;ALGARROBAL;002;01;PRESIDENTE;NO;;;176;BUEN ESTADO;176;0;6;176;NO;;NO;;;;NO;NO;NO;NO;NO;NO;NO;NO;
21;MAGDALENA;025;EL BANCO;99;05;ALGARROBAL;003;01;PRESIDENTE;NO;;;137;BUEN ESTADO;137;0;6;137;NO;;NO;;;;NO;NO;NO;NO;NO;NO;SI;NO;
21;MAGDALENA;025;EL BANCO;99;05;ALGARROBAL;004;01;PRESIDENTE;NO;;;46;BUEN ESTADO;46;0;6;46;NO;;NO;;;;NO;NO;NO;NO;NO;NO;NO;NO;
21;MAGDALENA;025;EL BANCO;99;07;BARRANCODECHILLOA;001;01;PRESIDENTE;NO;;;194;BUEN ESTADO;194;0;6;194;NO;;NO;;;;NO;NO;NO;NO;NO;NO;NO;NO;
21;MAGDALENA;025;EL BANCO;99;07;BARRANCODECHILLOA;002;01;PRESIDENTE;NO;;;144;BUEN ESTADO;144;0;6;144;NO;;NO;;;;NO;NO;NO;NO;NO;NO;NO;NO;
21;MAGDALENA;025;EL BANCO;99;07;BARRANCODECHILLOA;003;01;PRESIDENTE;NO;;;27;BUEN ESTADO;27;0;5;27;SI;NO MARCARON CASILLA DE VOTOS EN BLANCO, NULO Y NO MARCADOS;NO;;;;NO;NO;NO;NO;NO;NO;NO;NO;
21;MAGDALENA;025;EL BANCO;99;09;BOTILLERO;001;01;PRESIDENTE;NO;;;163;BUEN ESTADO;163;0;6;163;SI;LA INSTALACION DE LA MESA SE REALIZÓ A LAS 7:30 AM PERO AL ESCRIBIR EN EL ACTA E-11 NOS EQUIVOCAMOS Y COLOCAMOS A LAS 7:00 AM. LA SRA DELEGADA LUCELIS FERNANDEZ RUZ DEBÍA VOTAR EN LA MESA NUMERO 2 PERO VOTÓ EN LA MESA NUMERO ;NO;;;;NO;NO;NO;NO;NO;NO;SI;NO;
21;MAGDALENA;025;EL BANCO;99;09;BOTILLERO;002;01;PRESIDENTE;NO;;;61;BUEN ESTADO;61;0;6;61;NO;;NO;;;;NO;NO;NO;NO;NO;NO;SI;NO;
21;MAGDALENA;025;EL BANCO;99;11;BELEN;001;01;PRESIDENTE;NO;;;168;BUEN ESTADO;168;0;6;168;NO;;NO;;;;NO;NO;NO;NO;NO;NO;NO;NO;
21;MAGDALENA;025;EL BANCO;99;11;BELEN;002;01;PRESIDENTE;NO;;;178;BUEN ESTADO;178;0;6;178;NO;;NO;;;;NO;NO;NO;NO;NO;NO;NO;NO;
21;MAGDALENA;025;EL BANCO;99;11;BELEN;003;01;PRESIDENTE;NO;;;205;BUEN ESTADO;205;0;6;205;NO;;NO;;;;NO;NO;NO;NO;NO;NO;NO;NO;
21;MAGDALENA;025;EL BANCO;99;11;BELEN;004;01;PRESIDENTE;NO;;;134;BUEN ESTADO;133;0;6;134;NO;;NO;;;;NO;NO;NO;NO;NO;NO;NO;NO;
21;MAGDALENA;025;EL BANCO;99;11;BELEN;005;01;PRESIDENTE;NO;;;115;BUEN ESTADO;115;0;6;115;NO;;NO;;;;NO;NO;NO;NO;NO;NO;NO;NO;
21;MAGDALENA;025;EL BANCO;99;11;BELEN;006;01;PRESIDENTE;NO;;;114;BUEN ESTADO;114;0;6;114;NO;;NO;;;;NO;NO;NO;NO;NO;NO;NO;NO;
21;MAGDALENA;025;EL BANCO;99;11;BELEN;007;01;PRESIDENTE;NO;;;71;BUEN ESTADO;71;0;6;71;NO;;NO;;;;NO;NO;NO;NO;NO;NO;NO;NO;
21;MAGDALENA;025;EL BANCO;99;13;CAÑODEPALMA;001;01;PRESIDENTE;NO;;;174;BUEN ESTADO;174;0;6;174;NO;;NO;;;;NO;NO;NO;NO;NO;NO;NO;NO;
21;MAGDALENA;025;EL BANCO;99;13;CAÑODEPALMA;002;01;PRESIDENTE;NO;;;154;BUEN ESTADO;154;0;6;154;NO;;NO;;;;NO;NO;NO;NO;NO;NO;NO;NO;
21;MAGDALENA;025;EL BANCO;99;13;CAÑODEPALMA;003;01;PRESIDENTE;NO;;;107;BUEN ESTADO;107;0;6;107;NO;;NO;;;;NO;NO;NO;NO;NO;NO;NO;NO;
21;MAGDALENA;025;EL BANCO;99;13;CAÑODEPALMA;004;01;PRESIDENTE;NO;;;80;BUEN ESTADO;80;0;6;80;NO;;NO;;;;NO;NO;NO;NO;NO;NO;NO;NO;
21;MAGDALENA;025;EL BANCO;99;17;ELCEDRO;001;01;PRESIDENTE;NO;;;178;BUEN ESTADO;178;0;6;178;NO;;NO;;;;NO;NO;NO;NO;NO;NO;SI;NO;
21;MAGDALENA;025;EL BANCO;99;17;ELCEDRO;002;01;PRESIDENTE;NO;;;139;BUEN ESTADO;139;0;6;139;NO;;NO;;;;NO;NO;NO;NO;NO;NO;NO;NO;
21;MAGDALENA;025;EL BANCO;99;17;ELCEDRO;003;01;PRESIDENTE;NO;;;60;BUEN ESTADO;60;0;6;60;NO;;NO;;;;NO;NO;NO;NO;NO;NO;NO;NO;
21;MAGDALENA;025;EL BANCO;99;20;ELCERRITO;001;01;PRESIDENTE;NO;;;146;BUEN ESTADO;146;0;6;146;NO;;NO;;;;NO;NO;NO;NO;NO;NO;NO;NO;
21;MAGDALENA;025;EL BANCO;99;20;ELCERRITO;002;01;PRESIDENTE;NO;;;150;BUEN ESTADO;150;0;6;150;NO;;NO;;;;NO;NO;NO;NO;NO;NO;NO;NO;
21;MAGDALENA;025;EL BANCO;99;20;ELCERRITO;003;01;PRESIDENTE;NO;;;111;BUEN ESTADO;111;0;6;111;NO;;NO;;;;NO;NO;NO;NO;NO;NO;NO;NO;
21;MAGDALENA;025;EL BANCO;99;20;ELCERRITO;004;01;PRESIDENTE;NO;;;76;BUEN ESTADO;76;0;6;76;NO;;NO;;;;NO;NO;NO;NO;NO;NO;NO;NO;
21;MAGDALENA;025;EL BANCO;99;21;ELTREBOL;001;01;PRESIDENTE;NO;;;195;BUEN ESTADO;195;0;6;195;NO;;NO;;;;NO;NO;NO;NO;NO;NO;NO;NO;
21;MAGDALENA;025;EL BANCO;99;21;ELTREBOL;002;01;PRESIDENTE;NO;;;135;BUEN ESTADO;135;0;6;135;NO;;NO;;;;NO;NO;NO;NO;NO;NO;NO;NO;
21;MAGDALENA;025;EL BANCO;99;21;ELTREBOL;003;01;PRESIDENTE;NO;;;47;BUEN ESTADO;47;0;6;47;NO;;NO;;;;NO;NO;NO;NO;NO;NO;NO;NO;
21;MAGDALENA;025;EL BANCO;99;22;GARZON;001;01;PRESIDENTE;NO;;;119;BUEN ESTADO;119;0;6;119;NO;;NO;;;;NO;NO;NO;NO;NO;NO;SI;NO;
21;MAGDALENA;025;EL BANCO;99;25;HATILLODELASABANA;001;01;PRESIDENTE;NO;;;177;BUEN ESTADO;177;0;5;177;NO;;NO;;;;NO;NO;NO;NO;NO;NO;SI;NO;
21;MAGDALENA;025;EL BANCO;99;25;HATILLODELASABANA;002;01;PRESIDENTE;NO;;;127;BUEN ESTADO;127;0;6;127;NO;;NO;;;;NO;NO;NO;NO;NO;NO;NO;NO;
21;MAGDALENA;025;EL BANCO;99;25;HATILLODELASABANA;003;01;PRESIDENTE;NO;;;106;BUEN ESTADO;106;0;6;106;NO;;NO;;;;NO;NO;NO;NO;NO;NO;NO;NO;
21;MAGDALENA;025;EL BANCO;99;25;HATILLODELASABANA;004;01;PRESIDENTE;NO;;;49;BUEN ESTADO;49;0;5;49;NO;;NO;;;;NO;NO;NO;NO;NO;NO;NO;NO;
21;MAGDALENA;025;EL BANCO;99;29;LOSNEGRITOS(BASTIDAS);001;01;PRESIDENTE;NO;;;149;BUEN ESTADO;149;0;6;149;NO;;NO;;;;NO;NO;NO;NO;NO;NO;SI;NO;
21;MAGDALENA;025;EL BANCO;99;29;LOSNEGRITOS(BASTIDAS);002;01;PRESIDENTE;NO;;;133;BUEN ESTADO;133;0;6;133;NO;;NO;;;;NO;NO;NO;NO;NO;NO;SI;NO;
21;MAGDALENA;025;EL BANCO;99;29;LOSNEGRITOS(BASTIDAS);003;01;PRESIDENTE;NO;;;92;BUEN ESTADO;92;0;6;92;NO;;NO;;;;NO;NO;NO;NO;NO;NO;SI;NO;
21;MAGDALENA;025;EL BANCO;99;29;LOSNEGRITOS(BASTIDAS);004;01;PRESIDENTE;NO;;;17;BUEN ESTADO;17;0;6;17;NO;;NO;;;;NO;NO;NO;NO;NO;NO;NO;NO;
21;MAGDALENA;025;EL BANCO;99;35;MATADECAÑA;001;01;PRESIDENTE;NO;;;192;BUEN ESTADO;192;0;6;192;NO;;NO;;;;NO;NO;NO;NO;NO;NO;SI;NO;
21;MAGDALENA;025;EL BANCO;99;36;PUEBLONUEVO;001;01;PRESIDENTE;NO;;;73;BUEN ESTADO;73;0;6;73;NO;;NO;;;;NO;NO;NO;NO;NO;NO;SI;NO;
21;MAGDALENA;025;EL BANCO;99;37;MENCHIQUEJO;001;01;PRESIDENTE;NO;;;156;BUEN ESTADO;156;0;6;156;NO;;NO;;;;NO;NO;NO;NO;NO;NO;NO;NO;
21;MAGDALENA;025;EL BANCO;99;37;MENCHIQUEJO;002;01;PRESIDENTE;NO;;;149;BUEN ESTADO;149;0;6;149;NO;;NO;;;;NO;NO;NO;NO;NO;NO;NO;NO;
21;MAGDALENA;025;EL BANCO;99;37;MENCHIQUEJO;003;01;PRESIDENTE;NO;;;115;BUEN ESTADO;115;0;6;115;NO;;NO;;;;NO;NO;NO;NO;NO;NO;SI;NO;
21;MAGDALENA;025;EL BANCO;99;37;MENCHIQUEJO;004;01;PRESIDENTE;NO;;;21;BUEN ESTADO;21;0;6;21;NO;;NO;;;;NO;NO;NO;NO;NO;NO;NO;NO;
21;MAGDALENA;025;EL BANCO;99;38;FELIPEEDUARDO;001;01;PRESIDENTE;NO;;;138;BUEN ESTADO;138;0;6;138;NO;;NO;;;;NO;NO;NO;NO;NO;NO;SI;NO;
21;MAGDALENA;025;EL BANCO;99;38;FELIPEEDUARDO;002;01;PRESIDENTE;NO;;;120;BUEN ESTADO;120;0;6;120;NO;;NO;;;;NO;NO;NO;NO;NO;NO;SI;NO;
21;MAGDALENA;025;EL BANCO;99;38;FELIPEEDUARDO;003;01;PRESIDENTE;NO;;;84;BUEN ESTADO;84;0;5;84;NO;;NO;;;;NO;NO;NO;NO;NO;NO;SI;NO;
21;MAGDALENA;025;EL BANCO;99;38;FELIPEEDUARDO;004;01;PRESIDENTE;NO;;;65;BUEN ESTADO;65;0;5;65;NO;;NO;;;;NO;NO;NO;NO;NO;NO;SI;NO;
21;MAGDALENA;025;EL BANCO;99;39;SANJOSE;001;01;PRESIDENTE;NO;;;142;BUEN ESTADO;142;0;6;142;NO;;NO;;;;NO;NO;NO;NO;NO;NO;SI;NO;
21;MAGDALENA;025;EL BANCO;99;39;SANJOSE;002;01;PRESIDENTE;NO;;;48;BUEN ESTADO;48;0;6;48;NO;;NO;;;;NO;NO;NO;NO;NO;NO;NO;NO;
21;MAGDALENA;025;EL BANCO;99;40;SANROQUE;001;01;PRESIDENTE;NO;;;176;BUEN ESTADO;176;0;6;176;NO;;NO;;;;NO;NO;NO;NO;NO;NO;SI;NO;
21;MAGDALENA;025;EL BANCO;99;40;SANROQUE;002;01;PRESIDENTE;NO;;;136;BUEN ESTADO;136;0;6;136;NO;;NO;;;;NO;NO;NO;NO;NO;NO;NO;NO;
21;MAGDALENA;025;EL BANCO;99;40;SANROQUE;003;01;PRESIDENTE;NO;;;85;BUEN ESTADO;85;0;6;85;NO;;NO;;;;NO;NO;NO;NO;NO;NO;SI;NO;
21;MAGDALENA;025;EL BANCO;99;41;TAMALAMEQUITO;001;01;PRESIDENTE;NO;;;144;BUEN ESTADO;144;0;6;144;NO;;NO;;;;NO;NO;NO;NO;NO;NO;NO;NO;
21;MAGDALENA;025;EL BANCO;99;41;TAMALAMEQUITO;002;01;PRESIDENTE;NO;;;155;BUEN ESTADO;155;0;6;155;NO;;NO;;;;NO;NO;NO;NO;NO;NO;SI;NO;
21;MAGDALENA;025;EL BANCO;99;41;TAMALAMEQUITO;003;01;PRESIDENTE;NO;;;110;BUEN ESTADO;110;0;6;110;NO;;NO;;;;NO;NO;NO;NO;NO;NO;SI;NO;
21;MAGDALENA;025;EL BANCO;99;41;TAMALAMEQUITO;004;01;PRESIDENTE;NO;;;57;BUEN ESTADO;57;0;6;57;NO;;NO;;;;NO;NO;NO;NO;NO;NO;NO;NO;
21;MAGDALENA;025;EL BANCO;99;45;SABANASDEMALPICA;001;01;PRESIDENTE;NO;;;133;BUEN ESTADO;133;0;6;133;NO;;NO;;;;NO;NO;NO;NO;NO;NO;NO;NO;
21;MAGDALENA;025;EL BANCO;99;45;SABANASDEMALPICA;002;01;PRESIDENTE;NO;;;47;BUEN ESTADO;47;0;6;47;NO;;NO;;;;NO;NO;NO;NO;NO;NO;NO;NO;
21;MAGDALENA;025;EL BANCO;99;46;SANEDUARDO;001;01;PRESIDENTE;NO;;;151;BUEN ESTADO;151;0;5;151;NO;;NO;;;;NO;NO;NO;NO;NO;NO;SI;NO;
21;MAGDALENA;025;EL BANCO;99;46;SANEDUARDO;002;01;PRESIDENTE;NO;;;31;BUEN ESTADO;31;0;6;31;NO;;NO;;;;NO;NO;NO;NO;NO;NO;SI;NO;
21;MAGDALENA;028;EL PIÑON;00;00;PUESTOCABECERAMUNICIPAL;001;01;PRESIDENTE;NO;;;195;BUEN ESTADO;194;0;6;195;NO;;NO;;;;NO;NO;NO;NO;NO;NO;NO;NO;
21;MAGDALENA;028;EL PIÑON;00;00;PUESTOCABECERAMUNICIPAL;002;01;PRESIDENTE;NO;;;221;BUEN ESTADO;221;0;6;221;NO;;NO;;;;NO;NO;NO;NO;NO;NO;SI;NO;
21;MAGDALENA;028;EL PIÑON;00;00;PUESTOCABECERAMUNICIPAL;003;01;PRESIDENTE;NO;;;172;BUEN ESTADO;172;0;6;172;NO;;NO;;;;NO;NO;NO;NO;NO;NO;NO;NO;
21;MAGDALENA;028;EL PIÑON;00;00;PUESTOCABECERAMUNICIPAL;004;01;PRESIDENTE;NO;;;140;BUEN ESTADO;140;0;5;140;NO;;NO;;;;NO;NO;NO;NO;NO;NO;NO;NO;
21;MAGDALENA;028;EL PIÑON;00;00;PUESTOCABECERAMUNICIPAL;005;01;PRESIDENTE;NO;;;213;BUEN ESTADO;212;0;5;213;NO;;NO;;;;NO;NO;NO;NO;NO;NO;SI;NO;
21;MAGDALENA;028;EL PIÑON;00;00;PUESTOCABECERAMUNICIPAL;006;01;PRESIDENTE;NO;;;186;BUEN ESTADO;186;0;4;186;NO;;NO;;;;NO;NO;NO;NO;NO;NO;SI;NO;
21;MAGDALENA;028;EL PIÑON;00;00;PUESTOCABECERAMUNICIPAL;007;01;PRESIDENTE;NO;;;165;BUEN ESTADO;165;0;6;165;NO;;NO;;;;NO;NO;NO;NO;NO;NO;NO;NO;
21;MAGDALENA;028;EL PIÑON;00;00;PUESTOCABECERAMUNICIPAL;008;01;PRESIDENTE;NO;;;192;BUEN ESTADO;191;0;6;192;NO;;NO;;;;NO;NO;NO;NO;NO;NO;NO;NO;
21;MAGDALENA;028;EL PIÑON;00;00;PUESTOCABECERAMUNICIPAL;009;01;PRESIDENTE;NO;;;124;BUEN ESTADO;124;0;5;124;NO;;NO;;;;NO;NO;NO;NO;NO;NO;NO;NO;
21;MAGDALENA;028;EL PIÑON;00;00;PUESTOCABECERAMUNICIPAL;010;01;PRESIDENTE;NO;;;121;BUEN ESTADO;121;0;6;121;NO;;NO;;;;NO;NO;NO;NO;NO;NO;NO;NO;
21;MAGDALENA;028;EL PIÑON;00;00;PUESTOCABECERAMUNICIPAL;011;01;PRESIDENTE;NO;;;118;BUEN ESTADO;118;0;6;118;NO;;NO;;;;NO;NO;NO;NO;NO;NO;NO;NO;
21;MAGDALENA;028;EL PIÑON;00;00;PUESTOCABECERAMUNICIPAL;012;01;PRESIDENTE;NO;;;121;BUEN ESTADO;121;0;6;121;NO;;NO;;;;NO;NO;NO;NO;NO;NO;NO;NO;
21;MAGDALENA;028;EL PIÑON;00;00;PUESTOCABECERAMUNICIPAL;013;01;PRESIDENTE;NO;;;138;BUEN ESTADO;138;0;6;138;NO;;NO;;;;NO;NO;NO;NO;NO;NO;NO;NO;
21;MAGDALENA;028;EL PIÑON;00;00;PUESTOCABECERAMUNICIPAL;014;01;PRESIDENTE;NO;;;142;BUEN ESTADO;142;0;6;142;NO;;NO;;;;NO;NO;NO;NO;NO;NO;NO;NO;
21;MAGDALENA;028;EL PIÑON;00;00;PUESTOCABECERAMUNICIPAL;015;01;PRESIDENTE;NO;;;120;BUEN ESTADO;120;0;6;120;NO;;NO;;;;NO;NO;NO;NO;NO;NO;SI;NO;
21;MAGDALENA;028;EL PIÑON;00;00;PUESTOCABECERAMUNICIPAL;016;01;PRESIDENTE;NO;;;106;BUEN ESTADO;106;0;6;106;NO;;NO;;;;NO;NO;NO;NO;NO;NO;NO;NO;
21;MAGDALENA;028;EL PIÑON;99;01;CAMPOALEGRE;001;01;PRESIDENTE;NO;;;174;BUEN ESTADO;174;0;6;174;NO;;NO;;;;NO;NO;NO;NO;NO;NO;NO;NO;
21;MAGDALENA;028;EL PIÑON;99;05;CANTAGALLAR;001;01;PRESIDENTE;NO;;;152;BUEN ESTADO;152;0;6;152;NO;;NO;;;;NO;NO;NO;NO;NO;NO;NO;NO;
21;MAGDALENA;028;EL PIÑON;99;05;CANTAGALLAR;002;01;PRESIDENTE;NO;;;129;BUEN ESTADO;129;0;6;129;NO;;NO;;;;NO;NO;NO;NO;NO;NO;SI;NO;
21;MAGDALENA;028;EL PIÑON;99;05;CANTAGALLAR;003;01;PRESIDENTE;NO;;;119;BUEN ESTADO;119;0;6;119;NO;;NO;;;;NO;NO;NO;NO;NO;NO;NO;NO;
21;MAGDALENA;028;EL PIÑON;99;05;CANTAGALLAR;004;01;PRESIDENTE;NO;;;99;BUEN ESTADO;99;0;6;99;NO;;NO;;;;NO;NO;NO;NO;NO;NO;NO;NO;
21;MAGDALENA;028;EL PIÑON;99;05;CANTAGALLAR;005;01;PRESIDENTE;NO;;;32;BUEN ESTADO;32;0;6;32;NO;;NO;;;;NO;NO;NO;NO;NO;NO;NO;NO;
21;MAGDALENA;028;EL PIÑON;99;09;CARRETO;001;01;PRESIDENTE;NO;;;169;BUEN ESTADO;169;0;6;169;NO;;NO;;;;NO;NO;NO;NO;NO;NO;NO;NO;
21;MAGDALENA;028;EL PIÑON;99;09;CARRETO;002;01;PRESIDENTE;NO;;;144;BUEN ESTADO;144;0;5;144;NO;;NO;;;;NO;NO;NO;NO;NO;NO;SI;NO;
21;MAGDALENA;028;EL PIÑON;99;09;CARRETO;003;01;PRESIDENTE;NO;;;149;BUEN ESTADO;149;0;6;149;NO;;NO;;;;NO;NO;NO;NO;NO;NO;NO;NO;
21;MAGDALENA;028;EL PIÑON;99;09;CARRETO;004;01;PRESIDENTE;NO;;;118;BUEN ESTADO;118;0;6;118;NO;;NO;;;;NO;NO;NO;NO;NO;NO;SI;NO;
21;MAGDALENA;028;EL PIÑON;99;10;LASPAVITAS;001;01;PRESIDENTE;NO;;;160;BUEN ESTADO;160;0;5;160;NO;;NO;;;;NO;NO;NO;NO;NO;NO;NO;NO;
21;MAGDALENA;028;EL PIÑON;99;13;PLAYONDEOROZCO;001;01;PRESIDENTE;NO;;;160;BUEN ESTADO;160;0;6;160;NO;;NO;;;;NO;NO;NO;NO;NO;NO;NO;NO;
21;MAGDALENA;028;EL PIÑON;99;13;PLAYONDEOROZCO;002;01;PRESIDENTE;NO;;;17;BUEN ESTADO;17;0;5;17;NO;;NO;;;;NO;NO;NO;NO;NO;NO;NO;NO;
21;MAGDALENA;028;EL PIÑON;99;17;SABANAS;001;01;PRESIDENTE;NO;;;158;BUEN ESTADO;158;0;6;158;NO;;NO;;;;NO;NO;NO;NO;NO;NO;SI;NO;
21;MAGDALENA;028;EL PIÑON;99;17;SABANAS;002;01;PRESIDENTE;NO;;;110;BUEN ESTADO;110;0;6;110;NO;;NO;;;;NO;NO;NO;NO;NO;NO;NO;NO;
21;MAGDALENA;028;EL PIÑON;99;17;SABANAS;003;01;PRESIDENTE;NO;;;142;BUEN ESTADO;142;0;6;142;NO;;NO;;;;NO;NO;NO;NO;NO;NO;SI;NO;
21;MAGDALENA;028;EL PIÑON;99;17;SABANAS;004;01;PRESIDENTE;NO;;;94;BUEN ESTADO;94;0;6;94;NO;;NO;;;;NO;NO;NO;NO;NO;NO;NO;NO;
21;MAGDALENA;028;EL PIÑON;99;17;SABANAS;005;01;PRESIDENTE;NO;;;88;BUEN ESTADO;88;0;4;88;NO;;NO;;;;NO;NO;NO;NO;NO;NO;NO;NO;
21;MAGDALENA;028;EL PIÑON;99;17;SABANAS;006;01;PRESIDENTE;NO;;;38;BUEN ESTADO;38;0;6;38;NO;;NO;;;;NO;NO;NO;NO;NO;NO;NO;NO;
21;MAGDALENA;028;EL PIÑON;99;21;SANBASILIO;001;01;PRESIDENTE;NO;;;183;BUEN ESTADO;183;0;6;183;NO;;NO;;;;NO;NO;NO;NO;NO;NO;SI;NO;
21;MAGDALENA;028;EL PIÑON;99;21;SANBASILIO;002;01;PRESIDENTE;NO;;;194;BUEN ESTADO;194;0;6;194;NO;;NO;;;;NO;NO;NO;NO;NO;NO;NO;NO;
21;MAGDALENA;028;EL PIÑON;99;21;SANBASILIO;003;01;PRESIDENTE;NO;;;75;BUEN ESTADO;75;0;6;75;NO;;NO;;;;NO;NO;NO;NO;NO;NO;NO;NO;
21;MAGDALENA;028;EL PIÑON;99;25;TIOGOLLO;001;01;PRESIDENTE;NO;;;143;BUEN ESTADO;143;0;6;143;NO;;NO;;;;NO;NO;NO;NO;NO;NO;NO;NO;
21;MAGDALENA;028;EL PIÑON;99;25;TIOGOLLO;002;01;PRESIDENTE;NO;;;134;BUEN ESTADO;134;0;6;134;NO;;NO;;;;NO;NO;NO;NO;NO;NO;NO;NO;
21;MAGDALENA;028;EL PIÑON;99;25;TIOGOLLO;003;01;PRESIDENTE;NO;;;92;BUEN ESTADO;92;0;6;92;NO;;NO;;;;NO;NO;NO;NO;NO;NO;NO;NO;
21;MAGDALENA;028;EL PIÑON;99;43;VASQUEZ;001;01;PRESIDENTE;NO;;;130;BUEN ESTADO;130;0;6;130;NO;;NO;;;;NO;NO;NO;NO;NO;NO;SI;NO;
21;MAGDALENA;028;EL PIÑON;99;45;VERANILLO;001;01;PRESIDENTE;NO;;;164;BUEN ESTADO;164;0;5;164;NO;;NO;;;;NO;NO;NO;NO;NO;NO;SI;NO;
21;MAGDALENA;028;EL PIÑON;99;45;VERANILLO;002;01;PRESIDENTE;NO;;;9;BUEN ESTADO;9;0;4;9;NO;;NO;;;;NO;NO;NO;NO;NO;NO;SI;NO;
21;MAGDALENA;030;EL RETEN;00;00;PUESTOCABECERAMUNICIPAL;001;01;PRESIDENTE;NO;;;134;BUEN ESTADO;134;0;6;134;NO;;NO;;;;NO;NO;NO;NO;NO;NO;SI;NO;
21;MAGDALENA;030;EL RETEN;00;00;PUESTOCABECERAMUNICIPAL;002;01;PRESIDENTE;NO;;;173;BUEN ESTADO;173;0;6;173;NO;;NO;;;;NO;NO;NO;NO;NO;NO;SI;NO;
21;MAGDALENA;030;EL RETEN;00;00;PUESTOCABECERAMUNICIPAL;003;01;PRESIDENTE;NO;;;220;BUEN ESTADO;220;0;6;220;NO;;NO;;;;NO;NO;NO;NO;NO;NO;SI;NO;
21;MAGDALENA;030;EL RETEN;00;00;PUESTOCABECERAMUNICIPAL;004;01;PRESIDENTE;NO;;;228;BUEN ESTADO;228;0;6;228;NO;;NO;;;;NO;NO;NO;NO;NO;NO;SI;NO;
21;MAGDALENA;030;EL RETEN;00;00;PUESTOCABECERAMUNICIPAL;005;01;PRESIDENTE;NO;;;195;BUEN ESTADO;195;0;6;195;NO;;NO;;;;NO;NO;NO;NO;NO;NO;SI;NO;
21;MAGDALENA;030;EL RETEN;00;00;PUESTOCABECERAMUNICIPAL;006;01;PRESIDENTE;NO;;;185;BUEN ESTADO;186;1;6;185;NO;;NO;;;;NO;NO;NO;NO;NO;NO;SI;NO;
21;MAGDALENA;030;EL RETEN;00;00;PUESTOCABECERAMUNICIPAL;007;01;PRESIDENTE;NO;;;149;BUEN ESTADO;149;0;6;149;NO;;NO;;;;NO;NO;NO;NO;NO;NO;SI;NO;
21;MAGDALENA;030;EL RETEN;00;00;PUESTOCABECERAMUNICIPAL;008;01;PRESIDENTE;NO;;;166;BUEN ESTADO;166;0;6;166;NO;;NO;;;;NO;NO;NO;NO;NO;NO;SI;NO;
21;MAGDALENA;030;EL RETEN;00;00;PUESTOCABECERAMUNICIPAL;009;01;PRESIDENTE;NO;;;195;BUEN ESTADO;195;0;6;195;NO;;NO;;;;NO;NO;NO;NO;NO;NO;SI;NO;
21;MAGDALENA;030;EL RETEN;00;00;PUESTOCABECERAMUNICIPAL;010;01;PRESIDENTE;NO;;;152;BUEN ESTADO;152;0;6;152;NO;;NO;;;;NO;NO;NO;NO;NO;NO;SI;NO;
21;MAGDALENA;030;EL RETEN;00;00;PUESTOCABECERAMUNICIPAL;011;01;PRESIDENTE;NO;;;140;BUEN ESTADO;140;0;6;140;NO;;NO;;;;NO;NO;NO;NO;NO;NO;SI;NO;
21;MAGDALENA;030;EL RETEN;00;00;PUESTOCABECERAMUNICIPAL;012;01;PRESIDENTE;NO;;;172;BUEN ESTADO;172;0;6;172;NO;;NO;;;;NO;NO;NO;NO;NO;NO;SI;NO;
21;MAGDALENA;030;EL RETEN;00;00;PUESTOCABECERAMUNICIPAL;013;01;PRESIDENTE;NO;;;180;BUEN ESTADO;181;1;6;180;NO;;NO;;;;NO;NO;NO;NO;NO;NO;SI;NO;
21;MAGDALENA;030;EL RETEN;00;00;PUESTOCABECERAMUNICIPAL;014;01;PRESIDENTE;NO;;;162;BUEN ESTADO;162;0;6;162;NO;;NO;;;;NO;NO;NO;NO;NO;NO;SI;NO;
21;MAGDALENA;030;EL RETEN;00;00;PUESTOCABECERAMUNICIPAL;015;01;PRESIDENTE;NO;;;171;BUEN ESTADO;171;0;6;171;NO;;NO;;;;NO;NO;NO;NO;NO;NO;SI;NO;
21;MAGDALENA;030;EL RETEN;00;00;PUESTOCABECERAMUNICIPAL;016;01;PRESIDENTE;NO;;;202;BUEN ESTADO;202;0;6;202;NO;;NO;;;;NO;NO;NO;NO;NO;NO;SI;NO;
21;MAGDALENA;030;EL RETEN;00;00;PUESTOCABECERAMUNICIPAL;017;01;PRESIDENTE;NO;;;202;BUEN ESTADO;202;0;6;202;NO;;NO;;;;NO;NO;NO;NO;NO;NO;SI;NO;
21;MAGDALENA;030;EL RETEN;00;00;PUESTOCABECERAMUNICIPAL;018;01;PRESIDENTE;NO;;;196;BUEN ESTADO;196;0;6;196;NO;;NO;;;;NO;NO;NO;NO;NO;NO;SI;NO;
21;MAGDALENA;030;EL RETEN;00;00;PUESTOCABECERAMUNICIPAL;019;01;PRESIDENTE;NO;;;181;BUEN ESTADO;181;0;6;181;NO;;NO;;;;NO;NO;NO;NO;NO;NO;SI;NO;
21;MAGDALENA;030;EL RETEN;00;00;PUESTOCABECERAMUNICIPAL;020;01;PRESIDENTE;NO;;;140;BUEN ESTADO;140;0;6;140;NO;;NO;;;;NO;NO;NO;NO;NO;NO;NO;NO;
21;MAGDALENA;030;EL RETEN;00;00;PUESTOCABECERAMUNICIPAL;021;01;PRESIDENTE;NO;;;122;BUEN ESTADO;122;0;6;122;NO;;NO;;;;NO;NO;NO;NO;NO;NO;NO;NO;
21;MAGDALENA;030;EL RETEN;00;00;PUESTOCABECERAMUNICIPAL;022;01;PRESIDENTE;NO;;;95;BUEN ESTADO;95;0;6;95;NO;;NO;;;;NO;NO;NO;NO;NO;NO;SI;NO;
21;MAGDALENA;030;EL RETEN;00;00;PUESTOCABECERAMUNICIPAL;023;01;PRESIDENTE;NO;;;101;BUEN ESTADO;101;0;6;101;NO;;NO;;;;NO;NO;NO;NO;NO;NO;SI;NO;
21;MAGDALENA;030;EL RETEN;00;00;PUESTOCABECERAMUNICIPAL;024;01;PRESIDENTE;NO;;;111;BUEN ESTADO;111;0;6;111;NO;;NO;;;;NO;NO;NO;NO;NO;NO;SI;NO;
21;MAGDALENA;030;EL RETEN;00;00;PUESTOCABECERAMUNICIPAL;025;01;PRESIDENTE;NO;;;114;BUEN ESTADO;114;0;6;114;NO;;NO;;;TOTAL DE VOTANTES EN EL E14 SE REGISTRA 360, SIN EMBARGO SE DEJA LA CONSTANCIA QUE SON 114 Y QUE EL NUMERO 360 CORRESPONDE A EL TOTAL DE SUFRAGANTE;NO;NO;NO;NO;NO;NO;SI;NO;
21;MAGDALENA;030;EL RETEN;00;00;PUESTOCABECERAMUNICIPAL;026;01;PRESIDENTE;NO;;;120;BUEN ESTADO;120;0;6;120;NO;;NO;;;;NO;NO;NO;NO;NO;NO;NO;NO;
21;MAGDALENA;030;EL RETEN;00;00;PUESTOCABECERAMUNICIPAL;027;01;PRESIDENTE;NO;;;130;BUEN ESTADO;130;0;6;130;NO;;NO;;;;NO;NO;NO;NO;NO;NO;SI;NO;
21;MAGDALENA;030;EL RETEN;00;00;PUESTOCABECERAMUNICIPAL;028;01;PRESIDENTE;NO;;;118;BUEN ESTADO;118;0;6;118;NO;;NO;;;;NO;NO;NO;NO;NO;NO;NO;NO;
21;MAGDALENA;030;EL RETEN;00;00;PUESTOCABECERAMUNICIPAL;029;01;PRESIDENTE;NO;;;119;BUEN ESTADO;119;0;6;119;NO;;NO;;;;NO;NO;NO;NO;NO;NO;SI;NO;
21;MAGDALENA;030;EL RETEN;00;00;PUESTOCABECERAMUNICIPAL;030;01;PRESIDENTE;NO;;;121;BUEN ESTADO;121;0;6;121;NO;;NO;;;;NO;NO;NO;NO;NO;NO;SI;NO;
21;MAGDALENA;030;EL RETEN;00;00;PUESTOCABECERAMUNICIPAL;031;01;PRESIDENTE;NO;;;133;BUEN ESTADO;133;0;6;133;NO;;NO;;;;NO;NO;NO;NO;NO;NO;SI;NO;
21;MAGDALENA;030;EL RETEN;00;00;PUESTOCABECERAMUNICIPAL;032;01;PRESIDENTE;NO;;;126;BUEN ESTADO;126;0;6;126;NO;;NO;;;;NO;NO;NO;NO;NO;NO;SI;NO;
21;MAGDALENA;030;EL RETEN;00;00;PUESTOCABECERAMUNICIPAL;033;01;PRESIDENTE;NO;;;124;BUEN ESTADO;124;0;6;124;NO;;NO;;;;NO;NO;NO;NO;NO;NO;SI;NO;
21;MAGDALENA;030;EL RETEN;00;00;PUESTOCABECERAMUNICIPAL;034;01;PRESIDENTE;NO;;;115;BUEN ESTADO;115;0;6;115;NO;;NO;;;;NO;NO;NO;NO;NO;NO;NO;NO;
21;MAGDALENA;030;EL RETEN;00;00;PUESTOCABECERAMUNICIPAL;035;01;PRESIDENTE;NO;;;119;BUEN ESTADO;119;0;6;119;NO;;NO;;;;NO;NO;NO;NO;NO;NO;SI;NO;
21;MAGDALENA;030;EL RETEN;00;00;PUESTOCABECERAMUNICIPAL;036;01;PRESIDENTE;NO;;;122;BUEN ESTADO;122;0;6;122;NO;;NO;;;;NO;NO;NO;NO;NO;NO;NO;NO;
21;MAGDALENA;030;EL RETEN;00;00;PUESTOCABECERAMUNICIPAL;037;01;PRESIDENTE;NO;;;124;BUEN ESTADO;124;0;6;124;NO;;NO;;;;NO;NO;NO;NO;NO;NO;SI;NO;
21;MAGDALENA;030;EL RETEN;00;00;PUESTOCABECERAMUNICIPAL;038;01;PRESIDENTE;NO;;;108;BUEN ESTADO;108;0;6;108;NO;;NO;;;;NO;NO;NO;NO;NO;NO;SI;NO;
21;MAGDALENA;030;EL RETEN;00;00;PUESTOCABECERAMUNICIPAL;039;01;PRESIDENTE;NO;;;116;BUEN ESTADO;116;0;6;116;NO;;NO;;;;NO;NO;NO;NO;NO;NO;SI;NO;
21;MAGDALENA;030;EL RETEN;00;00;PUESTOCABECERAMUNICIPAL;040;01;PRESIDENTE;NO;;;130;BUEN ESTADO;130;0;6;130;NO;;NO;;;;NO;NO;NO;NO;NO;NO;SI;NO;
21;MAGDALENA;030;EL RETEN;00;00;PUESTOCABECERAMUNICIPAL;041;01;PRESIDENTE;NO;;;143;BUEN ESTADO;143;0;6;143;NO;;NO;;;;NO;NO;NO;NO;NO;NO;SI;NO;
21;MAGDALENA;030;EL RETEN;00;00;PUESTOCABECERAMUNICIPAL;042;01;PRESIDENTE;NO;;;126;BUEN ESTADO;126;0;6;126;NO;;NO;;;;NO;NO;NO;NO;NO;NO;NO;NO;
21;MAGDALENA;030;EL RETEN;00;00;PUESTOCABECERAMUNICIPAL;043;01;PRESIDENTE;NO;;;118;BUEN ESTADO;118;0;6;118;NO;;NO;;;;NO;NO;NO;NO;NO;NO;SI;NO;
21;MAGDALENA;030;EL RETEN;00;00;PUESTOCABECERAMUNICIPAL;044;01;PRESIDENTE;NO;;;127;BUEN ESTADO;127;0;6;127;NO;;NO;;;;NO;NO;NO;NO;NO;NO;NO;NO;
21;MAGDALENA;030;EL RETEN;00;00;PUESTOCABECERAMUNICIPAL;045;01;PRESIDENTE;NO;;;117;BUEN ESTADO;117;0;6;117;NO;;NO;;;;NO;NO;NO;NO;NO;NO;SI;NO;
21;MAGDALENA;030;EL RETEN;00;00;PUESTOCABECERAMUNICIPAL;046;01;PRESIDENTE;NO;;;17;BUEN ESTADO;17;0;6;17;NO;;NO;;;;NO;NO;NO;NO;NO;NO;NO;NO;
21;MAGDALENA;030;EL RETEN;99;40;LACOLOMBIA;001;01;PRESIDENTE;NO;;;200;BUEN ESTADO;200;0;6;200;NO;;NO;;;;NO;NO;NO;NO;NO;NO;SI;NO;
21;MAGDALENA;030;EL RETEN;99;40;LACOLOMBIA;002;01;PRESIDENTE;NO;;;66;BUEN ESTADO;66;0;6;66;NO;;NO;;;;NO;NO;NO;NO;NO;NO;SI;NO;
21;MAGDALENA;030;EL RETEN;99;70;SANSEBASTIANDELBONGO;001;01;PRESIDENTE;NO;;;113;BUEN ESTADO;113;0;6;113;NO;;NO;;;;NO;NO;NO;NO;NO;NO;SI;NO;
21;MAGDALENA;031;FUNDACION;01;01;PARQUE7DEAGOSTO;001;01;PRESIDENTE;NO;;;177;BUEN ESTADO;177;0;6;177;NO;;NO;;;;NO;NO;NO;NO;NO;NO;SI;NO;
21;MAGDALENA;031;FUNDACION;01;01;PARQUE7DEAGOSTO;002;01;PRESIDENTE;NO;;;218;BUEN ESTADO;218;0;6;218;NO;;NO;;;;NO;NO;NO;NO;NO;NO;NO;NO;
21;MAGDALENA;031;FUNDACION;01;01;PARQUE7DEAGOSTO;003;01;PRESIDENTE;NO;;;250;BUEN ESTADO;250;0;6;250;NO;;NO;;;;NO;NO;NO;NO;NO;NO;NO;NO;
21;MAGDALENA;031;FUNDACION;01;01;PARQUE7DEAGOSTO;004;01;PRESIDENTE;NO;;;260;BUEN ESTADO;260;0;6;260;NO;;NO;;;;NO;NO;NO;NO;NO;NO;NO;NO;
21;MAGDALENA;031;FUNDACION;01;01;PARQUE7DEAGOSTO;005;01;PRESIDENTE;NO;;;234;BUEN ESTADO;234;0;6;234;NO;;NO;;;;NO;NO;NO;NO;NO;NO;SI;NO;
21;MAGDALENA;031;FUNDACION;01;01;PARQUE7DEAGOSTO;006;01;PRESIDENTE;NO;;;203;BUEN ESTADO;203;1;6;203;NO;;NO;;;;NO;NO;NO;NO;NO;NO;NO;NO;
21;MAGDALENA;031;FUNDACION;01;01;PARQUE7DEAGOSTO;007;01;PRESIDENTE;NO;;;206;BUEN ESTADO;206;0;6;206;NO;;NO;;;;NO;NO;NO;NO;NO;NO;NO;NO;
21;MAGDALENA;031;FUNDACION;01;01;PARQUE7DEAGOSTO;008;01;PRESIDENTE;NO;;;139;BUEN ESTADO;139;0;6;139;NO;;NO;;;;NO;NO;NO;NO;NO;NO;NO;NO;
21;MAGDALENA;031;FUNDACION;01;01;PARQUE7DEAGOSTO;009;01;PRESIDENTE;NO;;;151;BUEN ESTADO;151;0;6;151;NO;;NO;;;;NO;NO;NO;NO;NO;NO;SI;NO;
21;MAGDALENA;031;FUNDACION;01;01;PARQUE7DEAGOSTO;010;01;PRESIDENTE;NO;;;163;BUEN ESTADO;163;0;6;163;NO;;NO;;;;NO;NO;NO;NO;NO;NO;SI;NO;
21;MAGDALENA;031;FUNDACION;01;01;PARQUE7DEAGOSTO;011;01;PRESIDENTE;NO;;;250;BUEN ESTADO;250;0;6;250;NO;;NO;;;;NO;NO;NO;NO;NO;NO;SI;NO;
21;MAGDALENA;031;FUNDACION;01;01;PARQUE7DEAGOSTO;012;01;PRESIDENTE;NO;;;193;BUEN ESTADO;193;0;6;193;NO;;NO;;;;NO;NO;NO;NO;NO;NO;SI;NO;
21;MAGDALENA;031;FUNDACION;01;01;PARQUE7DEAGOSTO;013;01;PRESIDENTE;NO;;;208;BUEN ESTADO;208;0;6;208;NO;;NO;;;;NO;NO;NO;NO;NO;NO;NO;NO;
21;MAGDALENA;031;FUNDACION;01;01;PARQUE7DEAGOSTO;014;01;PRESIDENTE;NO;;;186;BUEN ESTADO;186;0;6;186;NO;;NO;;;;NO;NO;NO;NO;NO;NO;SI;NO;
21;MAGDALENA;031;FUNDACION;01;01;PARQUE7DEAGOSTO;015;01;PRESIDENTE;NO;;;176;BUEN ESTADO;176;0;6;176;NO;;NO;;;;NO;NO;NO;NO;NO;NO;NO;NO;
21;MAGDALENA;031;FUNDACION;01;01;PARQUE7DEAGOSTO;016;01;PRESIDENTE;NO;;;131;BUEN ESTADO;131;0;6;131;NO;;NO;;;;NO;NO;NO;NO;NO;NO;NO;NO;
21;MAGDALENA;031;FUNDACION;01;01;PARQUE7DEAGOSTO;017;01;PRESIDENTE;NO;;;18;BUEN ESTADO;18;0;6;18;NO;;NO;;;;NO;NO;NO;NO;NO;NO;NO;NO;
21;MAGDALENA;031;FUNDACION;01;02;IECOLOMBIA;001;01;PRESIDENTE;NO;;;239;BUEN ESTADO;239;0;6;239;NO;;NO;;;;NO;NO;NO;NO;NO;NO;SI;NO;
21;MAGDALENA;031;FUNDACION;01;02;IECOLOMBIA;002;01;PRESIDENTE;NO;;;204;BUEN ESTADO;204;0;6;204;NO;;NO;;;;NO;NO;NO;NO;NO;NO;SI;NO;
21;MAGDALENA;031;FUNDACION;01;02;IECOLOMBIA;003;01;PRESIDENTE;NO;;;231;BUEN ESTADO;231;0;6;231;NO;;NO;;;;NO;NO;NO;NO;NO;NO;SI;NO;
21;MAGDALENA;031;FUNDACION;01;02;IECOLOMBIA;004;01;PRESIDENTE;NO;;;251;BUEN ESTADO;251;0;6;251;NO;;NO;;;;NO;NO;NO;NO;NO;NO;SI;NO;
21;MAGDALENA;031;FUNDACION;01;02;IECOLOMBIA;005;01;PRESIDENTE;NO;;;210;BUEN ESTADO;210;0;6;210;NO;;NO;;;;NO;NO;NO;NO;NO;NO;SI;NO;
21;MAGDALENA;031;FUNDACION;01;02;IECOLOMBIA;006;01;PRESIDENTE;NO;;;217;BUEN ESTADO;217;0;6;217;NO;;NO;;;;NO;NO;NO;NO;NO;NO;SI;NO;
21;MAGDALENA;031;FUNDACION;01;02;IECOLOMBIA;007;01;PRESIDENTE;NO;;;172;BUEN ESTADO;172;0;6;172;NO;;NO;;;;NO;NO;NO;NO;NO;NO;NO;NO;
21;MAGDALENA;031;FUNDACION;01;02;IECOLOMBIA;008;01;PRESIDENTE;NO;;;129;BUEN ESTADO;129;0;6;129;NO;;NO;;;;NO;NO;NO;NO;NO;NO;NO;NO;
21;MAGDALENA;031;FUNDACION;01;02;IECOLOMBIA;009;01;PRESIDENTE;NO;;;142;BUEN ESTADO;142;0;6;142;NO;;NO;;;;NO;NO;NO;NO;NO;NO;NO;NO;
21;MAGDALENA;031;FUNDACION;01;02;IECOLOMBIA;010;01;PRESIDENTE;NO;;;159;BUEN ESTADO;159;0;6;159;NO;;NO;;;;NO;NO;NO;NO;NO;NO;NO;NO;
21;MAGDALENA;031;FUNDACION;01;02;IECOLOMBIA;011;01;PRESIDENTE;NO;;;163;BUEN ESTADO;163;0;6;163;NO;;NO;;;;NO;NO;NO;NO;NO;NO;SI;NO;
21;MAGDALENA;031;FUNDACION;01;02;IECOLOMBIA;012;01;PRESIDENTE;NO;;;150;BUEN ESTADO;150;0;6;150;NO;;NO;;;;NO;NO;NO;NO;NO;NO;NO;NO;
21;MAGDALENA;031;FUNDACION;01;02;IECOLOMBIA;013;01;PRESIDENTE;NO;;;104;BUEN ESTADO;104;0;6;104;NO;;NO;;;;NO;NO;NO;NO;NO;NO;NO;NO;
21;MAGDALENA;031;FUNDACION;01;02;IECOLOMBIA;014;01;PRESIDENTE;NO;;;149;BUEN ESTADO;149;0;6;149;NO;;NO;;;;NO;NO;NO;NO;NO;NO;NO;NO;
21;MAGDALENA;031;FUNDACION;01;02;IECOLOMBIA;015;01;PRESIDENTE;NO;;;31;BUEN ESTADO;31;0;6;31;NO;;NO;;;;NO;NO;NO;NO;NO;NO;NO;NO;
21;MAGDALENA;031;FUNDACION;01;03;IEDFUNDACION;001;01;PRESIDENTE;NO;;;181;BUEN ESTADO;181;0;6;181;NO;;NO;;;;NO;NO;NO;NO;NO;NO;SI;NO;
21;MAGDALENA;031;FUNDACION;01;03;IEDFUNDACION;002;01;PRESIDENTE;NO;;;241;BUEN ESTADO;241;0;6;241;NO;;NO;;;;NO;NO;NO;NO;NO;NO;SI;NO;
21;MAGDALENA;031;FUNDACION;01;03;IEDFUNDACION;003;01;PRESIDENTE;NO;;;234;BUEN ESTADO;234;0;6;234;NO;;NO;;;;NO;NO;NO;NO;NO;NO;SI;NO;
21;MAGDALENA;031;FUNDACION;01;03;IEDFUNDACION;004;01;PRESIDENTE;NO;;;187;BUEN ESTADO;187;0;6;187;NO;;NO;;;;NO;NO;NO;NO;NO;NO;SI;NO;
21;MAGDALENA;031;FUNDACION;01;03;IEDFUNDACION;005;01;PRESIDENTE;NO;;;178;BUEN ESTADO;178;0;6;178;NO;;NO;;;;NO;NO;NO;NO;NO;NO;SI;NO;
21;MAGDALENA;031;FUNDACION;01;03;IEDFUNDACION;006;01;PRESIDENTE;NO;;;206;BUEN ESTADO;206;0;6;206;NO;;NO;;;;NO;NO;NO;NO;NO;NO;SI;NO;
21;MAGDALENA;031;FUNDACION;01;03;IEDFUNDACION;007;01;PRESIDENTE;NO;;;169;BUEN ESTADO;169;0;5;169;NO;;NO;;;;NO;NO;NO;NO;NO;NO;SI;NO;
21;MAGDALENA;031;FUNDACION;01;03;IEDFUNDACION;008;01;PRESIDENTE;NO;;;140;BUEN ESTADO;140;0;6;140;NO;;NO;;;;NO;NO;NO;NO;NO;NO;SI;NO;
21;MAGDALENA;031;FUNDACION;01;03;IEDFUNDACION;009;01;PRESIDENTE;NO;;;190;BUEN ESTADO;190;0;6;190;NO;;NO;;;;NO;NO;NO;NO;NO;NO;NO;NO;
21;MAGDALENA;031;FUNDACION;01;03;IEDFUNDACION;010;01;PRESIDENTE;NO;;;220;BUEN ESTADO;220;0;6;220;NO;;NO;;;;NO;NO;NO;NO;NO;NO;SI;NO;
21;MAGDALENA;031;FUNDACION;01;03;IEDFUNDACION;011;01;PRESIDENTE;NO;;;180;BUEN ESTADO;180;0;6;180;NO;;NO;;;;NO;NO;NO;NO;NO;NO;SI;NO;
21;MAGDALENA;031;FUNDACION;01;03;IEDFUNDACION;012;01;PRESIDENTE;NO;;;132;BUEN ESTADO;132;0;6;132;NO;;NO;;;;NO;NO;NO;NO;NO;NO;SI;NO;
21;MAGDALENA;031;FUNDACION;01;03;IEDFUNDACION;013;01;PRESIDENTE;NO;;;142;BUEN ESTADO;142;0;6;142;NO;;NO;;;;NO;NO;NO;NO;NO;NO;SI;NO;
21;MAGDALENA;031;FUNDACION;01;03;IEDFUNDACION;014;01;PRESIDENTE;NO;;;157;BUEN ESTADO;157;0;6;157;NO;;NO;;;;NO;NO;NO;NO;NO;NO;NO;NO;
21;MAGDALENA;031;FUNDACION;01;03;IEDFUNDACION;015;01;PRESIDENTE;NO;;;146;BUEN ESTADO;146;0;6;146;NO;;NO;;;;NO;NO;NO;NO;NO;NO;SI;NO;
21;MAGDALENA;031;FUNDACION;01;03;IEDFUNDACION;016;01;PRESIDENTE;NO;;;155;BUEN ESTADO;155;0;6;155;NO;;NO;;;;NO;NO;NO;NO;NO;NO;SI;NO;
21;MAGDALENA;031;FUNDACION;01;03;IEDFUNDACION;017;01;PRESIDENTE;NO;;;158;BUEN ESTADO;158;0;6;158;NO;;NO;;;;NO;NO;NO;NO;NO;NO;NO;NO;
21;MAGDALENA;031;FUNDACION;01;03;IEDFUNDACION;018;01;PRESIDENTE;NO;;;170;BUEN ESTADO;170;0;6;170;NO;;NO;;;;NO;NO;NO;NO;NO;NO;SI;NO;
21;MAGDALENA;031;FUNDACION;01;03;IEDFUNDACION;019;01;PRESIDENTE;NO;;;148;BUEN ESTADO;148;0;6;148;NO;;NO;;;;NO;NO;NO;NO;NO;NO;SI;NO;
21;MAGDALENA;031;FUNDACION;01;03;IEDFUNDACION;020;01;PRESIDENTE;NO;;;124;BUEN ESTADO;124;0;6;124;NO;;NO;;;;NO;NO;NO;NO;NO;NO;SI;NO;
21;MAGDALENA;031;FUNDACION;01;03;IEDFUNDACION;021;01;PRESIDENTE;NO;;;143;BUEN ESTADO;143;0;6;143;NO;;NO;;;;NO;NO;NO;NO;NO;NO;NO;NO;
21;MAGDALENA;031;FUNDACION;01;03;IEDFUNDACION;022;01;PRESIDENTE;NO;;;23;BUEN ESTADO;23;0;6;23;NO;;NO;;;;NO;NO;NO;NO;NO;NO;NO;NO;
21;MAGDALENA;031;FUNDACION;02;01;I.E.JHONF.KENNEDY16DEJULIO;001;01;PRESIDENTE;NO;;;176;BUEN ESTADO;90;0;6;176;NO;;NO;;;;NO;NO;NO;NO;NO;NO;SI;NO;
21;MAGDALENA;031;FUNDACION;02;01;I.E.JHONF.KENNEDY16DEJULIO;002;01;PRESIDENTE;NO;;;230;BUEN ESTADO;230;0;6;230;NO;;NO;;;;NO;NO;NO;NO;NO;NO;NO;NO;
21;MAGDALENA;031;FUNDACION;02;01;I.E.JHONF.KENNEDY16DEJULIO;003;01;PRESIDENTE;NO;;;250;BUEN ESTADO;250;0;6;250;NO;;NO;;;;NO;NO;NO;NO;NO;NO;SI;NO;
21;MAGDALENA;031;FUNDACION;02;01;I.E.JHONF.KENNEDY16DEJULIO;004;01;PRESIDENTE;NO;;;204;BUEN ESTADO;204;0;6;204;NO;;NO;;;;NO;NO;NO;NO;NO;NO;NO;NO;
21;MAGDALENA;031;FUNDACION;02;01;I.E.JHONF.KENNEDY16DEJULIO;005;01;PRESIDENTE;NO;;;188;BUEN ESTADO;188;0;6;188;NO;;NO;;;;NO;NO;NO;NO;NO;NO;NO;NO;
21;MAGDALENA;031;FUNDACION;02;01;I.E.JHONF.KENNEDY16DEJULIO;006;01;PRESIDENTE;NO;;;187;BUEN ESTADO;187;0;5;187;NO;;NO;;;;NO;NO;NO;NO;NO;NO;SI;NO;
21;MAGDALENA;031;FUNDACION;02;01;I.E.JHONF.KENNEDY16DEJULIO;007;01;PRESIDENTE;NO;;;173;BUEN ESTADO;173;0;6;173;NO;;NO;;;;NO;NO;NO;NO;NO;NO;SI;NO;
21;MAGDALENA;031;FUNDACION;02;01;I.E.JHONF.KENNEDY16DEJULIO;008;01;PRESIDENTE;NO;;;201;BUEN ESTADO;201;0;6;201;NO;;NO;;;;NO;NO;NO;NO;NO;NO;SI;NO;
21;MAGDALENA;031;FUNDACION;02;01;I.E.JHONF.KENNEDY16DEJULIO;009;01;PRESIDENTE;NO;;;212;BUEN ESTADO;212;0;6;212;NO;;NO;;;;NO;NO;NO;NO;NO;NO;SI;NO;
21;MAGDALENA;031;FUNDACION;02;01;I.E.JHONF.KENNEDY16DEJULIO;010;01;PRESIDENTE;NO;;;236;BUEN ESTADO;236;0;4;236;NO;;NO;;;;NO;NO;NO;NO;NO;NO;NO;NO;
21;MAGDALENA;031;FUNDACION;02;01;I.E.JHONF.KENNEDY16DEJULIO;011;01;PRESIDENTE;NO;;;211;BUEN ESTADO;211;0;6;211;NO;;NO;;;;NO;NO;NO;NO;NO;NO;SI;NO;
21;MAGDALENA;031;FUNDACION;02;01;I.E.JHONF.KENNEDY16DEJULIO;012;01;PRESIDENTE;NO;;;152;BUEN ESTADO;152;0;5;152;NO;;NO;;;;NO;NO;NO;NO;NO;NO;NO;NO;
21;MAGDALENA;031;FUNDACION;02;01;I.E.JHONF.KENNEDY16DEJULIO;013;01;PRESIDENTE;NO;;;148;BUEN ESTADO;148;0;6;148;NO;;NO;;;;NO;NO;NO;NO;NO;NO;NO;NO;
21;MAGDALENA;031;FUNDACION;02;01;I.E.JHONF.KENNEDY16DEJULIO;014;01;PRESIDENTE;NO;;;124;BUEN ESTADO;124;0;6;124;NO;;NO;;;;NO;NO;NO;NO;NO;NO;NO;NO;
21;MAGDALENA;031;FUNDACION;02;01;I.E.JHONF.KENNEDY16DEJULIO;015;01;PRESIDENTE;NO;;;137;BUEN ESTADO;137;0;6;137;NO;;NO;;;;NO;NO;NO;NO;NO;NO;NO;NO;
21;MAGDALENA;031;FUNDACION;02;01;I.E.JHONF.KENNEDY16DEJULIO;016;01;PRESIDENTE;NO;;;105;BUEN ESTADO;105;0;6;105;NO;;NO;;;;NO;NO;NO;NO;NO;NO;NO;NO;
21;MAGDALENA;031;FUNDACION;02;01;I.E.JHONF.KENNEDY16DEJULIO;017;01;PRESIDENTE;NO;;;113;BUEN ESTADO;113;0;6;113;NO;;NO;;;;NO;NO;NO;NO;NO;NO;NO;NO;
21;MAGDALENA;031;FUNDACION;02;01;I.E.JHONF.KENNEDY16DEJULIO;018;01;PRESIDENTE;NO;;;111;BUEN ESTADO;111;0;6;111;NO;;NO;;;;NO;NO;NO;NO;NO;NO;SI;NO;
21;MAGDALENA;031;FUNDACION;02;01;I.E.JHONF.KENNEDY16DEJULIO;019;01;PRESIDENTE;NO;;;113;BUEN ESTADO;113;0;6;113;NO;;NO;;;;SI;NO;NO;NO;NO;NO;SI;NO;
21;MAGDALENA;031;FUNDACION;02;01;I.E.JHONF.KENNEDY16DEJULIO;020;01;PRESIDENTE;NO;;;127;BUEN ESTADO;127;0;6;127;NO;;NO;;;;NO;NO;NO;NO;NO;NO;NO;NO;
21;MAGDALENA;031;FUNDACION;02;01;I.E.JHONF.KENNEDY16DEJULIO;021;01;PRESIDENTE;NO;;;109;BUEN ESTADO;109;0;6;109;NO;;NO;;;;NO;NO;NO;NO;NO;NO;SI;NO;
21;MAGDALENA;031;FUNDACION;02;01;I.E.JHONF.KENNEDY16DEJULIO;022;01;PRESIDENTE;NO;;;125;BUEN ESTADO;125;0;5;125;NO;;NO;;;;NO;NO;NO;NO;NO;NO;NO;NO;
21;MAGDALENA;031;FUNDACION;02;01;I.E.JHONF.KENNEDY16DEJULIO;023;01;PRESIDENTE;NO;;;123;BUEN ESTADO;123;0;6;123;NO;;NO;;;;NO;NO;NO;NO;NO;NO;SI;NO;
21;MAGDALENA;031;FUNDACION;02;01;I.E.JHONF.KENNEDY16DEJULIO;024;01;PRESIDENTE;NO;;;109;BUEN ESTADO;109;0;6;109;NO;;NO;;;;NO;NO;NO;NO;NO;NO;SI;NO;
21;MAGDALENA;031;FUNDACION;02;01;I.E.JHONF.KENNEDY16DEJULIO;025;01;PRESIDENTE;NO;;;147;BUEN ESTADO;147;0;6;147;NO;;NO;;;;NO;NO;NO;NO;NO;NO;SI;NO;
21;MAGDALENA;031;FUNDACION;02;01;I.E.JHONF.KENNEDY16DEJULIO;026;01;PRESIDENTE;NO;;;129;BUEN ESTADO;129;0;6;129;NO;;NO;;;;NO;NO;NO;NO;NO;NO;SI;NO;
21;MAGDALENA;031;FUNDACION;02;01;I.E.JHONF.KENNEDY16DEJULIO;027;01;PRESIDENTE;NO;;;124;BUEN ESTADO;124;0;6;124;NO;;NO;;;;NO;NO;NO;NO;NO;NO;NO;NO;
21;MAGDALENA;031;FUNDACION;02;01;I.E.JHONF.KENNEDY16DEJULIO;028;01;PRESIDENTE;NO;;;149;BUEN ESTADO;149;0;6;149;NO;;NO;;;;NO;NO;NO;NO;NO;NO;SI;NO;
21;MAGDALENA;031;FUNDACION;02;01;I.E.JHONF.KENNEDY16DEJULIO;029;01;PRESIDENTE;NO;;;117;BUEN ESTADO;117;0;6;117;NO;;NO;;;;NO;NO;NO;NO;NO;NO;NO;NO;
21;MAGDALENA;031;FUNDACION;02;01;I.E.JHONF.KENNEDY16DEJULIO;030;01;PRESIDENTE;NO;;;86;BUEN ESTADO;86;0;6;86;NO;;NO;;;;NO;NO;NO;NO;NO;NO;NO;NO;
21;MAGDALENA;031;FUNDACION;02;01;I.E.JHONF.KENNEDY16DEJULIO;031;01;PRESIDENTE;NO;;;9;BUEN ESTADO;9;0;6;9;NO;;NO;;;;NO;NO;NO;NO;NO;NO;NO;NO;
21;MAGDALENA;031;FUNDACION;02;01;I.E.JHONF.KENNEDY16DEJULIO;032;01;PRESIDENTE;NO;;;94;BUEN ESTADO;95;0;6;94;NO;;NO;;;;SI;NO;NO;NO;NO;NO;SI;NO;
21;MAGDALENA;031;FUNDACION;02;01;I.E.JHONF.KENNEDY16DEJULIO;033;01;PRESIDENTE;NO;;;105;BUEN ESTADO;105;0;6;105;NO;;NO;;;;NO;NO;NO;NO;NO;NO;SI;NO;
21;MAGDALENA;031;FUNDACION;02;01;I.E.JHONF.KENNEDY16DEJULIO;034;01;PRESIDENTE;NO;;;110;BUEN ESTADO;110;0;6;110;NO;;NO;;;;NO;NO;NO;NO;NO;NO;NO;NO;
21;MAGDALENA;031;FUNDACION;02;01;I.E.JHONF.KENNEDY16DEJULIO;035;01;PRESIDENTE;NO;;;45;BUEN ESTADO;45;0;5;45;NO;;NO;;;;NO;NO;NO;NO;NO;NO;NO;NO;
21;MAGDALENA;031;FUNDACION;02;02;C.D.I.LALUZ;001;01;PRESIDENTE;NO;;;169;BUEN ESTADO;169;0;6;169;NO;;NO;;;;NO;NO;NO;NO;NO;NO;SI;NO;
21;MAGDALENA;031;FUNDACION;02;02;C.D.I.LALUZ;002;01;PRESIDENTE;NO;;;217;BUEN ESTADO;217;0;6;217;NO;;NO;;;;NO;NO;NO;NO;NO;NO;NO;NO;
21;MAGDALENA;031;FUNDACION;02;02;C.D.I.LALUZ;003;01;PRESIDENTE;NO;;;216;BUEN ESTADO;217;0;6;217;NO;;NO;;;;NO;NO;NO;NO;NO;NO;SI;NO;
21;MAGDALENA;031;FUNDACION;02;02;C.D.I.LALUZ;004;01;PRESIDENTE;NO;;;179;BUEN ESTADO;179;0;6;179;NO;;NO;;;;NO;NO;NO;NO;NO;NO;NO;NO;
21;MAGDALENA;031;FUNDACION;02;02;C.D.I.LALUZ;005;01;PRESIDENTE;NO;;;164;BUEN ESTADO;164;0;6;164;NO;;NO;;;;NO;NO;NO;NO;NO;NO;SI;NO;
21;MAGDALENA;031;FUNDACION;02;02;C.D.I.LALUZ;006;01;PRESIDENTE;NO;;;190;MAL ESTADO;189;0;6;190;NO;;NO;;;;NO;NO;NO;NO;NO;NO;SI;NO;
21;MAGDALENA;031;FUNDACION;02;02;C.D.I.LALUZ;007;01;PRESIDENTE;NO;;;210;BUEN ESTADO;209;0;6;210;NO;;NO;;;;NO;NO;NO;NO;NO;NO;SI;NO;
21;MAGDALENA;031;FUNDACION;02;02;C.D.I.LALUZ;008;01;PRESIDENTE;NO;;;184;BUEN ESTADO;184;0;6;184;NO;;NO;;;;NO;NO;NO;NO;NO;NO;SI;NO;
21;MAGDALENA;031;FUNDACION;02;02;C.D.I.LALUZ;009;01;PRESIDENTE;NO;;;203;BUEN ESTADO;203;0;6;203;NO;;NO;;;;NO;NO;NO;NO;NO;NO;SI;NO;
21;MAGDALENA;031;FUNDACION;02;02;C.D.I.LALUZ;010;01;PRESIDENTE;NO;;;151;BUEN ESTADO;151;0;6;151;NO;;NO;;;;NO;NO;NO;NO;NO;NO;SI;NO;
21;MAGDALENA;031;FUNDACION;02;02;C.D.I.LALUZ;011;01;PRESIDENTE;NO;;;118;BUEN ESTADO;118;0;6;118;NO;;NO;;;;NO;NO;NO;NO;NO;NO;NO;NO;
21;MAGDALENA;031;FUNDACION;02;02;C.D.I.LALUZ;012;01;PRESIDENTE;NO;;;113;BUEN ESTADO;113;0;6;113;NO;;NO;;;;NO;NO;NO;NO;NO;NO;SI;NO;
21;MAGDALENA;031;FUNDACION;02;02;C.D.I.LALUZ;013;01;PRESIDENTE;NO;;;124;BUEN ESTADO;124;0;6;124;NO;;NO;;;;NO;NO;NO;NO;NO;NO;SI;NO;
21;MAGDALENA;031;FUNDACION;02;02;C.D.I.LALUZ;014;01;PRESIDENTE;NO;;;120;BUEN ESTADO;120;0;6;120;NO;;NO;;;;NO;NO;NO;NO;NO;NO;SI;NO;
21;MAGDALENA;031;FUNDACION;02;02;C.D.I.LALUZ;015;01;PRESIDENTE;NO;;;123;BUEN ESTADO;123;0;6;123;NO;;NO;;;;NO;NO;NO;NO;NO;NO;SI;NO;
21;MAGDALENA;031;FUNDACION;02;02;C.D.I.LALUZ;016;01;PRESIDENTE;NO;;;108;BUEN ESTADO;108;0;6;108;NO;;NO;;;;NO;NO;NO;NO;NO;NO;NO;NO;
21;MAGDALENA;031;FUNDACION;02;02;C.D.I.LALUZ;017;01;PRESIDENTE;NO;;;113;BUEN ESTADO;113;0;6;113;NO;;NO;;;;NO;NO;NO;NO;NO;NO;SI;NO;
21;MAGDALENA;031;FUNDACION;02;02;C.D.I.LALUZ;018;01;PRESIDENTE;NO;;;117;BUEN ESTADO;117;0;6;117;NO;;NO;;;;NO;NO;NO;NO;NO;NO;NO;NO;
21;MAGDALENA;031;FUNDACION;02;02;C.D.I.LALUZ;019;01;PRESIDENTE;NO;;;116;BUEN ESTADO;116;0;6;116;NO;;NO;;;;NO;NO;NO;NO;NO;NO;SI;NO;
21;MAGDALENA;031;FUNDACION;02;02;C.D.I.LALUZ;020;01;PRESIDENTE;NO;;;107;BUEN ESTADO;107;0;6;107;NO;;NO;;;;NO;NO;NO;NO;NO;NO;NO;NO;
21;MAGDALENA;031;FUNDACION;02;02;C.D.I.LALUZ;021;01;PRESIDENTE;NO;;;116;BUEN ESTADO;116;0;6;116;NO;;NO;;;;NO;NO;NO;NO;NO;NO;NO;NO;
21;MAGDALENA;031;FUNDACION;02;02;C.D.I.LALUZ;022;01;PRESIDENTE;NO;;;124;BUEN ESTADO;124;0;6;124;NO;;NO;;;;NO;NO;NO;NO;NO;NO;SI;NO;
21;MAGDALENA;031;FUNDACION;02;02;C.D.I.LALUZ;023;01;PRESIDENTE;NO;;;142;BUEN ESTADO;142;0;6;142;NO;;NO;;;;NO;NO;NO;NO;NO;NO;NO;NO;
21;MAGDALENA;031;FUNDACION;02;02;C.D.I.LALUZ;024;01;PRESIDENTE;NO;;;119;BUEN ESTADO;119;0;6;119;NO;;NO;;;;NO;NO;NO;NO;NO;NO;NO;NO;
21;MAGDALENA;031;FUNDACION;02;02;C.D.I.LALUZ;025;01;PRESIDENTE;NO;;;119;BUEN ESTADO;119;0;6;119;NO;;NO;;;;NO;NO;NO;NO;NO;NO;SI;NO;
21;MAGDALENA;031;FUNDACION;02;02;C.D.I.LALUZ;026;01;PRESIDENTE;NO;;;119;BUEN ESTADO;119;0;6;119;NO;;NO;;;;NO;NO;NO;NO;NO;NO;NO;NO;
21;MAGDALENA;031;FUNDACION;02;02;C.D.I.LALUZ;027;01;PRESIDENTE;NO;;;106;BUEN ESTADO;106;0;6;106;NO;;NO;;;;NO;NO;NO;NO;NO;NO;SI;NO;
21;MAGDALENA;031;FUNDACION;02;02;C.D.I.LALUZ;028;01;PRESIDENTE;NO;;;152;BUEN ESTADO;152;0;6;152;NO;;NO;;;;NO;NO;NO;NO;NO;NO;NO;NO;
21;MAGDALENA;031;FUNDACION;02;02;C.D.I.LALUZ;029;01;PRESIDENTE;NO;;;127;BUEN ESTADO;127;0;6;127;NO;;NO;;;;NO;NO;NO;NO;NO;NO;NO;NO;
21;MAGDALENA;031;FUNDACION;02;02;C.D.I.LALUZ;030;01;PRESIDENTE;NO;;;131;BUEN ESTADO;131;0;6;131;NO;;NO;;;;NO;NO;NO;NO;NO;NO;NO;NO;
21;MAGDALENA;031;FUNDACION;02;02;C.D.I.LALUZ;031;01;PRESIDENTE;NO;;;141;BUEN ESTADO;141;0;6;141;NO;;NO;;;;NO;NO;NO;NO;NO;NO;SI;NO;
21;MAGDALENA;031;FUNDACION;02;02;C.D.I.LALUZ;032;01;PRESIDENTE;NO;;;112;BUEN ESTADO;112;0;6;112;NO;;NO;;;;NO;NO;NO;NO;NO;NO;NO;NO;
21;MAGDALENA;031;FUNDACION;02;02;C.D.I.LALUZ;033;01;PRESIDENTE;NO;;;7;BUEN ESTADO;7;0;6;7;NO;;NO;;;;NO;NO;NO;NO;NO;NO;NO;NO;
21;MAGDALENA;031;FUNDACION;02;02;C.D.I.LALUZ;034;01;PRESIDENTE;NO;;;76;BUEN ESTADO;76;0;6;76;NO;;NO;;;;NO;NO;NO;NO;NO;NO;SI;NO;
21;MAGDALENA;031;FUNDACION;02;02;C.D.I.LALUZ;035;01;PRESIDENTE;NO;;;96;BUEN ESTADO;96;0;6;96;NO;;NO;;;;NO;NO;NO;NO;NO;NO;SI;NO;
21;MAGDALENA;031;FUNDACION;02;02;C.D.I.LALUZ;036;01;PRESIDENTE;NO;;;92;BUEN ESTADO;92;0;6;92;NO;;NO;;;;NO;NO;NO;NO;NO;NO;NO;NO;
21;MAGDALENA;031;FUNDACION;02;02;C.D.I.LALUZ;037;01;PRESIDENTE;NO;;;111;BUEN ESTADO;111;0;6;111;NO;;NO;;;;NO;NO;NO;NO;NO;NO;SI;NO;
21;MAGDALENA;031;FUNDACION;02;02;C.D.I.LALUZ;038;01;PRESIDENTE;NO;;;30;BUEN ESTADO;30;0;6;30;NO;;NO;;;;NO;NO;NO;NO;NO;NO;NO;NO;
21;MAGDALENA;031;FUNDACION;02;03;I.E.DEPTALFCODEPAULASANTA;001;01;PRESIDENTE;NO;;;201;BUEN ESTADO;201;0;6;201;NO;;NO;;;;NO;NO;NO;NO;NO;NO;NO;NO;
21;MAGDALENA;031;FUNDACION;02;03;I.E.DEPTALFCODEPAULASANTA;002;01;PRESIDENTE;NO;;;183;BUEN ESTADO;183;0;6;183;NO;;NO;;;;NO;NO;NO;NO;NO;NO;NO;NO;
21;MAGDALENA;031;FUNDACION;02;03;I.E.DEPTALFCODEPAULASANTA;003;01;PRESIDENTE;NO;;;198;BUEN ESTADO;198;0;5;198;NO;;NO;;;;NO;NO;NO;NO;NO;NO;NO;NO;
21;MAGDALENA;031;FUNDACION;02;03;I.E.DEPTALFCODEPAULASANTA;004;01;PRESIDENTE;NO;;;180;BUEN ESTADO;180;0;6;180;NO;;NO;;;;NO;NO;NO;NO;NO;NO;NO;NO;
21;MAGDALENA;031;FUNDACION;02;03;I.E.DEPTALFCODEPAULASANTA;005;01;PRESIDENTE;NO;;;132;BUEN ESTADO;132;0;6;132;NO;;NO;;;;NO;NO;NO;NO;NO;NO;NO;NO;
21;MAGDALENA;031;FUNDACION;02;03;I.E.DEPTALFCODEPAULASANTA;006;01;PRESIDENTE;NO;;;121;BUEN ESTADO;121;0;6;121;NO;;NO;;;;NO;NO;NO;NO;NO;NO;NO;NO;
21;MAGDALENA;031;FUNDACION;02;03;I.E.DEPTALFCODEPAULASANTA;007;01;PRESIDENTE;NO;;;126;BUEN ESTADO;126;0;6;126;NO;;NO;;;;NO;NO;NO;NO;NO;NO;NO;NO;
21;MAGDALENA;031;FUNDACION;02;03;I.E.DEPTALFCODEPAULASANTA;008;01;PRESIDENTE;NO;;;125;BUEN ESTADO;125;0;6;125;NO;;NO;;;;NO;NO;NO;NO;NO;NO;NO;NO;
21;MAGDALENA;031;FUNDACION;02;03;I.E.DEPTALFCODEPAULASANTA;009;01;PRESIDENTE;NO;;;144;BUEN ESTADO;144;0;6;144;NO;;NO;;;;NO;NO;NO;NO;NO;NO;NO;NO;
21;MAGDALENA;031;FUNDACION;02;03;I.E.DEPTALFCODEPAULASANTA;010;01;PRESIDENTE;NO;;;124;BUEN ESTADO;124;0;6;124;NO;;NO;;;;NO;NO;NO;NO;NO;NO;NO;NO;
21;MAGDALENA;031;FUNDACION;02;03;I.E.DEPTALFCODEPAULASANTA;011;01;PRESIDENTE;NO;;;136;BUEN ESTADO;136;0;5;136;NO;;NO;;;;NO;NO;NO;NO;NO;NO;NO;NO;
21;MAGDALENA;031;FUNDACION;02;03;I.E.DEPTALFCODEPAULASANTA;012;01;PRESIDENTE;NO;;;131;BUEN ESTADO;131;0;6;131;NO;;NO;;;;NO;NO;NO;NO;NO;NO;NO;NO;
21;MAGDALENA;031;FUNDACION;02;03;I.E.DEPTALFCODEPAULASANTA;013;01;PRESIDENTE;NO;;;89;BUEN ESTADO;89;0;4;89;NO;;NO;;;;NO;NO;NO;NO;NO;NO;NO;NO;
21;MAGDALENA;031;FUNDACION;90;01;JHONF.KENNEDYPPAL;001;01;PRESIDENTE;NO;;;208;BUEN ESTADO;208;0;6;208;NO;;NO;;;;NO;NO;NO;NO;NO;NO;SI;NO;
21;MAGDALENA;031;FUNDACION;90;01;JHONF.KENNEDYPPAL;002;01;PRESIDENTE;NO;;;232;BUEN ESTADO;232;0;6;232;NO;;NO;;;;NO;NO;NO;NO;NO;NO;SI;NO;
21;MAGDALENA;031;FUNDACION;90;01;JHONF.KENNEDYPPAL;003;01;PRESIDENTE;NO;;;228;BUEN ESTADO;228;0;6;228;NO;;NO;;;;NO;NO;NO;NO;NO;NO;SI;NO;
21;MAGDALENA;031;FUNDACION;90;01;JHONF.KENNEDYPPAL;004;01;PRESIDENTE;NO;;;258;BUEN ESTADO;258;0;6;258;NO;;NO;;;;NO;NO;NO;NO;NO;NO;NO;NO;
21;MAGDALENA;031;FUNDACION;90;01;JHONF.KENNEDYPPAL;005;01;PRESIDENTE;NO;;;274;BUEN ESTADO;274;0;6;274;NO;;NO;;;;NO;NO;NO;NO;NO;NO;SI;NO;
21;MAGDALENA;031;FUNDACION;90;01;JHONF.KENNEDYPPAL;006;01;PRESIDENTE;NO;;;318;BUEN ESTADO;318;0;6;318;NO;;NO;;;;NO;NO;NO;NO;NO;NO;SI;NO;
21;MAGDALENA;031;FUNDACION;90;01;JHONF.KENNEDYPPAL;007;01;PRESIDENTE;NO;;;240;BUEN ESTADO;240;0;6;240;NO;;NO;;;;NO;NO;NO;NO;NO;NO;NO;NO;
21;MAGDALENA;031;FUNDACION;90;01;JHONF.KENNEDYPPAL;008;01;PRESIDENTE;NO;;;11;BUEN ESTADO;11;0;6;11;NO;;NO;;;;NO;NO;NO;NO;NO;NO;NO;NO;
21;MAGDALENA;031;FUNDACION;99;09;DOÑAMARIA;001;01;PRESIDENTE;NO;;;97;BUEN ESTADO;97;0;5;97;NO;;NO;;;;NO;NO;NO;NO;NO;NO;NO;NO;
21;MAGDALENA;031;FUNDACION;99;09;DOÑAMARIA;002;01;PRESIDENTE;NO;;;85;BUEN ESTADO;85;0;6;85;NO;;NO;;;;NO;NO;NO;NO;NO;NO;NO;NO;
21;MAGDALENA;031;FUNDACION;99;09;DOÑAMARIA;003;01;PRESIDENTE;NO;;;80;BUEN ESTADO;80;0;6;80;NO;;NO;;;;NO;NO;NO;NO;NO;NO;NO;NO;
21;MAGDALENA;031;FUNDACION;99;09;DOÑAMARIA;004;01;PRESIDENTE;NO;;;57;BUEN ESTADO;57;0;6;57;NO;;NO;;;;NO;NO;NO;NO;NO;NO;NO;NO;
21;MAGDALENA;031;FUNDACION;99;13;SANTAROSADELIMA;001;01;PRESIDENTE;NO;;;115;BUEN ESTADO;115;0;6;115;NO;;NO;;;;NO;NO;NO;NO;NO;NO;SI;NO;
21;MAGDALENA;031;FUNDACION;99;13;SANTAROSADELIMA;002;01;PRESIDENTE;NO;;;119;BUEN ESTADO;119;0;6;119;NO;;NO;;;;NO;NO;NO;NO;NO;NO;SI;NO;
21;MAGDALENA;031;FUNDACION;99;13;SANTAROSADELIMA;003;01;PRESIDENTE;NO;;;119;BUEN ESTADO;119;0;6;119;NO;;NO;;;;NO;NO;NO;NO;NO;NO;SI;NO;
21;MAGDALENA;031;FUNDACION;99;13;SANTAROSADELIMA;004;01;PRESIDENTE;NO;;;93;BUEN ESTADO;93;0;6;93;NO;;NO;;;;NO;NO;NO;NO;NO;NO;SI;NO;
21;MAGDALENA;031;FUNDACION;99;13;SANTAROSADELIMA;005;01;PRESIDENTE;NO;;;104;BUEN ESTADO;104;0;6;104;NO;;NO;;;;NO;NO;NO;NO;NO;NO;NO;NO;
21;MAGDALENA;031;FUNDACION;99;13;SANTAROSADELIMA;006;01;PRESIDENTE;NO;;;47;BUEN ESTADO;47;0;6;47;NO;;NO;;;;NO;NO;NO;NO;NO;NO;NO;NO;
21;MAGDALENA;031;FUNDACION;99;40;SACRAMENTO;001;01;PRESIDENTE;NO;;;144;BUEN ESTADO;144;0;5;144;NO;;NO;;;;NO;NO;NO;NO;NO;NO;NO;NO;
21;MAGDALENA;031;FUNDACION;99;40;SACRAMENTO;002;01;PRESIDENTE;NO;;;94;BUEN ESTADO;94;0;5;94;NO;;NO;;;;NO;NO;NO;NO;NO;NO;NO;NO;
21;MAGDALENA;031;FUNDACION;99;40;SACRAMENTO;003;01;PRESIDENTE;NO;;;17;BUEN ESTADO;17;0;5;17;NO;;NO;;;;NO;NO;NO;NO;NO;NO;NO;NO;
21;MAGDALENA;031;FUNDACION;99;80;SANTACLARA;001;01;PRESIDENTE;NO;;;130;BUEN ESTADO;130;0;4;130;NO;;NO;;;;NO;NO;NO;NO;NO;NO;NO;NO;
21;MAGDALENA;031;FUNDACION;99;80;SANTACLARA;002;01;PRESIDENTE;NO;;;154;BUEN ESTADO;154;0;3;154;NO;;NO;;;;NO;NO;NO;NO;NO;NO;NO;NO;
21;MAGDALENA;031;FUNDACION;99;80;SANTACLARA;003;01;PRESIDENTE;NO;;;124;BUEN ESTADO;124;0;3;124;NO;;NO;;;;NO;NO;NO;NO;NO;NO;NO;NO;
21;MAGDALENA;031;FUNDACION;99;80;SANTACLARA;004;01;PRESIDENTE;NO;;;96;BUEN ESTADO;96;0;3;96;NO;;NO;;;;NO;NO;NO;NO;NO;NO;NO;NO;
21;MAGDALENA;031;FUNDACION;99;80;SANTACLARA;005;01;PRESIDENTE;NO;;;70;BUEN ESTADO;70;0;2;70;NO;;NO;;;;NO;NO;NO;NO;NO;NO;NO;NO;
21;MAGDALENA;031;FUNDACION;99;80;SANTACLARA;006;01;PRESIDENTE;NO;;;50;BUEN ESTADO;50;0;2;50;NO;;NO;;;;NO;NO;NO;NO;NO;NO;NO;NO;
21;MAGDALENA;040;GUAMAL;00;00;PUESTOCABECERAMUNICIPAL;001;01;PRESIDENTE;NO;;;209;BUEN ESTADO;210;1;6;209;NO;;NO;;;;NO;NO;NO;NO;NO;NO;SI;NO;
21;MAGDALENA;040;GUAMAL;00;00;PUESTOCABECERAMUNICIPAL;002;01;PRESIDENTE;NO;;;225;BUEN ESTADO;225;0;6;225;NO;;NO;;;;NO;NO;NO;NO;NO;NO;NO;NO;
21;MAGDALENA;040;GUAMAL;00;00;PUESTOCABECERAMUNICIPAL;003;01;PRESIDENTE;NO;;;172;BUEN ESTADO;172;0;6;172;NO;;NO;;;;NO;NO;NO;NO;NO;NO;NO;NO;
21;MAGDALENA;040;GUAMAL;00;00;PUESTOCABECERAMUNICIPAL;004;01;PRESIDENTE;NO;;;199;BUEN ESTADO;199;0;5;199;NO;;NO;;;;NO;NO;NO;NO;NO;NO;SI;NO;
21;MAGDALENA;040;GUAMAL;00;00;PUESTOCABECERAMUNICIPAL;005;01;PRESIDENTE;NO;;;123;BUEN ESTADO;123;0;6;123;NO;;NO;;;;NO;NO;NO;NO;NO;NO;SI;NO;
21;MAGDALENA;040;GUAMAL;00;00;PUESTOCABECERAMUNICIPAL;006;01;PRESIDENTE;NO;;;147;BUEN ESTADO;147;0;6;147;NO;;NO;;;;NO;NO;NO;NO;NO;NO;SI;NO;
21;MAGDALENA;040;GUAMAL;00;00;PUESTOCABECERAMUNICIPAL;007;01;PRESIDENTE;NO;;;209;BUEN ESTADO;209;0;6;209;NO;;NO;;;;NO;NO;NO;NO;NO;NO;SI;NO;
21;MAGDALENA;040;GUAMAL;00;00;PUESTOCABECERAMUNICIPAL;008;01;PRESIDENTE;NO;;;159;BUEN ESTADO;159;0;5;159;NO;;NO;;;;NO;NO;NO;NO;NO;NO;SI;NO;
21;MAGDALENA;040;GUAMAL;00;00;PUESTOCABECERAMUNICIPAL;009;01;PRESIDENTE;NO;;;184;BUEN ESTADO;184;0;5;184;NO;;NO;;;;NO;NO;NO;NO;NO;NO;NO;NO;
21;MAGDALENA;040;GUAMAL;00;00;PUESTOCABECERAMUNICIPAL;010;01;PRESIDENTE;NO;;;209;BUEN ESTADO;209;0;5;209;NO;;NO;;;;NO;NO;NO;NO;NO;NO;SI;NO;
21;MAGDALENA;040;GUAMAL;00;00;PUESTOCABECERAMUNICIPAL;011;01;PRESIDENTE;NO;;;124;BUEN ESTADO;124;0;6;124;NO;;NO;;;;NO;NO;NO;NO;NO;NO;NO;NO;
21;MAGDALENA;040;GUAMAL;00;00;PUESTOCABECERAMUNICIPAL;012;01;PRESIDENTE;NO;;;107;BUEN ESTADO;107;0;6;107;NO;;NO;;;;NO;NO;NO;NO;NO;NO;NO;NO;
21;MAGDALENA;040;GUAMAL;00;00;PUESTOCABECERAMUNICIPAL;013;01;PRESIDENTE;NO;;;101;BUEN ESTADO;101;0;6;101;NO;;NO;;;;NO;NO;NO;NO;NO;NO;NO;NO;
21;MAGDALENA;040;GUAMAL;00;00;PUESTOCABECERAMUNICIPAL;014;01;PRESIDENTE;NO;;;111;BUEN ESTADO;111;0;5;111;NO;;NO;;;;NO;NO;NO;NO;NO;NO;NO;NO;
21;MAGDALENA;040;GUAMAL;00;00;PUESTOCABECERAMUNICIPAL;015;01;PRESIDENTE;NO;;;123;BUEN ESTADO;123;0;6;123;NO;;NO;;;;NO;NO;NO;NO;NO;NO;SI;NO;
21;MAGDALENA;040;GUAMAL;00;00;PUESTOCABECERAMUNICIPAL;016;01;PRESIDENTE;NO;;;139;BUEN ESTADO;139;0;6;139;NO;;NO;;;;NO;NO;NO;NO;NO;NO;NO;NO;
21;MAGDALENA;040;GUAMAL;00;00;PUESTOCABECERAMUNICIPAL;017;01;PRESIDENTE;NO;;;119;BUEN ESTADO;119;0;6;119;NO;;NO;;;;NO;NO;NO;NO;NO;NO;SI;NO;
21;MAGDALENA;040;GUAMAL;00;00;PUESTOCABECERAMUNICIPAL;018;01;PRESIDENTE;NO;;;100;BUEN ESTADO;100;0;5;100;NO;;NO;;;;NO;NO;NO;NO;NO;NO;SI;NO;
21;MAGDALENA;040;GUAMAL;00;00;PUESTOCABECERAMUNICIPAL;019;01;PRESIDENTE;NO;;;87;BUEN ESTADO;87;0;5;87;NO;;NO;;;;NO;NO;NO;NO;NO;NO;NO;NO;
21;MAGDALENA;040;GUAMAL;00;00;PUESTOCABECERAMUNICIPAL;020;01;PRESIDENTE;NO;;;81;BUEN ESTADO;81;0;4;81;NO;;NO;;;;NO;NO;NO;NO;NO;NO;SI;NO;
21;MAGDALENA;040;GUAMAL;00;00;PUESTOCABECERAMUNICIPAL;021;01;PRESIDENTE;NO;;;114;BUEN ESTADO;114;0;6;114;NO;;NO;;;;NO;NO;NO;NO;NO;NO;SI;NO;
21;MAGDALENA;040;GUAMAL;00;00;PUESTOCABECERAMUNICIPAL;022;01;PRESIDENTE;NO;;;88;BUEN ESTADO;88;0;6;88;NO;;NO;;;;NO;NO;NO;NO;NO;NO;NO;NO;
21;MAGDALENA;040;GUAMAL;00;00;PUESTOCABECERAMUNICIPAL;023;01;PRESIDENTE;NO;;;88;BUEN ESTADO;88;0;6;88;NO;;NO;;;;NO;NO;NO;NO;NO;NO;NO;NO;
21;MAGDALENA;040;GUAMAL;00;00;PUESTOCABECERAMUNICIPAL;024;01;PRESIDENTE;NO;;;107;BUEN ESTADO;107;0;5;107;NO;;NO;;;;NO;NO;NO;NO;NO;NO;NO;NO;
21;MAGDALENA;040;GUAMAL;00;00;PUESTOCABECERAMUNICIPAL;025;01;PRESIDENTE;NO;;;95;BUEN ESTADO;95;0;5;95;NO;;NO;;;;NO;NO;NO;NO;NO;NO;NO;NO;
21;MAGDALENA;040;GUAMAL;00;00;PUESTOCABECERAMUNICIPAL;026;01;PRESIDENTE;NO;;;100;BUEN ESTADO;100;0;6;100;NO;;NO;;;;NO;NO;NO;NO;NO;NO;NO;NO;
21;MAGDALENA;040;GUAMAL;99;01;GUAIMARAL;001;01;PRESIDENTE;NO;;;176;BUEN ESTADO;176;0;6;176;NO;;NO;;;;NO;NO;NO;NO;NO;NO;SI;NO;
21;MAGDALENA;040;GUAMAL;99;01;GUAIMARAL;002;01;PRESIDENTE;NO;;;171;BUEN ESTADO;171;0;6;171;NO;;NO;;;;NO;NO;NO;NO;NO;NO;NO;NO;
21;MAGDALENA;040;GUAMAL;99;01;GUAIMARAL;003;01;PRESIDENTE;NO;;;110;BUEN ESTADO;110;0;6;110;NO;;NO;;;;NO;NO;NO;NO;NO;NO;NO;NO;
21;MAGDALENA;040;GUAMAL;99;01;GUAIMARAL;004;01;PRESIDENTE;NO;;;43;BUEN ESTADO;43;0;6;43;NO;;NO;;;;NO;NO;NO;NO;NO;NO;NO;NO;
21;MAGDALENA;040;GUAMAL;99;02;BELLAVISTA;001;01;PRESIDENTE;NO;;;142;BUEN ESTADO;142;0;6;142;NO;;NO;;;;NO;NO;NO;NO;NO;NO;NO;NO;
21;MAGDALENA;040;GUAMAL;99;03;CASADETABLA;001;01;PRESIDENTE;NO;;;201;BUEN ESTADO;201;0;6;201;NO;;NO;;;;NO;NO;NO;NO;NO;NO;SI;NO;
21;MAGDALENA;040;GUAMAL;99;03;CASADETABLA;002;01;PRESIDENTE;NO;;;42;BUEN ESTADO;42;0;6;42;NO;;NO;;;;NO;NO;NO;NO;NO;NO;NO;NO;
21;MAGDALENA;040;GUAMAL;99;04;LASFLORES;001;01;PRESIDENTE;NO;;;194;BUEN ESTADO;194;0;5;194;NO;;NO;;;;NO;NO;NO;NO;NO;NO;NO;NO;
21;MAGDALENA;040;GUAMAL;99;04;LASFLORES;002;01;PRESIDENTE;NO;;;103;BUEN ESTADO;103;0;6;103;NO;;NO;;;;NO;NO;NO;NO;NO;NO;SI;NO;
21;MAGDALENA;040;GUAMAL;99;05;HATOVIEJO;001;01;PRESIDENTE;NO;;;242;BUEN ESTADO;242;0;6;242;NO;;NO;;;;NO;NO;NO;NO;NO;NO;SI;NO;
21;MAGDALENA;040;GUAMAL;99;05;HATOVIEJO;002;01;PRESIDENTE;NO;;;139;BUEN ESTADO;139;0;5;139;NO;;NO;;;;NO;NO;NO;NO;NO;NO;NO;NO;
21;MAGDALENA;040;GUAMAL;99;05;HATOVIEJO;003;01;PRESIDENTE;NO;;;47;BUEN ESTADO;15;0;5;47;NO;;NO;;;;NO;NO;NO;NO;NO;NO;NO;NO;
21;MAGDALENA;040;GUAMAL;99;06;PEDREGOZA(LARINCONADA);001;01;PRESIDENTE;NO;;;116;BUEN ESTADO;116;0;6;116;NO;;NO;;;;NO;NO;NO;NO;NO;NO;NO;NO;
21;MAGDALENA;040;GUAMAL;99;07;LOSANDES;001;01;PRESIDENTE;NO;;;177;BUEN ESTADO;177;0;6;177;NO;;NO;;;;NO;NO;NO;NO;NO;NO;SI;NO;
21;MAGDALENA;040;GUAMAL;99;07;LOSANDES;002;01;PRESIDENTE;NO;;;210;BUEN ESTADO;210;0;5;210;NO;;NO;;;;NO;NO;NO;NO;NO;NO;NO;NO;
21;MAGDALENA;040;GUAMAL;99;07;LOSANDES;003;01;PRESIDENTE;NO;;;134;BUEN ESTADO;134;0;6;134;NO;;NO;;;;NO;NO;NO;NO;NO;NO;NO;NO;
21;MAGDALENA;040;GUAMAL;99;07;LOSANDES;004;01;PRESIDENTE;NO;;;133;BUEN ESTADO;133;0;5;133;NO;;NO;;;;NO;NO;NO;NO;NO;NO;NO;NO;
21;MAGDALENA;040;GUAMAL;99;07;LOSANDES;005;01;PRESIDENTE;NO;;;55;BUEN ESTADO;55;0;6;55;NO;;NO;;;;NO;NO;NO;NO;NO;NO;NO;NO;
21;MAGDALENA;040;GUAMAL;99;08;LACEIBA;001;01;PRESIDENTE;NO;;;181;BUEN ESTADO;181;0;4;181;NO;;NO;;;;NO;NO;NO;NO;NO;NO;SI;NO;
21;MAGDALENA;040;GUAMAL;99;08;LACEIBA;002;01;PRESIDENTE;NO;;;98;BUEN ESTADO;98;0;6;98;NO;;NO;;;;NO;NO;NO;NO;NO;NO;SI;NO;
21;MAGDALENA;040;GUAMAL;99;09;MURILLO;001;01;PRESIDENTE;NO;;;221;BUEN ESTADO;221;0;6;221;NO;;NO;;;;NO;NO;NO;NO;NO;NO;SI;NO;
21;MAGDALENA;040;GUAMAL;99;09;MURILLO;002;01;PRESIDENTE;NO;;;102;BUEN ESTADO;102;0;6;102;NO;;NO;;;;NO;NO;NO;NO;NO;NO;SI;NO;
21;MAGDALENA;040;GUAMAL;99;10;PAJARAL;001;01;PRESIDENTE;NO;;;171;BUEN ESTADO;171;0;5;171;NO;;NO;;;;NO;NO;NO;NO;NO;NO;NO;NO;
21;MAGDALENA;040;GUAMAL;99;10;PAJARAL;002;01;PRESIDENTE;NO;;;8;BUEN ESTADO;8;0;6;8;NO;;NO;;;;NO;NO;NO;NO;NO;NO;NO;NO;
21;MAGDALENA;040;GUAMAL;99;11;PARACO;001;01;PRESIDENTE;NO;;;88;BUEN ESTADO;88;0;6;88;NO;;NO;;;;NO;NO;NO;NO;NO;NO;NO;NO;
21;MAGDALENA;040;GUAMAL;99;13;PAMPAN;001;01;PRESIDENTE;NO;;;193;BUEN ESTADO;193;0;5;193;NO;;NO;;;;NO;NO;NO;NO;NO;NO;SI;NO;
21;MAGDALENA;040;GUAMAL;99;13;PAMPAN;002;01;PRESIDENTE;NO;;;135;BUEN ESTADO;135;0;6;135;NO;;NO;;;;NO;NO;NO;NO;NO;NO;NO;NO;
21;MAGDALENA;040;GUAMAL;99;13;PAMPAN;003;01;PRESIDENTE;NO;;;11;BUEN ESTADO;11;0;5;11;NO;;NO;;;;NO;NO;NO;NO;NO;NO;NO;NO;
21;MAGDALENA;040;GUAMAL;99;15;PLAYASBLANCAS;001;01;PRESIDENTE;NO;;;131;BUEN ESTADO;131;0;6;131;NO;;NO;;;;NO;NO;NO;NO;NO;NO;SI;NO;
21;MAGDALENA;040;GUAMAL;99;17;RICAURTE;001;01;PRESIDENTE;NO;;;217;BUEN ESTADO;217;0;6;217;NO;;NO;;;;NO;NO;NO;NO;NO;NO;NO;NO;
21;MAGDALENA;040;GUAMAL;99;17;RICAURTE;002;01;PRESIDENTE;NO;;;191;BUEN ESTADO;191;0;6;191;NO;;NO;;;;NO;NO;NO;NO;NO;NO;NO;NO;
21;MAGDALENA;040;GUAMAL;99;17;RICAURTE;003;01;PRESIDENTE;NO;;;97;BUEN ESTADO;97;0;5;97;NO;;NO;;;;NO;NO;NO;NO;NO;NO;NO;NO;
21;MAGDALENA;040;GUAMAL;99;21;SALVADORA;001;01;PRESIDENTE;NO;;;172;BUEN ESTADO;172;0;6;172;NO;;NO;;;;NO;NO;NO;NO;NO;NO;SI;NO;
21;MAGDALENA;040;GUAMAL;99;21;SALVADORA;002;01;PRESIDENTE;NO;;;81;BUEN ESTADO;81;0;6;81;NO;;NO;;;;NO;NO;NO;NO;NO;NO;NO;NO;
21;MAGDALENA;040;GUAMAL;99;22;SANANTONIO;001;01;PRESIDENTE;NO;;;187;BUEN ESTADO;187;0;6;187;NO;;NO;;;;NO;NO;NO;NO;NO;NO;NO;NO;
21;MAGDALENA;040;GUAMAL;99;22;SANANTONIO;002;01;PRESIDENTE;NO;;;77;BUEN ESTADO;177;0;4;177;NO;;NO;;;;NO;NO;NO;NO;NO;NO;NO;NO;
21;MAGDALENA;040;GUAMAL;99;23;SANISIDRO;001;01;PRESIDENTE;NO;;;196;BUEN ESTADO;196;0;5;196;NO;;NO;;;;NO;NO;NO;NO;NO;NO;SI;NO;
21;MAGDALENA;040;GUAMAL;99;23;SANISIDRO;002;01;PRESIDENTE;NO;;;135;BUEN ESTADO;135;0;6;135;NO;;NO;;;;NO;NO;NO;NO;NO;NO;NO;NO;
21;MAGDALENA;040;GUAMAL;99;23;SANISIDRO;003;01;PRESIDENTE;NO;;;70;BUEN ESTADO;70;0;4;70;NO;;NO;;;;NO;NO;NO;NO;NO;NO;NO;NO;
21;MAGDALENA;040;GUAMAL;99;24;SANPEDRO;001;01;PRESIDENTE;NO;;;176;BUEN ESTADO;176;0;4;176;NO;;NO;;;;NO;NO;NO;NO;NO;NO;SI;NO;
21;MAGDALENA;040;GUAMAL;99;24;SANPEDRO;002;01;PRESIDENTE;NO;;;79;BUEN ESTADO;79;0;6;79;NO;;NO;;;;NO;NO;NO;NO;NO;NO;NO;NO;
21;MAGDALENA;040;GUAMAL;99;25;URQUIJO;001;01;PRESIDENTE;NO;;;171;BUEN ESTADO;171;0;6;171;NO;;NO;;;;NO;NO;NO;NO;NO;NO;SI;NO;
21;MAGDALENA;040;GUAMAL;99;25;URQUIJO;002;01;PRESIDENTE;NO;;;196;BUEN ESTADO;196;0;5;196;NO;;NO;;;;NO;NO;NO;NO;NO;NO;SI;NO;
21;MAGDALENA;040;GUAMAL;99;25;URQUIJO;003;01;PRESIDENTE;NO;;;128;BUEN ESTADO;128;0;6;128;NO;;NO;;;;NO;NO;NO;NO;NO;NO;NO;NO;
21;MAGDALENA;040;GUAMAL;99;25;URQUIJO;004;01;PRESIDENTE;NO;;;130;BUEN ESTADO;130;0;6;130;NO;;NO;;;;NO;NO;NO;NO;NO;NO;NO;NO;
21;MAGDALENA;040;GUAMAL;99;25;URQUIJO;005;01;PRESIDENTE;NO;;;76;BUEN ESTADO;76;0;6;76;NO;;NO;;;;NO;NO;NO;NO;NO;NO;NO;NO;
21;MAGDALENA;040;GUAMAL;99;45;SANTATERESITA;001;01;PRESIDENTE;NO;;;144;BUEN ESTADO;144;0;5;144;NO;;NO;;;;NO;NO;NO;NO;NO;NO;NO;NO;
21;MAGDALENA;040;GUAMAL;99;50;SITIONUEVO;001;01;PRESIDENTE;NO;;;161;BUEN ESTADO;161;0;6;161;NO;;NO;;;;NO;NO;NO;NO;NO;NO;SI;NO;
21;MAGDALENA;040;GUAMAL;99;50;SITIONUEVO;002;01;PRESIDENTE;NO;;;69;BUEN ESTADO;69;0;5;69;NO;;NO;;;;NO;NO;NO;NO;NO;NO;NO;NO;
21;MAGDALENA;040;GUAMAL;99;50;SITIONUEVO;003;01;PRESIDENTE;NO;;;13;BUEN ESTADO;13;0;6;13;NO;;NO;;;;NO;NO;NO;NO;NO;NO;NO;NO;
21;MAGDALENA;040;GUAMAL;99;70;VILLANUEVA;001;01;PRESIDENTE;NO;;;160;BUEN ESTADO;160;0;5;160;NO;;NO;;;;NO;NO;NO;NO;NO;NO;SI;NO;
21;MAGDALENA;040;GUAMAL;99;70;VILLANUEVA;002;01;PRESIDENTE;NO;;;115;BUEN ESTADO;115;0;6;115;NO;;NO;;;;NO;NO;NO;NO;NO;NO;SI;NO;
21;MAGDALENA;040;GUAMAL;99;70;VILLANUEVA;003;01;PRESIDENTE;NO;;;85;BUEN ESTADO;85;0;5;85;NO;;NO;;;;NO;NO;NO;NO;NO;NO;NO;NO;
21;MAGDALENA;042;NUEVA GRANADA;00;00;PUESTOCABECERAMUNICIPAL;001;01;PRESIDENTE;NO;;;164;BUEN ESTADO;164;0;6;164;NO;;NO;;;;NO;NO;NO;NO;NO;NO;SI;NO;
21;MAGDALENA;042;NUEVA GRANADA;00;00;PUESTOCABECERAMUNICIPAL;002;01;PRESIDENTE;NO;;;167;BUEN ESTADO;167;0;5;167;NO;;NO;;;;NO;NO;NO;NO;NO;NO;SI;NO;
21;MAGDALENA;042;NUEVA GRANADA;00;00;PUESTOCABECERAMUNICIPAL;003;01;PRESIDENTE;NO;;;201;BUEN ESTADO;199;0;4;199;NO;;NO;;;;NO;NO;NO;NO;NO;NO;SI;NO;
21;MAGDALENA;042;NUEVA GRANADA;00;00;PUESTOCABECERAMUNICIPAL;004;01;PRESIDENTE;NO;;;187;BUEN ESTADO;187;0;6;187;NO;;NO;;;;NO;NO;NO;NO;NO;NO;NO;NO;
21;MAGDALENA;042;NUEVA GRANADA;00;00;PUESTOCABECERAMUNICIPAL;005;01;PRESIDENTE;NO;;;160;BUEN ESTADO;160;0;5;160;NO;;NO;;;;NO;NO;NO;NO;NO;NO;NO;NO;
21;MAGDALENA;042;NUEVA GRANADA;00;00;PUESTOCABECERAMUNICIPAL;006;01;PRESIDENTE;NO;;;179;BUEN ESTADO;179;0;5;179;NO;;NO;;;;NO;NO;NO;NO;NO;NO;SI;NO;
21;MAGDALENA;042;NUEVA GRANADA;00;00;PUESTOCABECERAMUNICIPAL;007;01;PRESIDENTE;NO;;;199;BUEN ESTADO;199;0;6;199;NO;;NO;;;;NO;NO;NO;NO;NO;NO;SI;NO;
21;MAGDALENA;042;NUEVA GRANADA;00;00;PUESTOCABECERAMUNICIPAL;008;01;PRESIDENTE;NO;;;189;BUEN ESTADO;189;0;5;189;NO;;NO;;;;NO;NO;NO;NO;NO;NO;SI;NO;
21;MAGDALENA;042;NUEVA GRANADA;00;00;PUESTOCABECERAMUNICIPAL;009;01;PRESIDENTE;NO;;;173;BUEN ESTADO;173;0;6;173;NO;;NO;;;;NO;NO;NO;NO;NO;NO;SI;NO;
21;MAGDALENA;042;NUEVA GRANADA;00;00;PUESTOCABECERAMUNICIPAL;010;01;PRESIDENTE;NO;;;193;BUEN ESTADO;193;0;6;193;NO;;NO;;;;NO;NO;NO;NO;NO;NO;NO;NO;
21;MAGDALENA;042;NUEVA GRANADA;00;00;PUESTOCABECERAMUNICIPAL;011;01;PRESIDENTE;NO;;;181;BUEN ESTADO;181;0;6;181;NO;;NO;;;;NO;NO;NO;NO;NO;NO;SI;NO;
21;MAGDALENA;042;NUEVA GRANADA;00;00;PUESTOCABECERAMUNICIPAL;012;01;PRESIDENTE;NO;;;131;BUEN ESTADO;131;0;5;131;NO;;NO;;;;NO;NO;NO;NO;NO;NO;NO;NO;
21;MAGDALENA;042;NUEVA GRANADA;00;00;PUESTOCABECERAMUNICIPAL;013;01;PRESIDENTE;NO;;;134;BUEN ESTADO;134;0;5;134;NO;;NO;;;;NO;NO;NO;NO;NO;NO;NO;NO;
21;MAGDALENA;042;NUEVA GRANADA;00;00;PUESTOCABECERAMUNICIPAL;014;01;PRESIDENTE;NO;;;123;BUEN ESTADO;123;0;5;123;NO;;NO;;;;NO;NO;NO;NO;NO;NO;SI;NO;
21;MAGDALENA;042;NUEVA GRANADA;00;00;PUESTOCABECERAMUNICIPAL;015;01;PRESIDENTE;NO;;;139;BUEN ESTADO;139;0;6;139;NO;;NO;;;;NO;NO;NO;NO;NO;NO;SI;NO;
21;MAGDALENA;042;NUEVA GRANADA;00;00;PUESTOCABECERAMUNICIPAL;016;01;PRESIDENTE;NO;;;126;BUEN ESTADO;126;0;5;126;NO;;NO;;;;NO;NO;NO;NO;NO;NO;NO;NO;
21;MAGDALENA;042;NUEVA GRANADA;00;00;PUESTOCABECERAMUNICIPAL;017;01;PRESIDENTE;NO;;;123;BUEN ESTADO;123;0;4;123;NO;;NO;;;;NO;NO;NO;NO;NO;NO;SI;NO;
21;MAGDALENA;042;NUEVA GRANADA;00;00;PUESTOCABECERAMUNICIPAL;018;01;PRESIDENTE;NO;;;142;BUEN ESTADO;142;0;6;142;NO;;NO;;;;NO;NO;NO;NO;NO;NO;SI;NO;
21;MAGDALENA;042;NUEVA GRANADA;00;00;PUESTOCABECERAMUNICIPAL;019;01;PRESIDENTE;NO;;;154;BUEN ESTADO;154;0;4;154;NO;;NO;;;;NO;NO;NO;NO;NO;NO;SI;NO;
21;MAGDALENA;042;NUEVA GRANADA;00;00;PUESTOCABECERAMUNICIPAL;020;01;PRESIDENTE;NO;;;115;BUEN ESTADO;115;0;3;115;NO;;NO;;;;NO;NO;NO;NO;NO;NO;SI;NO;
21;MAGDALENA;042;NUEVA GRANADA;00;00;PUESTOCABECERAMUNICIPAL;021;01;PRESIDENTE;NO;;;133;BUEN ESTADO;133;0;4;133;NO;;NO;;;;NO;NO;NO;NO;NO;NO;NO;NO;
21;MAGDALENA;042;NUEVA GRANADA;00;00;PUESTOCABECERAMUNICIPAL;022;01;PRESIDENTE;NO;;;124;BUEN ESTADO;124;0;6;124;NO;;NO;;;;NO;NO;NO;NO;NO;NO;SI;NO;
21;MAGDALENA;042;NUEVA GRANADA;00;00;PUESTOCABECERAMUNICIPAL;023;01;PRESIDENTE;NO;;;137;BUEN ESTADO;137;0;6;137;NO;;NO;;;;NO;NO;NO;NO;NO;NO;NO;NO;
21;MAGDALENA;042;NUEVA GRANADA;00;00;PUESTOCABECERAMUNICIPAL;024;01;PRESIDENTE;NO;;;140;BUEN ESTADO;140;0;5;140;NO;;NO;;;;NO;NO;NO;NO;NO;NO;SI;NO;
21;MAGDALENA;042;NUEVA GRANADA;00;00;PUESTOCABECERAMUNICIPAL;025;01;PRESIDENTE;NO;;;156;BUEN ESTADO;156;0;5;156;NO;;NO;;;;NO;NO;NO;NO;NO;NO;SI;NO;
21;MAGDALENA;042;NUEVA GRANADA;00;00;PUESTOCABECERAMUNICIPAL;026;01;PRESIDENTE;NO;;;146;BUEN ESTADO;146;0;5;146;NO;;NO;;;;NO;NO;NO;NO;NO;NO;SI;NO;
21;MAGDALENA;042;NUEVA GRANADA;00;00;PUESTOCABECERAMUNICIPAL;027;01;PRESIDENTE;NO;;;139;BUEN ESTADO;139;0;3;139;NO;;NO;;;;NO;NO;NO;NO;NO;NO;SI;NO;
21;MAGDALENA;042;NUEVA GRANADA;00;00;PUESTOCABECERAMUNICIPAL;028;01;PRESIDENTE;NO;;;120;BUEN ESTADO;120;0;5;120;NO;;NO;;;;NO;NO;NO;NO;NO;NO;SI;NO;
21;MAGDALENA;042;NUEVA GRANADA;99;07;ELBAJO;001;01;PRESIDENTE;NO;;;134;BUEN ESTADO;134;0;5;134;NO;;NO;;;;NO;NO;NO;NO;NO;NO;NO;NO;
21;MAGDALENA;042;NUEVA GRANADA;99;07;ELBAJO;002;01;PRESIDENTE;NO;;;126;BUEN ESTADO;126;0;4;126;NO;;NO;;;;NO;NO;NO;NO;NO;NO;SI;NO;
21;MAGDALENA;042;NUEVA GRANADA;99;07;ELBAJO;003;01;PRESIDENTE;NO;;;10;BUEN ESTADO;10;0;4;10;NO;;NO;;;;NO;NO;NO;NO;NO;NO;NO;NO;
21;MAGDALENA;042;NUEVA GRANADA;99;14;LASTINAS;001;01;PRESIDENTE;NO;;;156;BUEN ESTADO;156;0;4;156;NO;;NO;;;;NO;NO;NO;NO;NO;NO;NO;NO;
21;MAGDALENA;042;NUEVA GRANADA;99;14;LASTINAS;002;01;PRESIDENTE;NO;;;123;BUEN ESTADO;123;0;3;123;NO;;NO;;;;NO;NO;NO;NO;NO;NO;SI;NO;
21;MAGDALENA;042;NUEVA GRANADA;99;14;LASTINAS;003;01;PRESIDENTE;NO;;;55;BUEN ESTADO;55;0;5;55;NO;;NO;;;;NO;NO;NO;NO;NO;NO;NO;NO;
21;MAGDALENA;042;NUEVA GRANADA;99;15;LAGLORIA;001;01;PRESIDENTE;NO;;;149;BUEN ESTADO;149;0;5;149;NO;;NO;;;;NO;NO;NO;NO;NO;NO;SI;NO;
21;MAGDALENA;042;NUEVA GRANADA;99;15;LAGLORIA;002;01;PRESIDENTE;NO;;;133;BUEN ESTADO;133;0;5;133;NO;;NO;;;;NO;NO;NO;NO;NO;NO;SI;NO;
21;MAGDALENA;042;NUEVA GRANADA;99;16;LOSANDES;001;01;PRESIDENTE;NO;;;169;BUEN ESTADO;169;0;5;169;NO;;NO;;;;NO;NO;NO;NO;NO;NO;NO;NO;
21;MAGDALENA;042;NUEVA GRANADA;99;16;LOSANDES;002;01;PRESIDENTE;NO;;;199;BUEN ESTADO;199;0;5;199;NO;;NO;;;;NO;NO;NO;NO;NO;NO;SI;NO;
21;MAGDALENA;042;NUEVA GRANADA;99;16;LOSANDES;003;01;PRESIDENTE;NO;;;180;BUEN ESTADO;180;0;5;180;NO;;NO;;;;NO;NO;NO;NO;NO;NO;SI;NO;
21;MAGDALENA;042;NUEVA GRANADA;99;16;LOSANDES;004;01;PRESIDENTE;NO;;;173;BUEN ESTADO;173;0;5;173;NO;;NO;;;;NO;NO;NO;NO;NO;NO;NO;NO;
21;MAGDALENA;042;NUEVA GRANADA;99;16;LOSANDES;005;01;PRESIDENTE;NO;;;225;BUEN ESTADO;225;0;4;225;NO;;NO;;;;NO;NO;NO;NO;NO;NO;SI;NO;
21;MAGDALENA;042;NUEVA GRANADA;99;16;LOSANDES;006;01;PRESIDENTE;NO;;;218;BUEN ESTADO;218;0;3;218;NO;;NO;;;;NO;NO;NO;NO;NO;NO;SI;NO;
21;MAGDALENA;042;NUEVA GRANADA;99;16;LOSANDES;007;01;PRESIDENTE;NO;;;155;BUEN ESTADO;155;0;4;155;NO;;NO;;;;NO;NO;NO;NO;NO;NO;NO;NO;
21;MAGDALENA;042;NUEVA GRANADA;99;16;LOSANDES;008;01;PRESIDENTE;NO;;;136;BUEN ESTADO;136;0;5;136;NO;;NO;;;;NO;NO;NO;NO;NO;NO;NO;NO;
21;MAGDALENA;042;NUEVA GRANADA;99;16;LOSANDES;009;01;PRESIDENTE;NO;;;178;BUEN ESTADO;178;0;4;178;NO;;NO;;;;NO;NO;NO;NO;NO;NO;SI;NO;
21;MAGDALENA;042;NUEVA GRANADA;99;16;LOSANDES;010;01;PRESIDENTE;NO;;;159;BUEN ESTADO;159;0;4;159;NO;;NO;;;;NO;NO;NO;NO;NO;NO;NO;NO;
21;MAGDALENA;042;NUEVA GRANADA;99;16;LOSANDES;011;01;PRESIDENTE;NO;;;133;BUEN ESTADO;133;0;5;133;NO;;NO;;;;NO;NO;NO;NO;NO;NO;SI;NO;
21;MAGDALENA;042;NUEVA GRANADA;99;16;LOSANDES;012;01;PRESIDENTE;NO;;;149;BUEN ESTADO;149;0;4;149;NO;;NO;;;;NO;NO;NO;NO;NO;NO;SI;NO;
21;MAGDALENA;042;NUEVA GRANADA;99;16;LOSANDES;013;01;PRESIDENTE;NO;;;148;BUEN ESTADO;148;0;3;148;NO;;NO;;;;NO;NO;NO;NO;NO;NO;SI;NO;
21;MAGDALENA;042;NUEVA GRANADA;99;16;LOSANDES;014;01;PRESIDENTE;NO;;;98;BUEN ESTADO;98;0;4;98;NO;;NO;;;;NO;NO;NO;NO;NO;NO;SI;NO;
21;MAGDALENA;042;NUEVA GRANADA;99;40;SANJOSEDEBALLESTEROS;001;01;PRESIDENTE;NO;;;184;BUEN ESTADO;184;0;4;184;NO;;NO;;;;NO;NO;NO;NO;NO;NO;NO;NO;
21;MAGDALENA;042;NUEVA GRANADA;99;40;SANJOSEDEBALLESTEROS;002;01;PRESIDENTE;NO;;;20;BUEN ESTADO;20;0;5;20;NO;;NO;;;;NO;NO;NO;NO;NO;NO;NO;NO;
21;MAGDALENA;046;PEDRAZA;00;00;PUESTOCABECERAMUNICIPAL;001;01;PRESIDENTE;NO;;;222;BUEN ESTADO;222;0;6;222;NO;;NO;;;;NO;NO;NO;NO;NO;NO;NO;NO;
21;MAGDALENA;046;PEDRAZA;00;00;PUESTOCABECERAMUNICIPAL;002;01;PRESIDENTE;NO;;;169;BUEN ESTADO;168;0;6;169;NO;;NO;;;;NO;NO;NO;NO;NO;NO;NO;NO;
21;MAGDALENA;046;PEDRAZA;00;00;PUESTOCABECERAMUNICIPAL;003;01;PRESIDENTE;NO;;;157;BUEN ESTADO;157;0;6;157;NO;;NO;;;;NO;NO;NO;NO;NO;NO;NO;NO;
21;MAGDALENA;046;PEDRAZA;00;00;PUESTOCABECERAMUNICIPAL;004;01;PRESIDENTE;NO;;;188;BUEN ESTADO;188;0;6;188;NO;;NO;;;;NO;NO;NO;NO;NO;NO;SI;NO;
21;MAGDALENA;046;PEDRAZA;00;00;PUESTOCABECERAMUNICIPAL;005;01;PRESIDENTE;NO;;;164;BUEN ESTADO;164;0;6;164;NO;;NO;;;;NO;NO;NO;NO;NO;NO;NO;NO;
21;MAGDALENA;046;PEDRAZA;00;00;PUESTOCABECERAMUNICIPAL;006;01;PRESIDENTE;NO;;;96;BUEN ESTADO;96;0;4;96;NO;;NO;;;;NO;NO;NO;NO;NO;NO;SI;NO;
21;MAGDALENA;046;PEDRAZA;00;00;PUESTOCABECERAMUNICIPAL;007;01;PRESIDENTE;NO;;;118;BUEN ESTADO;118;0;6;118;NO;;NO;;;;NO;NO;NO;NO;NO;NO;SI;NO;
21;MAGDALENA;046;PEDRAZA;00;00;PUESTOCABECERAMUNICIPAL;008;01;PRESIDENTE;NO;;;103;BUEN ESTADO;103;0;5;103;NO;;NO;;;;NO;NO;NO;NO;NO;NO;SI;NO;
21;MAGDALENA;046;PEDRAZA;00;00;PUESTOCABECERAMUNICIPAL;009;01;PRESIDENTE;NO;;;119;BUEN ESTADO;119;0;5;119;NO;;NO;;;;NO;NO;NO;NO;NO;NO;SI;NO;
21;MAGDALENA;046;PEDRAZA;00;00;PUESTOCABECERAMUNICIPAL;010;01;PRESIDENTE;NO;;;82;BUEN ESTADO;82;0;5;82;NO;;NO;;;;NO;NO;NO;NO;NO;NO;NO;NO;
21;MAGDALENA;046;PEDRAZA;99;01;BAHIAHONDA;001;01;PRESIDENTE;NO;;;166;BUEN ESTADO;166;0;6;166;NO;;NO;;;;NO;NO;NO;NO;NO;NO;SI;NO;
21;MAGDALENA;046;PEDRAZA;99;01;BAHIAHONDA;002;01;PRESIDENTE;NO;;;163;BUEN ESTADO;163;0;6;163;NO;;NO;;;;NO;NO;NO;NO;NO;NO;SI;NO;
21;MAGDALENA;046;PEDRAZA;99;01;BAHIAHONDA;003;01;PRESIDENTE;NO;;;150;BUEN ESTADO;150;0;6;150;NO;;NO;;;;NO;NO;NO;NO;NO;NO;NO;NO;
21;MAGDALENA;046;PEDRAZA;99;01;BAHIAHONDA;004;01;PRESIDENTE;NO;;;142;BUEN ESTADO;142;0;6;142;NO;;NO;;;;NO;NO;NO;NO;NO;NO;NO;NO;
21;MAGDALENA;046;PEDRAZA;99;01;BAHIAHONDA;005;01;PRESIDENTE;NO;;;79;BUEN ESTADO;79;0;6;79;NO;;NO;;;;NO;NO;NO;NO;NO;NO;NO;NO;
21;MAGDALENA;046;PEDRAZA;99;01;BAHIAHONDA;006;01;PRESIDENTE;NO;;;99;BUEN ESTADO;99;0;6;99;NO;;NO;;;;NO;NO;NO;NO;NO;NO;NO;NO;
21;MAGDALENA;046;PEDRAZA;99;01;BAHIAHONDA;007;01;PRESIDENTE;NO;;;67;BUEN ESTADO;67;0;6;67;NO;;NO;;;;NO;NO;NO;NO;NO;NO;NO;NO;
21;MAGDALENA;046;PEDRAZA;99;01;BAHIAHONDA;008;01;PRESIDENTE;NO;;;42;BUEN ESTADO;42;0;6;42;NO;;NO;;;;NO;NO;NO;NO;NO;NO;NO;NO;
21;MAGDALENA;046;PEDRAZA;99;09;BOMBA;001;01;PRESIDENTE;NO;;;145;BUEN ESTADO;145;0;6;145;NO;;NO;;;;NO;NO;NO;NO;NO;NO;NO;NO;
21;MAGDALENA;046;PEDRAZA;99;09;BOMBA;002;01;PRESIDENTE;NO;;;115;BUEN ESTADO;115;0;6;115;NO;;NO;;;;NO;NO;NO;NO;NO;NO;SI;NO;
21;MAGDALENA;046;PEDRAZA;99;09;BOMBA;003;01;PRESIDENTE;NO;;;101;BUEN ESTADO;101;0;5;101;NO;;NO;;;;NO;NO;NO;NO;NO;NO;NO;NO;
21;MAGDALENA;046;PEDRAZA;99;09;BOMBA;004;01;PRESIDENTE;NO;;;101;BUEN ESTADO;101;0;5;101;NO;;NO;;;;NO;NO;NO;NO;NO;NO;NO;NO;
21;MAGDALENA;046;PEDRAZA;99;09;BOMBA;005;01;PRESIDENTE;NO;;;81;BUEN ESTADO;81;0;6;81;NO;;NO;;;;NO;NO;NO;NO;NO;NO;NO;NO;
21;MAGDALENA;046;PEDRAZA;99;09;BOMBA;006;01;PRESIDENTE;NO;;;14;BUEN ESTADO;14;0;6;14;NO;;NO;;;;NO;NO;NO;NO;NO;NO;NO;NO;
21;MAGDALENA;046;PEDRAZA;99;25;GUAQUIRI;001;01;PRESIDENTE;NO;;;96;BUEN ESTADO;96;0;5;96;NO;;NO;;;;NO;NO;NO;NO;NO;NO;NO;NO;
21;MAGDALENA;046;PEDRAZA;99;25;GUAQUIRI;002;01;PRESIDENTE;NO;;;49;BUEN ESTADO;49;0;6;49;NO;;NO;;;;NO;NO;NO;NO;NO;NO;NO;NO;
21;MAGDALENA;046;PEDRAZA;99;29;HEREDIA;001;01;PRESIDENTE;NO;;;175;BUEN ESTADO;174;0;6;175;NO;;NO;;;;NO;NO;NO;NO;NO;NO;NO;NO;
21;MAGDALENA;046;PEDRAZA;99;29;HEREDIA;002;01;PRESIDENTE;NO;;;144;BUEN ESTADO;144;0;5;144;NO;;NO;;;;NO;NO;NO;NO;NO;NO;SI;NO;
21;MAGDALENA;046;PEDRAZA;99;29;HEREDIA;003;01;PRESIDENTE;NO;;;135;BUEN ESTADO;135;0;6;135;NO;;NO;;;;NO;NO;NO;NO;NO;NO;NO;NO;
21;MAGDALENA;046;PEDRAZA;99;29;HEREDIA;004;01;PRESIDENTE;NO;;;76;BUEN ESTADO;76;0;5;76;NO;;NO;;;;NO;NO;NO;NO;NO;NO;NO;NO;
21;MAGDALENA;046;PEDRAZA;99;29;HEREDIA;005;01;PRESIDENTE;NO;;;107;BUEN ESTADO;107;0;6;107;NO;;NO;;;;NO;NO;NO;NO;NO;NO;NO;NO;
21;MAGDALENA;046;PEDRAZA;99;29;HEREDIA;006;01;PRESIDENTE;NO;;;108;BUEN ESTADO;108;0;6;108;NO;;NO;;;;NO;NO;NO;NO;NO;NO;NO;NO;
21;MAGDALENA;046;PEDRAZA;99;29;HEREDIA;007;01;PRESIDENTE;NO;;;83;BUEN ESTADO;83;0;6;83;NO;;NO;;;;NO;NO;NO;NO;NO;NO;NO;NO;
21;MAGDALENA;048;PIJIÑO DEL CARMEN;00;00;PUESTOCABECERAMUNICIPAL;001;01;PRESIDENTE;NO;;;200;BUEN ESTADO;200;0;6;200;NO;;NO;;;;NO;NO;NO;NO;NO;NO;SI;NO;
21;MAGDALENA;048;PIJIÑO DEL CARMEN;00;00;PUESTOCABECERAMUNICIPAL;002;01;PRESIDENTE;NO;;;189;BUEN ESTADO;189;0;6;189;NO;;NO;;;;NO;NO;NO;NO;NO;NO;SI;NO;
21;MAGDALENA;048;PIJIÑO DEL CARMEN;00;00;PUESTOCABECERAMUNICIPAL;003;01;PRESIDENTE;NO;;;201;BUEN ESTADO;201;0;5;201;NO;;NO;;;;NO;NO;NO;NO;NO;NO;SI;NO;
21;MAGDALENA;048;PIJIÑO DEL CARMEN;00;00;PUESTOCABECERAMUNICIPAL;004;01;PRESIDENTE;NO;;;179;BUEN ESTADO;179;0;5;179;NO;;NO;;;;NO;NO;NO;NO;NO;NO;NO;NO;
21;MAGDALENA;048;PIJIÑO DEL CARMEN;00;00;PUESTOCABECERAMUNICIPAL;005;01;PRESIDENTE;NO;;;206;BUEN ESTADO;206;0;6;206;NO;;NO;;;;NO;NO;NO;NO;NO;NO;NO;NO;
21;MAGDALENA;048;PIJIÑO DEL CARMEN;00;00;PUESTOCABECERAMUNICIPAL;006;01;PRESIDENTE;NO;;;192;BUEN ESTADO;192;0;6;192;NO;;NO;;;;NO;NO;NO;NO;NO;NO;NO;NO;
21;MAGDALENA;048;PIJIÑO DEL CARMEN;00;00;PUESTOCABECERAMUNICIPAL;007;01;PRESIDENTE;NO;;;200;BUEN ESTADO;200;0;5;200;NO;;NO;;;;NO;NO;NO;NO;NO;NO;NO;NO;
21;MAGDALENA;048;PIJIÑO DEL CARMEN;00;00;PUESTOCABECERAMUNICIPAL;008;01;PRESIDENTE;NO;;;116;BUEN ESTADO;116;0;5;116;NO;;NO;;;;NO;NO;NO;NO;NO;NO;SI;NO;
21;MAGDALENA;048;PIJIÑO DEL CARMEN;00;00;PUESTOCABECERAMUNICIPAL;009;01;PRESIDENTE;NO;;;143;BUEN ESTADO;143;0;5;143;NO;;NO;;;;NO;NO;NO;NO;NO;NO;NO;NO;
21;MAGDALENA;048;PIJIÑO DEL CARMEN;00;00;PUESTOCABECERAMUNICIPAL;010;01;PRESIDENTE;NO;;;117;BUEN ESTADO;117;0;6;117;NO;;NO;;;;NO;NO;NO;NO;NO;NO;NO;NO;
21;MAGDALENA;048;PIJIÑO DEL CARMEN;00;00;PUESTOCABECERAMUNICIPAL;011;01;PRESIDENTE;NO;;;129;BUEN ESTADO;129;0;5;129;NO;;NO;;;;NO;NO;NO;NO;NO;NO;NO;NO;
21;MAGDALENA;048;PIJIÑO DEL CARMEN;00;00;PUESTOCABECERAMUNICIPAL;012;01;PRESIDENTE;NO;;;121;BUEN ESTADO;121;0;6;121;NO;;NO;;;;NO;NO;NO;NO;NO;NO;NO;NO;
21;MAGDALENA;048;PIJIÑO DEL CARMEN;00;00;PUESTOCABECERAMUNICIPAL;013;01;PRESIDENTE;NO;;;135;BUEN ESTADO;135;0;5;135;NO;;NO;;;;NO;NO;NO;NO;NO;NO;SI;NO;
21;MAGDALENA;048;PIJIÑO DEL CARMEN;00;00;PUESTOCABECERAMUNICIPAL;014;01;PRESIDENTE;NO;;;132;BUEN ESTADO;132;0;5;132;NO;;NO;;;;NO;NO;NO;NO;NO;NO;NO;NO;
21;MAGDALENA;048;PIJIÑO DEL CARMEN;00;00;PUESTOCABECERAMUNICIPAL;015;01;PRESIDENTE;NO;;;109;BUEN ESTADO;109;0;5;109;NO;;NO;;;;NO;NO;NO;NO;NO;NO;NO;NO;
21;MAGDALENA;048;PIJIÑO DEL CARMEN;00;00;PUESTOCABECERAMUNICIPAL;016;01;PRESIDENTE;NO;;;133;BUEN ESTADO;133;0;6;133;NO;;NO;;;;NO;NO;NO;NO;NO;NO;NO;NO;
21;MAGDALENA;048;PIJIÑO DEL CARMEN;00;00;PUESTOCABECERAMUNICIPAL;017;01;PRESIDENTE;NO;;;17;BUEN ESTADO;17;0;5;17;NO;;NO;;;;NO;NO;NO;NO;NO;NO;NO;NO;
21;MAGDALENA;048;PIJIÑO DEL CARMEN;99;10;CABRERA;001;01;PRESIDENTE;NO;;;216;BUEN ESTADO;216;0;6;216;NO;;NO;;;;NO;NO;NO;NO;NO;NO;NO;NO;
21;MAGDALENA;048;PIJIÑO DEL CARMEN;99;10;CABRERA;002;01;PRESIDENTE;NO;;;158;BUEN ESTADO;158;0;6;158;NO;;NO;;;;NO;NO;NO;NO;NO;NO;SI;NO;
21;MAGDALENA;048;PIJIÑO DEL CARMEN;99;10;CABRERA;003;01;PRESIDENTE;NO;;;93;BUEN ESTADO;93;0;6;93;NO;;NO;;;;NO;NO;NO;NO;NO;NO;NO;NO;
21;MAGDALENA;048;PIJIÑO DEL CARMEN;99;15;CASABLANCA;001;01;PRESIDENTE;NO;;;191;BUEN ESTADO;191;0;5;191;NO;;NO;;;;NO;NO;NO;NO;NO;NO;SI;NO;
21;MAGDALENA;048;PIJIÑO DEL CARMEN;99;15;CASABLANCA;002;01;PRESIDENTE;NO;;;129;BUEN ESTADO;129;0;6;129;NO;;NO;;;;NO;NO;NO;NO;NO;NO;NO;NO;
21;MAGDALENA;048;PIJIÑO DEL CARMEN;99;15;CASABLANCA;003;01;PRESIDENTE;NO;;;32;BUEN ESTADO;32;0;6;32;NO;;NO;;;;NO;NO;NO;NO;NO;NO;NO;NO;
21;MAGDALENA;048;PIJIÑO DEL CARMEN;99;16;ELBRILLANTE;001;01;PRESIDENTE;NO;;;108;BUEN ESTADO;107;0;5;108;NO;;NO;;;;NO;NO;NO;NO;NO;NO;NO;NO;
21;MAGDALENA;048;PIJIÑO DEL CARMEN;99;18;ELDIVIDIVI;001;01;PRESIDENTE;NO;;;90;BUEN ESTADO;90;0;6;90;NO;;NO;;;;NO;NO;NO;NO;NO;NO;NO;NO;
21;MAGDALENA;048;PIJIÑO DEL CARMEN;99;20;FILADELFIA;001;01;PRESIDENTE;NO;;;186;BUEN ESTADO;186;0;6;186;NO;;NO;;;;NO;NO;NO;NO;NO;NO;NO;NO;
21;MAGDALENA;048;PIJIÑO DEL CARMEN;99;20;FILADELFIA;002;01;PRESIDENTE;NO;;;41;BUEN ESTADO;41;0;6;41;NO;;NO;;;;NO;NO;NO;NO;NO;NO;NO;NO;
21;MAGDALENA;048;PIJIÑO DEL CARMEN;99;25;LASMARIAS;001;01;PRESIDENTE;NO;;;85;BUEN ESTADO;85;0;5;85;NO;;NO;;;;NO;NO;NO;NO;NO;NO;SI;NO;
21;MAGDALENA;048;PIJIÑO DEL CARMEN;99;35;LASPLANADAS;001;01;PRESIDENTE;NO;;;34;BUEN ESTADO;34;0;5;34;NO;;NO;;;;NO;NO;NO;NO;NO;NO;NO;NO;
21;MAGDALENA;048;PIJIÑO DEL CARMEN;99;40;SANJOSEDEPREVENCION;001;01;PRESIDENTE;NO;;;217;BUEN ESTADO;217;0;6;217;NO;;NO;;;;NO;NO;NO;NO;NO;NO;SI;NO;
21;MAGDALENA;048;PIJIÑO DEL CARMEN;99;40;SANJOSEDEPREVENCION;002;01;PRESIDENTE;NO;;;213;BUEN ESTADO;213;0;6;213;NO;;NO;;;;NO;NO;NO;NO;NO;NO;NO;NO;
21;MAGDALENA;048;PIJIÑO DEL CARMEN;99;40;SANJOSEDEPREVENCION;003;01;PRESIDENTE;NO;;;95;BUEN ESTADO;95;0;6;95;NO;;NO;;;;NO;NO;NO;NO;NO;NO;NO;NO;
21;MAGDALENA;048;PIJIÑO DEL CARMEN;99;50;SANMARTINDELALUCHA;001;01;PRESIDENTE;NO;;;151;BUEN ESTADO;151;0;5;151;NO;;NO;;;;NO;NO;NO;NO;NO;NO;NO;NO;
21;MAGDALENA;048;PIJIÑO DEL CARMEN;99;55;ELPELADERO;001;01;PRESIDENTE;NO;;;88;BUEN ESTADO;88;0;6;88;NO;;NO;;;;NO;NO;NO;NO;NO;NO;NO;NO;
21;MAGDALENA;048;PIJIÑO DEL CARMEN;99;60;NUEVAHOLANDA;001;01;PRESIDENTE;NO;;;76;BUEN ESTADO;76;0;5;76;NO;;NO;;;;NO;NO;NO;NO;NO;NO;NO;NO;
21;MAGDALENA;049;PIVIJAY;01;01;ESCUELAURBANADEVARONES;001;01;PRESIDENTE;NO;;;251;BUEN ESTADO;251;0;6;251;NO;;NO;;;;NO;NO;NO;NO;NO;NO;NO;NO;
21;MAGDALENA;049;PIVIJAY;01;01;ESCUELAURBANADEVARONES;002;01;PRESIDENTE;NO;;;243;BUEN ESTADO;243;0;6;243;NO;;NO;;;;NO;NO;NO;NO;NO;NO;SI;NO;
21;MAGDALENA;049;PIVIJAY;01;01;ESCUELAURBANADEVARONES;003;01;PRESIDENTE;NO;;;183;BUEN ESTADO;183;0;6;183;NO;;NO;;;;NO;NO;NO;NO;NO;NO;NO;NO;
21;MAGDALENA;049;PIVIJAY;01;01;ESCUELAURBANADEVARONES;004;01;PRESIDENTE;NO;;;176;BUEN ESTADO;176;0;6;176;NO;;NO;;;;NO;NO;NO;NO;NO;NO;SI;NO;
21;MAGDALENA;049;PIVIJAY;01;01;ESCUELAURBANADEVARONES;005;01;PRESIDENTE;NO;;;253;BUEN ESTADO;253;0;6;253;NO;;NO;;;;NO;NO;NO;NO;NO;NO;SI;NO;
21;MAGDALENA;049;PIVIJAY;01;01;ESCUELAURBANADEVARONES;006;01;PRESIDENTE;NO;;;242;BUEN ESTADO;242;0;6;242;NO;;NO;;;;NO;NO;NO;NO;NO;NO;SI;NO;
21;MAGDALENA;049;PIVIJAY;01;01;ESCUELAURBANADEVARONES;007;01;PRESIDENTE;NO;;;199;BUEN ESTADO;199;0;6;199;NO;;NO;;;;NO;NO;NO;NO;NO;NO;SI;NO;
21;MAGDALENA;049;PIVIJAY;01;01;ESCUELAURBANADEVARONES;008;01;PRESIDENTE;NO;;;106;BUEN ESTADO;106;0;6;106;NO;;NO;;;;NO;NO;NO;NO;NO;NO;NO;NO;
21;MAGDALENA;049;PIVIJAY;01;01;ESCUELAURBANADEVARONES;009;01;PRESIDENTE;NO;;;143;BUEN ESTADO;143;0;6;143;NO;;NO;;;;NO;NO;NO;NO;NO;NO;NO;NO;
21;MAGDALENA;049;PIVIJAY;01;01;ESCUELAURBANADEVARONES;010;01;PRESIDENTE;NO;;;128;BUEN ESTADO;128;0;6;128;NO;;NO;;;;NO;NO;NO;NO;NO;NO;NO;NO;
21;MAGDALENA;049;PIVIJAY;01;01;ESCUELAURBANADEVARONES;011;01;PRESIDENTE;NO;;;128;BUEN ESTADO;128;0;6;128;NO;;NO;;;;NO;NO;NO;NO;NO;NO;SI;NO;
21;MAGDALENA;049;PIVIJAY;01;01;ESCUELAURBANADEVARONES;012;01;PRESIDENTE;NO;;;72;BUEN ESTADO;72;0;6;72;NO;;NO;;;;NO;NO;NO;NO;NO;NO;SI;NO;
21;MAGDALENA;049;PIVIJAY;01;02;COLEGIOBEATRIZCOTES;001;01;PRESIDENTE;NO;;;247;BUEN ESTADO;247;0;6;247;NO;;NO;;;;NO;NO;NO;NO;NO;NO;SI;NO;
21;MAGDALENA;049;PIVIJAY;01;02;COLEGIOBEATRIZCOTES;002;01;PRESIDENTE;NO;;;219;BUEN ESTADO;219;0;6;219;NO;;NO;;;;NO;NO;NO;NO;NO;NO;SI;NO;
21;MAGDALENA;049;PIVIJAY;01;02;COLEGIOBEATRIZCOTES;003;01;PRESIDENTE;NO;;;201;BUEN ESTADO;201;0;6;201;NO;;NO;;;;NO;NO;NO;NO;NO;NO;SI;NO;
21;MAGDALENA;049;PIVIJAY;01;02;COLEGIOBEATRIZCOTES;004;01;PRESIDENTE;NO;;;231;BUEN ESTADO;230;0;6;231;NO;;NO;;;;NO;NO;NO;NO;NO;NO;SI;NO;
21;MAGDALENA;049;PIVIJAY;01;02;COLEGIOBEATRIZCOTES;005;01;PRESIDENTE;NO;;;167;BUEN ESTADO;167;0;6;167;NO;;NO;;;;NO;NO;NO;NO;NO;NO;SI;NO;
21;MAGDALENA;049;PIVIJAY;01;02;COLEGIOBEATRIZCOTES;006;01;PRESIDENTE;NO;;;145;BUEN ESTADO;145;0;6;145;NO;;NO;;;;NO;NO;NO;NO;NO;NO;NO;NO;
21;MAGDALENA;049;PIVIJAY;01;02;COLEGIOBEATRIZCOTES;007;01;PRESIDENTE;NO;;;128;BUEN ESTADO;128;0;6;128;NO;;NO;;;;NO;NO;NO;NO;NO;NO;NO;NO;
21;MAGDALENA;049;PIVIJAY;01;02;COLEGIOBEATRIZCOTES;008;01;PRESIDENTE;NO;;;136;BUEN ESTADO;136;0;6;136;NO;;NO;;;;NO;NO;NO;NO;NO;NO;SI;NO;
21;MAGDALENA;049;PIVIJAY;01;02;COLEGIOBEATRIZCOTES;009;01;PRESIDENTE;NO;;;276;BUEN ESTADO;104;0;6;276;NO;;NO;;;;NO;NO;NO;NO;NO;NO;SI;NO;
21;MAGDALENA;049;PIVIJAY;02;01;COLEGIOSIMONBOLIVAR;001;01;PRESIDENTE;NO;;;237;BUEN ESTADO;237;0;6;237;NO;;NO;;;;NO;NO;NO;NO;NO;NO;SI;NO;
21;MAGDALENA;049;PIVIJAY;02;01;COLEGIOSIMONBOLIVAR;002;01;PRESIDENTE;NO;;;191;BUEN ESTADO;191;0;6;191;NO;;NO;;;;NO;NO;NO;NO;NO;NO;SI;NO;
21;MAGDALENA;049;PIVIJAY;02;01;COLEGIOSIMONBOLIVAR;003;01;PRESIDENTE;NO;;;178;BUEN ESTADO;178;0;6;178;NO;;NO;;;;NO;NO;NO;NO;NO;NO;SI;NO;
21;MAGDALENA;049;PIVIJAY;02;01;COLEGIOSIMONBOLIVAR;004;01;PRESIDENTE;NO;;;206;BUEN ESTADO;206;0;6;206;NO;;NO;;;;NO;NO;NO;NO;NO;NO;SI;NO;
21;MAGDALENA;049;PIVIJAY;02;01;COLEGIOSIMONBOLIVAR;005;01;PRESIDENTE;NO;;;193;BUEN ESTADO;193;0;6;193;NO;;NO;;;;NO;NO;NO;NO;NO;NO;SI;NO;
21;MAGDALENA;049;PIVIJAY;02;01;COLEGIOSIMONBOLIVAR;006;01;PRESIDENTE;NO;;;126;BUEN ESTADO;126;0;6;126;NO;;NO;;;;NO;NO;NO;NO;NO;NO;SI;NO;
21;MAGDALENA;049;PIVIJAY;02;01;COLEGIOSIMONBOLIVAR;007;01;PRESIDENTE;NO;;;87;BUEN ESTADO;87;0;6;87;NO;;NO;;;;NO;NO;NO;NO;NO;NO;SI;NO;
21;MAGDALENA;049;PIVIJAY;02;01;COLEGIOSIMONBOLIVAR;008;01;PRESIDENTE;NO;;;112;BUEN ESTADO;112;0;6;112;NO;;NO;;;;NO;NO;NO;NO;NO;NO;SI;NO;
21;MAGDALENA;049;PIVIJAY;02;01;COLEGIOSIMONBOLIVAR;009;01;PRESIDENTE;NO;;;128;BUEN ESTADO;128;0;6;128;NO;;NO;;;;NO;NO;NO;NO;NO;NO;SI;NO;
21;MAGDALENA;049;PIVIJAY;02;01;COLEGIOSIMONBOLIVAR;010;01;PRESIDENTE;NO;;;132;BUEN ESTADO;132;0;6;132;NO;;NO;;;;NO;NO;NO;NO;NO;NO;SI;NO;
21;MAGDALENA;049;PIVIJAY;02;01;COLEGIOSIMONBOLIVAR;011;01;PRESIDENTE;NO;;;120;BUEN ESTADO;120;0;6;120;NO;;NO;;;;NO;NO;NO;NO;NO;NO;NO;NO;
21;MAGDALENA;049;PIVIJAY;02;01;COLEGIOSIMONBOLIVAR;012;01;PRESIDENTE;NO;;;129;BUEN ESTADO;129;0;6;129;NO;;NO;;;;NO;NO;NO;NO;NO;NO;NO;NO;
21;MAGDALENA;049;PIVIJAY;02;01;COLEGIOSIMONBOLIVAR;013;01;PRESIDENTE;NO;;;102;BUEN ESTADO;102;0;6;102;NO;;NO;;;;NO;NO;NO;NO;NO;NO;SI;NO;
21;MAGDALENA;049;PIVIJAY;02;01;COLEGIOSIMONBOLIVAR;014;01;PRESIDENTE;NO;;;73;BUEN ESTADO;73;0;6;73;NO;;NO;;;;NO;NO;NO;NO;NO;NO;NO;NO;
21;MAGDALENA;049;PIVIJAY;02;02;LICEOPIVIJAY;001;01;PRESIDENTE;NO;;;258;BUEN ESTADO;258;0;6;258;NO;;NO;;;;NO;NO;NO;NO;NO;NO;SI;NO;
21;MAGDALENA;049;PIVIJAY;02;02;LICEOPIVIJAY;002;01;PRESIDENTE;NO;;;224;BUEN ESTADO;224;0;6;224;NO;;NO;;;;NO;NO;NO;NO;NO;NO;SI;NO;
21;MAGDALENA;049;PIVIJAY;02;02;LICEOPIVIJAY;003;01;PRESIDENTE;NO;;;196;BUEN ESTADO;196;0;6;196;NO;;NO;;;;NO;NO;NO;NO;NO;NO;SI;NO;
21;MAGDALENA;049;PIVIJAY;02;02;LICEOPIVIJAY;004;01;PRESIDENTE;NO;;;360;BUEN ESTADO;259;0;6;360;NO;;NO;;;;NO;NO;NO;NO;NO;NO;SI;NO;
21;MAGDALENA;049;PIVIJAY;02;02;LICEOPIVIJAY;005;01;PRESIDENTE;NO;;;175;BUEN ESTADO;175;0;6;175;NO;;NO;;;;NO;NO;NO;NO;NO;NO;SI;NO;
21;MAGDALENA;049;PIVIJAY;02;02;LICEOPIVIJAY;006;01;PRESIDENTE;NO;;;116;BUEN ESTADO;116;0;6;116;NO;;NO;;;;NO;NO;NO;NO;NO;NO;NO;NO;
21;MAGDALENA;049;PIVIJAY;02;02;LICEOPIVIJAY;007;01;PRESIDENTE;NO;;;146;BUEN ESTADO;126;0;6;126;NO;;NO;;;;NO;NO;NO;NO;NO;NO;SI;NO;
21;MAGDALENA;049;PIVIJAY;02;02;LICEOPIVIJAY;008;01;PRESIDENTE;NO;;;146;BUEN ESTADO;146;0;6;146;NO;;NO;;;;NO;NO;NO;NO;NO;NO;SI;NO;
21;MAGDALENA;049;PIVIJAY;02;02;LICEOPIVIJAY;009;01;PRESIDENTE;NO;;;134;BUEN ESTADO;134;0;6;134;NO;;NO;;;;NO;NO;NO;NO;NO;NO;SI;NO;
21;MAGDALENA;049;PIVIJAY;02;02;LICEOPIVIJAY;010;01;PRESIDENTE;NO;;;145;BUEN ESTADO;145;0;6;145;NO;;NO;;;;NO;NO;NO;NO;NO;NO;NO;NO;
21;MAGDALENA;049;PIVIJAY;02;02;LICEOPIVIJAY;011;01;PRESIDENTE;NO;;;131;BUEN ESTADO;131;0;6;131;NO;;NO;;;;NO;NO;NO;NO;NO;NO;SI;NO;
21;MAGDALENA;049;PIVIJAY;02;02;LICEOPIVIJAY;012;01;PRESIDENTE;NO;;;138;BUEN ESTADO;138;0;6;138;NO;;NO;;;;NO;NO;NO;NO;NO;NO;NO;NO;
21;MAGDALENA;049;PIVIJAY;02;02;LICEOPIVIJAY;013;01;PRESIDENTE;NO;;;124;BUEN ESTADO;124;0;6;124;NO;;NO;;;;NO;NO;NO;NO;NO;NO;NO;NO;
21;MAGDALENA;049;PIVIJAY;02;02;LICEOPIVIJAY;014;01;PRESIDENTE;NO;;;115;BUEN ESTADO;115;0;6;115;NO;;NO;;;;NO;NO;NO;NO;NO;NO;NO;NO;
21;MAGDALENA;049;PIVIJAY;90;01;COLEGIOMARIAINMACULADA;001;01;PRESIDENTE;NO;;;189;BUEN ESTADO;189;0;6;189;NO;;NO;;;;NO;NO;NO;NO;NO;NO;SI;NO;
21;MAGDALENA;049;PIVIJAY;90;01;COLEGIOMARIAINMACULADA;002;01;PRESIDENTE;NO;;;135;BUEN ESTADO;135;0;6;135;NO;;NO;;;;NO;NO;NO;NO;NO;NO;SI;NO;
21;MAGDALENA;049;PIVIJAY;90;01;COLEGIOMARIAINMACULADA;003;01;PRESIDENTE;NO;;;153;BUEN ESTADO;153;0;6;153;NO;;NO;;;;NO;NO;NO;NO;NO;NO;SI;NO;
21;MAGDALENA;049;PIVIJAY;90;01;COLEGIOMARIAINMACULADA;004;01;PRESIDENTE;NO;;;184;BUEN ESTADO;184;0;6;184;NO;;NO;;;;NO;NO;NO;NO;NO;NO;NO;NO;
21;MAGDALENA;049;PIVIJAY;90;01;COLEGIOMARIAINMACULADA;005;01;PRESIDENTE;NO;;;144;BUEN ESTADO;144;0;6;144;NO;;NO;;;;NO;NO;NO;NO;NO;NO;SI;NO;
21;MAGDALENA;049;PIVIJAY;99;01;MEDIALUNA;001;01;PRESIDENTE;NO;;;128;BUEN ESTADO;128;0;6;128;NO;;NO;;;;NO;NO;NO;NO;NO;NO;SI;NO;
21;MAGDALENA;049;PIVIJAY;99;01;MEDIALUNA;002;01;PRESIDENTE;NO;;;136;BUEN ESTADO;136;0;6;136;NO;;NO;;;;NO;NO;NO;NO;NO;NO;SI;NO;
21;MAGDALENA;049;PIVIJAY;99;01;MEDIALUNA;003;01;PRESIDENTE;NO;;;107;BUEN ESTADO;107;0;6;107;NO;;NO;;;;NO;NO;NO;NO;NO;NO;SI;NO;
21;MAGDALENA;049;PIVIJAY;99;01;MEDIALUNA;004;01;PRESIDENTE;NO;;;169;BUEN ESTADO;169;0;0;169;NO;;NO;;;;NO;NO;NO;NO;NO;NO;SI;NO;
21;MAGDALENA;049;PIVIJAY;99;01;MEDIALUNA;005;01;PRESIDENTE;NO;;;175;BUEN ESTADO;175;0;6;175;NO;;NO;;;;NO;NO;NO;NO;NO;NO;SI;NO;
21;MAGDALENA;049;PIVIJAY;99;01;MEDIALUNA;006;01;PRESIDENTE;NO;;;110;BUEN ESTADO;110;0;6;110;NO;;NO;;;;NO;NO;NO;NO;NO;NO;SI;NO;
21;MAGDALENA;049;PIVIJAY;99;01;MEDIALUNA;007;01;PRESIDENTE;NO;;;95;BUEN ESTADO;95;0;6;95;NO;;NO;;;;NO;NO;NO;NO;NO;NO;SI;NO;
21;MAGDALENA;049;PIVIJAY;99;01;MEDIALUNA;008;01;PRESIDENTE;NO;;;108;BUEN ESTADO;108;0;6;108;NO;;NO;;;;NO;NO;NO;NO;NO;NO;SI;NO;
21;MAGDALENA;049;PIVIJAY;99;01;MEDIALUNA;009;01;PRESIDENTE;NO;;;73;BUEN ESTADO;73;0;4;73;NO;;NO;;;;NO;NO;NO;NO;NO;NO;SI;NO;
21;MAGDALENA;049;PIVIJAY;99;01;MEDIALUNA;010;01;PRESIDENTE;NO;;;75;BUEN ESTADO;75;0;6;75;NO;;NO;;;;NO;NO;NO;NO;NO;NO;SI;NO;
21;MAGDALENA;049;PIVIJAY;99;06;GARRAPATA;001;01;PRESIDENTE;NO;;;160;BUEN ESTADO;160;0;6;160;NO;;NO;;;;NO;NO;NO;NO;NO;NO;NO;NO;
21;MAGDALENA;049;PIVIJAY;99;06;GARRAPATA;002;01;PRESIDENTE;NO;;;66;BUEN ESTADO;66;0;6;66;NO;;NO;;;;NO;NO;NO;NO;NO;NO;NO;NO;
21;MAGDALENA;049;PIVIJAY;99;09;LASPIEDRAS;001;01;PRESIDENTE;NO;;;123;BUEN ESTADO;123;0;6;123;NO;;NO;;;;NO;NO;NO;NO;NO;NO;SI;NO;
21;MAGDALENA;049;PIVIJAY;99;09;LASPIEDRAS;002;01;PRESIDENTE;NO;;;7;BUEN ESTADO;7;0;6;7;NO;;NO;;;;NO;NO;NO;NO;NO;NO;SI;NO;
21;MAGDALENA;049;PIVIJAY;99;17;PLACITAS;001;01;PRESIDENTE;NO;;;152;BUEN ESTADO;152;0;6;152;NO;;NO;;;;NO;NO;NO;NO;NO;NO;NO;NO;
21;MAGDALENA;049;PIVIJAY;99;17;PLACITAS;002;01;PRESIDENTE;NO;;;39;BUEN ESTADO;39;0;6;39;NO;;NO;;;;NO;NO;NO;NO;NO;NO;NO;NO;
21;MAGDALENA;049;PIVIJAY;99;21;LASCANOAS;001;01;PRESIDENTE;NO;;;134;BUEN ESTADO;134;0;6;134;NO;;NO;;;;NO;NO;NO;NO;NO;NO;SI;NO;
21;MAGDALENA;049;PIVIJAY;99;21;LASCANOAS;002;01;PRESIDENTE;NO;;;141;BUEN ESTADO;141;0;6;141;NO;;NO;;;;NO;NO;NO;NO;NO;NO;NO;NO;
21;MAGDALENA;049;PIVIJAY;99;21;LASCANOAS;003;01;PRESIDENTE;NO;;;89;BUEN ESTADO;89;0;6;89;NO;;NO;;;;NO;NO;NO;NO;NO;NO;NO;NO;
21;MAGDALENA;049;PIVIJAY;99;21;LASCANOAS;004;01;PRESIDENTE;NO;;;90;BUEN ESTADO;90;0;6;90;NO;;NO;;;;NO;NO;NO;NO;NO;NO;NO;NO;
21;MAGDALENA;049;PIVIJAY;99;25;PIÑUELAS;001;01;PRESIDENTE;NO;;;143;BUEN ESTADO;143;0;6;143;NO;;NO;;;;NO;NO;NO;NO;NO;NO;SI;NO;
21;MAGDALENA;049;PIVIJAY;99;25;PIÑUELAS;002;01;PRESIDENTE;NO;;;118;BUEN ESTADO;118;0;6;118;NO;;NO;;;;NO;NO;NO;NO;NO;NO;SI;NO;
21;MAGDALENA;049;PIVIJAY;99;25;PIÑUELAS;003;01;PRESIDENTE;NO;;;53;BUEN ESTADO;53;0;6;53;NO;;NO;;;;NO;NO;NO;NO;NO;NO;NO;NO;
21;MAGDALENA;049;PIVIJAY;99;29;PARAISO;001;01;PRESIDENTE;NO;;;119;BUEN ESTADO;119;0;6;119;NO;;NO;;;;NO;NO;NO;NO;NO;NO;NO;NO;
21;MAGDALENA;049;PIVIJAY;99;29;PARAISO;002;01;PRESIDENTE;NO;;;125;BUEN ESTADO;125;0;6;125;NO;;NO;;;;NO;NO;NO;NO;NO;NO;SI;NO;
21;MAGDALENA;049;PIVIJAY;99;29;PARAISO;003;01;PRESIDENTE;NO;;;97;BUEN ESTADO;97;0;6;97;NO;;NO;;;;NO;NO;NO;NO;NO;NO;NO;NO;
21;MAGDALENA;049;PIVIJAY;99;29;PARAISO;004;01;PRESIDENTE;NO;;;18;BUEN ESTADO;18;0;6;18;NO;;NO;;;;NO;NO;NO;NO;NO;NO;NO;NO;
21;MAGDALENA;049;PIVIJAY;99;37;CARABALLO;001;01;PRESIDENTE;NO;;;120;BUEN ESTADO;120;0;6;120;NO;;NO;;;;NO;NO;NO;NO;NO;NO;SI;NO;
21;MAGDALENA;049;PIVIJAY;99;37;CARABALLO;002;01;PRESIDENTE;NO;;;32;BUEN ESTADO;32;0;6;32;NO;;NO;;;;NO;NO;NO;NO;NO;NO;NO;NO;
21;MAGDALENA;049;PIVIJAY;99;41;CHINOBLAS;001;01;PRESIDENTE;NO;;;180;BUEN ESTADO;180;0;6;180;NO;;NO;;;;NO;NO;NO;NO;NO;NO;NO;NO;
21;MAGDALENA;049;PIVIJAY;99;41;CHINOBLAS;002;01;PRESIDENTE;NO;;;85;BUEN ESTADO;85;0;6;85;NO;;NO;;;;NO;NO;NO;NO;NO;NO;NO;NO;
21;MAGDALENA;049;PIVIJAY;99;45;AVIANCA;001;01;PRESIDENTE;NO;;;101;BUEN ESTADO;101;0;6;101;NO;;NO;;;;NO;NO;NO;NO;NO;NO;SI;NO;
21;MAGDALENA;049;PIVIJAY;99;45;AVIANCA;002;01;PRESIDENTE;NO;;;43;BUEN ESTADO;43;0;6;43;NO;;NO;;;;NO;NO;NO;NO;NO;NO;NO;NO;
21;MAGDALENA;049;PIVIJAY;99;49;SALAMINITA;001;01;PRESIDENTE;NO;;;49;BUEN ESTADO;49;0;6;49;NO;;NO;;;;NO;NO;NO;NO;NO;NO;SI;NO;
21;MAGDALENA;049;PIVIJAY;99;75;ELCARMENDELMAGDALENA;001;01;PRESIDENTE;NO;;;200;BUEN ESTADO;200;0;6;200;NO;;NO;;;;NO;NO;NO;NO;NO;NO;NO;NO;
21;MAGDALENA;049;PIVIJAY;99;75;ELCARMENDELMAGDALENA;002;01;PRESIDENTE;NO;;;181;BUEN ESTADO;181;0;6;181;NO;;NO;;;;NO;NO;NO;NO;NO;NO;SI;NO;
21;MAGDALENA;049;PIVIJAY;99;75;ELCARMENDELMAGDALENA;003;01;PRESIDENTE;NO;;;190;BUEN ESTADO;190;0;6;190;NO;;NO;;;;NO;NO;NO;NO;NO;NO;SI;NO;
21;MAGDALENA;049;PIVIJAY;99;75;ELCARMENDELMAGDALENA;004;01;PRESIDENTE;NO;;;136;BUEN ESTADO;136;0;6;136;NO;;NO;;;;NO;NO;NO;NO;NO;NO;SI;NO;
21;MAGDALENA;049;PIVIJAY;99;75;ELCARMENDELMAGDALENA;005;01;PRESIDENTE;NO;;;149;BUEN ESTADO;149;0;6;149;NO;;NO;;;;NO;NO;NO;NO;NO;NO;SI;NO;
21;MAGDALENA;049;PIVIJAY;99;75;ELCARMENDELMAGDALENA;006;01;PRESIDENTE;NO;;;150;BUEN ESTADO;150;0;6;150;NO;;NO;;;;NO;NO;NO;NO;NO;NO;NO;NO;
21;MAGDALENA;052;PLATO;01;01;IEDMARIAALFARODEOSPINO;001;01;PRESIDENTE;NO;;;223;BUEN ESTADO;223;0;5;223;NO;;NO;;;;NO;NO;NO;NO;NO;NO;SI;NO;
21;MAGDALENA;052;PLATO;01;01;IEDMARIAALFARODEOSPINO;002;01;PRESIDENTE;NO;;;250;BUEN ESTADO;250;0;6;250;NO;;NO;;;;NO;NO;NO;NO;NO;NO;SI;NO;
21;MAGDALENA;052;PLATO;01;01;IEDMARIAALFARODEOSPINO;003;01;PRESIDENTE;NO;;;171;BUEN ESTADO;171;0;6;171;NO;;NO;;;;NO;NO;NO;NO;NO;NO;SI;NO;
21;MAGDALENA;052;PLATO;01;01;IEDMARIAALFARODEOSPINO;004;01;PRESIDENTE;NO;;;130;BUEN ESTADO;130;0;6;130;NO;;NO;;;;NO;NO;NO;NO;NO;NO;NO;NO;
21;MAGDALENA;052;PLATO;01;01;IEDMARIAALFARODEOSPINO;005;01;PRESIDENTE;NO;;;169;BUEN ESTADO;169;0;6;169;NO;;NO;;;;NO;NO;NO;NO;NO;NO;NO;NO;
21;MAGDALENA;052;PLATO;01;01;IEDMARIAALFARODEOSPINO;006;01;PRESIDENTE;NO;;;232;BUEN ESTADO;232;0;4;232;NO;;NO;;;;NO;NO;NO;NO;NO;NO;SI;NO;
21;MAGDALENA;052;PLATO;01;01;IEDMARIAALFARODEOSPINO;007;01;PRESIDENTE;NO;;;228;BUEN ESTADO;228;0;5;228;NO;;NO;;;;NO;NO;NO;NO;NO;NO;SI;NO;
21;MAGDALENA;052;PLATO;01;01;IEDMARIAALFARODEOSPINO;008;01;PRESIDENTE;NO;;;186;BUEN ESTADO;186;0;5;186;NO;;NO;;;;NO;NO;NO;NO;NO;NO;SI;NO;
21;MAGDALENA;052;PLATO;01;01;IEDMARIAALFARODEOSPINO;009;01;PRESIDENTE;NO;;;195;BUEN ESTADO;195;0;6;195;NO;;NO;;;;NO;NO;NO;NO;NO;NO;SI;NO;
21;MAGDALENA;052;PLATO;01;01;IEDMARIAALFARODEOSPINO;010;01;PRESIDENTE;NO;;;152;BUEN ESTADO;152;0;4;152;NO;;NO;;;;NO;NO;NO;NO;NO;NO;SI;NO;
21;MAGDALENA;052;PLATO;01;01;IEDMARIAALFARODEOSPINO;011;01;PRESIDENTE;NO;;;131;BUEN ESTADO;131;0;5;131;NO;;NO;;;;NO;NO;NO;NO;NO;NO;NO;NO;
21;MAGDALENA;052;PLATO;01;01;IEDMARIAALFARODEOSPINO;012;01;PRESIDENTE;NO;;;139;BUEN ESTADO;139;0;5;139;NO;;NO;;;;NO;NO;NO;NO;NO;NO;SI;NO;
21;MAGDALENA;052;PLATO;01;01;IEDMARIAALFARODEOSPINO;013;01;PRESIDENTE;NO;;;146;BUEN ESTADO;146;0;6;146;NO;;NO;;;;NO;NO;NO;NO;NO;NO;SI;NO;
21;MAGDALENA;052;PLATO;01;01;IEDMARIAALFARODEOSPINO;014;01;PRESIDENTE;NO;;;147;BUEN ESTADO;147;0;4;147;NO;;NO;;;;NO;NO;NO;NO;NO;NO;SI;NO;
21;MAGDALENA;052;PLATO;01;01;IEDMARIAALFARODEOSPINO;015;01;PRESIDENTE;NO;;;142;BUEN ESTADO;142;0;5;142;NO;;NO;;;;NO;NO;NO;NO;NO;NO;SI;NO;
21;MAGDALENA;052;PLATO;01;01;IEDMARIAALFARODEOSPINO;016;01;PRESIDENTE;NO;;;147;BUEN ESTADO;147;0;6;147;NO;;NO;;;;NO;NO;NO;NO;NO;NO;SI;NO;
21;MAGDALENA;052;PLATO;01;01;IEDMARIAALFARODEOSPINO;017;01;PRESIDENTE;NO;;;120;BUEN ESTADO;120;0;5;120;NO;;NO;;;;NO;NO;NO;NO;NO;NO;NO;NO;
21;MAGDALENA;052;PLATO;01;02;IEDGABRIELESCOBARBALLESTA;001;01;PRESIDENTE;NO;;;214;BUEN ESTADO;213;0;6;213;NO;;NO;;;;NO;NO;NO;NO;NO;NO;SI;NO;
21;MAGDALENA;052;PLATO;01;02;IEDGABRIELESCOBARBALLESTA;002;01;PRESIDENTE;NO;;;197;BUEN ESTADO;197;0;6;197;NO;;NO;;;;NO;NO;NO;NO;NO;NO;SI;NO;
21;MAGDALENA;052;PLATO;01;02;IEDGABRIELESCOBARBALLESTA;003;01;PRESIDENTE;NO;;;190;BUEN ESTADO;190;0;5;190;NO;;NO;;;;NO;NO;NO;NO;NO;NO;SI;NO;
21;MAGDALENA;052;PLATO;01;02;IEDGABRIELESCOBARBALLESTA;004;01;PRESIDENTE;NO;;;137;BUEN ESTADO;137;0;4;137;NO;;NO;;;;NO;NO;NO;NO;NO;NO;SI;NO;
21;MAGDALENA;052;PLATO;01;02;IEDGABRIELESCOBARBALLESTA;005;01;PRESIDENTE;NO;;;153;BUEN ESTADO;153;0;5;153;NO;;NO;;;;NO;NO;NO;NO;NO;NO;SI;NO;
21;MAGDALENA;052;PLATO;01;02;IEDGABRIELESCOBARBALLESTA;006;01;PRESIDENTE;NO;;;136;BUEN ESTADO;136;0;5;136;NO;;NO;;;;NO;NO;NO;NO;NO;NO;SI;NO;
21;MAGDALENA;052;PLATO;01;02;IEDGABRIELESCOBARBALLESTA;007;01;PRESIDENTE;NO;;;106;BUEN ESTADO;106;0;5;106;NO;;NO;;;;NO;NO;NO;NO;NO;NO;NO;NO;
21;MAGDALENA;052;PLATO;01;02;IEDGABRIELESCOBARBALLESTA;008;01;PRESIDENTE;NO;;;128;BUEN ESTADO;128;0;6;128;NO;;NO;;;;NO;NO;NO;NO;NO;NO;NO;NO;
21;MAGDALENA;052;PLATO;01;02;IEDGABRIELESCOBARBALLESTA;009;01;PRESIDENTE;NO;;;135;BUEN ESTADO;135;0;5;135;NO;;NO;;;;NO;NO;NO;NO;NO;NO;SI;NO;
21;MAGDALENA;052;PLATO;01;02;IEDGABRIELESCOBARBALLESTA;010;01;PRESIDENTE;NO;;;120;BUEN ESTADO;120;0;6;120;NO;;NO;;;;NO;NO;NO;NO;NO;NO;SI;NO;
21;MAGDALENA;052;PLATO;01;02;IEDGABRIELESCOBARBALLESTA;011;01;PRESIDENTE;NO;;;125;BUEN ESTADO;125;0;6;125;NO;;NO;;;;NO;NO;NO;NO;NO;NO;SI;NO;
21;MAGDALENA;052;PLATO;01;02;IEDGABRIELESCOBARBALLESTA;012;01;PRESIDENTE;NO;;;125;BUEN ESTADO;125;0;5;125;NO;;NO;;;;NO;NO;NO;NO;NO;NO;SI;NO;
21;MAGDALENA;052;PLATO;02;01;IEDGABRIELESCOBARB.SDGABRIELITO;001;01;PRESIDENTE;NO;;;179;BUEN ESTADO;179;0;5;179;NO;;NO;;;;NO;NO;NO;NO;NO;NO;NO;NO;
21;MAGDALENA;052;PLATO;02;01;IEDGABRIELESCOBARB.SDGABRIELITO;002;01;PRESIDENTE;NO;;;232;BUEN ESTADO;232;0;6;232;NO;;NO;;;;NO;NO;NO;NO;NO;NO;SI;NO;
21;MAGDALENA;052;PLATO;02;01;IEDGABRIELESCOBARB.SDGABRIELITO;003;01;PRESIDENTE;NO;;;240;BUEN ESTADO;239;1;4;240;NO;;NO;;;;NO;NO;NO;NO;NO;NO;SI;NO;
21;MAGDALENA;052;PLATO;02;01;IEDGABRIELESCOBARB.SDGABRIELITO;004;01;PRESIDENTE;NO;;;216;BUEN ESTADO;215;1;4;216;NO;;NO;;;;NO;NO;NO;NO;NO;NO;NO;NO;
21;MAGDALENA;052;PLATO;02;01;IEDGABRIELESCOBARB.SDGABRIELITO;005;01;PRESIDENTE;NO;;;180;BUEN ESTADO;180;0;4;180;NO;;NO;;;;NO;NO;NO;NO;NO;NO;NO;NO;
21;MAGDALENA;052;PLATO;02;01;IEDGABRIELESCOBARB.SDGABRIELITO;006;01;PRESIDENTE;NO;;;184;BUEN ESTADO;184;0;6;184;NO;;NO;;;;NO;NO;NO;NO;NO;NO;SI;NO;
21;MAGDALENA;052;PLATO;02;01;IEDGABRIELESCOBARB.SDGABRIELITO;007;01;PRESIDENTE;NO;;;179;BUEN ESTADO;179;0;5;179;NO;;NO;;;;NO;NO;NO;NO;NO;NO;SI;NO;
21;MAGDALENA;052;PLATO;02;01;IEDGABRIELESCOBARB.SDGABRIELITO;008;01;PRESIDENTE;NO;;;230;BUEN ESTADO;230;0;5;230;NO;;NO;;;;NO;NO;NO;NO;NO;NO;SI;NO;
21;MAGDALENA;052;PLATO;02;01;IEDGABRIELESCOBARB.SDGABRIELITO;009;01;PRESIDENTE;NO;;;224;BUEN ESTADO;224;0;5;224;NO;;NO;;;;NO;NO;NO;NO;NO;NO;SI;NO;
21;MAGDALENA;052;PLATO;02;01;IEDGABRIELESCOBARB.SDGABRIELITO;010;01;PRESIDENTE;NO;;;208;BUEN ESTADO;208;0;6;208;NO;;NO;;;;NO;NO;NO;NO;NO;NO;SI;NO;
21;MAGDALENA;052;PLATO;02;01;IEDGABRIELESCOBARB.SDGABRIELITO;011;01;PRESIDENTE;NO;;;183;BUEN ESTADO;183;0;6;183;NO;;NO;;;;NO;NO;NO;NO;NO;NO;SI;NO;
21;MAGDALENA;052;PLATO;02;01;IEDGABRIELESCOBARB.SDGABRIELITO;012;01;PRESIDENTE;NO;;;195;MAL ESTADO;195;0;6;195;NO;;NO;;;;NO;NO;NO;NO;NO;NO;SI;NO;
21;MAGDALENA;052;PLATO;02;01;IEDGABRIELESCOBARB.SDGABRIELITO;013;01;PRESIDENTE;NO;;;182;BUEN ESTADO;182;0;5;182;NO;;NO;;;;NO;NO;NO;NO;NO;NO;SI;NO;
21;MAGDALENA;052;PLATO;02;01;IEDGABRIELESCOBARB.SDGABRIELITO;014;01;PRESIDENTE;NO;;;193;MAL ESTADO;193;0;6;193;NO;;NO;;;;NO;NO;NO;NO;NO;NO;NO;NO;
21;MAGDALENA;052;PLATO;02;01;IEDGABRIELESCOBARB.SDGABRIELITO;015;01;PRESIDENTE;NO;;;154;BUEN ESTADO;154;0;5;154;NO;;NO;;;;NO;NO;NO;NO;NO;NO;NO;NO;
21;MAGDALENA;052;PLATO;02;01;IEDGABRIELESCOBARB.SDGABRIELITO;016;01;PRESIDENTE;NO;;;108;BUEN ESTADO;108;0;5;108;NO;;NO;;;;NO;NO;NO;NO;NO;NO;NO;NO;
21;MAGDALENA;052;PLATO;02;01;IEDGABRIELESCOBARB.SDGABRIELITO;017;01;PRESIDENTE;NO;;;111;BUEN ESTADO;111;0;5;111;NO;;NO;;;;NO;NO;NO;NO;NO;NO;NO;NO;
21;MAGDALENA;052;PLATO;02;01;IEDGABRIELESCOBARB.SDGABRIELITO;018;01;PRESIDENTE;NO;;;113;BUEN ESTADO;113;0;6;113;NO;;NO;;;;NO;NO;NO;NO;NO;NO;SI;NO;
21;MAGDALENA;052;PLATO;02;01;IEDGABRIELESCOBARB.SDGABRIELITO;019;01;PRESIDENTE;NO;;;121;BUEN ESTADO;121;0;5;121;NO;;NO;;;;NO;NO;NO;NO;NO;NO;SI;NO;
21;MAGDALENA;052;PLATO;02;01;IEDGABRIELESCOBARB.SDGABRIELITO;020;01;PRESIDENTE;NO;;;98;BUEN ESTADO;98;0;5;98;NO;;NO;;;;NO;NO;NO;NO;NO;NO;SI;NO;
21;MAGDALENA;052;PLATO;02;01;IEDGABRIELESCOBARB.SDGABRIELITO;021;01;PRESIDENTE;NO;;;127;BUEN ESTADO;127;0;5;127;NO;;NO;;;;NO;NO;NO;NO;NO;NO;SI;NO;
21;MAGDALENA;052;PLATO;02;01;IEDGABRIELESCOBARB.SDGABRIELITO;022;01;PRESIDENTE;NO;;;107;BUEN ESTADO;107;0;4;107;NO;;NO;;;;NO;NO;NO;NO;NO;NO;SI;NO;
21;MAGDALENA;052;PLATO;02;01;IEDGABRIELESCOBARB.SDGABRIELITO;023;01;PRESIDENTE;NO;;;107;BUEN ESTADO;107;0;6;107;NO;;NO;;;;NO;NO;NO;NO;NO;NO;SI;NO;
21;MAGDALENA;052;PLATO;02;01;IEDGABRIELESCOBARB.SDGABRIELITO;024;01;PRESIDENTE;NO;;;109;BUEN ESTADO;109;0;6;109;NO;;NO;;;;NO;NO;NO;NO;NO;NO;SI;NO;
21;MAGDALENA;052;PLATO;02;01;IEDGABRIELESCOBARB.SDGABRIELITO;025;01;PRESIDENTE;NO;;;121;BUEN ESTADO;121;0;5;121;NO;;NO;;;;NO;NO;NO;NO;NO;NO;SI;NO;
21;MAGDALENA;052;PLATO;02;01;IEDGABRIELESCOBARB.SDGABRIELITO;026;01;PRESIDENTE;NO;;;124;MAL ESTADO;124;0;5;124;NO;;NO;;;;NO;NO;NO;NO;NO;NO;SI;NO;
21;MAGDALENA;052;PLATO;02;01;IEDGABRIELESCOBARB.SDGABRIELITO;027;01;PRESIDENTE;NO;;;133;BUEN ESTADO;133;0;6;133;NO;;NO;;;;NO;NO;NO;NO;NO;NO;NO;NO;
21;MAGDALENA;052;PLATO;02;01;IEDGABRIELESCOBARB.SDGABRIELITO;028;01;PRESIDENTE;NO;;;128;BUEN ESTADO;128;0;5;128;NO;;NO;;;;NO;NO;NO;NO;NO;NO;SI;NO;
21;MAGDALENA;052;PLATO;02;01;IEDGABRIELESCOBARB.SDGABRIELITO;029;01;PRESIDENTE;NO;;;105;BUEN ESTADO;105;0;6;105;NO;;NO;;;;NO;NO;NO;NO;NO;NO;NO;NO;
21;MAGDALENA;052;PLATO;02;01;IEDGABRIELESCOBARB.SDGABRIELITO;030;01;PRESIDENTE;NO;;;136;MAL ESTADO;136;0;5;136;NO;;NO;;;;NO;NO;NO;NO;NO;NO;SI;NO;
21;MAGDALENA;052;PLATO;02;01;IEDGABRIELESCOBARB.SDGABRIELITO;031;01;PRESIDENTE;NO;;;144;BUEN ESTADO;144;0;6;144;NO;;NO;;;;NO;NO;NO;NO;NO;NO;SI;NO;
21;MAGDALENA;052;PLATO;02;01;IEDGABRIELESCOBARB.SDGABRIELITO;032;01;PRESIDENTE;NO;;;135;BUEN ESTADO;135;0;4;135;NO;;NO;;;;NO;NO;NO;NO;NO;NO;NO;NO;
21;MAGDALENA;052;PLATO;02;01;IEDGABRIELESCOBARB.SDGABRIELITO;033;01;PRESIDENTE;NO;;;141;BUEN ESTADO;141;0;6;141;NO;;NO;;;;NO;NO;NO;NO;NO;NO;SI;NO;
21;MAGDALENA;052;PLATO;02;01;IEDGABRIELESCOBARB.SDGABRIELITO;034;01;PRESIDENTE;NO;;;150;BUEN ESTADO;150;0;5;150;NO;;NO;;;;NO;NO;NO;NO;NO;NO;SI;NO;
21;MAGDALENA;052;PLATO;02;01;IEDGABRIELESCOBARB.SDGABRIELITO;035;01;PRESIDENTE;NO;;;122;BUEN ESTADO;122;0;5;122;NO;;NO;;;;NO;NO;NO;NO;NO;NO;SI;NO;
21;MAGDALENA;052;PLATO;02;01;IEDGABRIELESCOBARB.SDGABRIELITO;036;01;PRESIDENTE;NO;;;98;BUEN ESTADO;98;0;5;98;NO;;NO;;;;NO;NO;NO;NO;NO;NO;SI;NO;
21;MAGDALENA;052;PLATO;02;01;IEDGABRIELESCOBARB.SDGABRIELITO;037;01;PRESIDENTE;NO;;;123;BUEN ESTADO;123;0;5;123;NO;;NO;;;;NO;NO;NO;NO;NO;NO;SI;NO;
21;MAGDALENA;052;PLATO;02;01;IEDGABRIELESCOBARB.SDGABRIELITO;038;01;PRESIDENTE;NO;;;121;BUEN ESTADO;121;0;4;121;NO;;NO;;;;NO;NO;NO;NO;NO;NO;NO;NO;
21;MAGDALENA;052;PLATO;02;01;IEDGABRIELESCOBARB.SDGABRIELITO;039;01;PRESIDENTE;NO;;;129;BUEN ESTADO;126;0;4;129;NO;;NO;;;;NO;NO;NO;NO;NO;NO;NO;NO;
21;MAGDALENA;052;PLATO;02;01;IEDGABRIELESCOBARB.SDGABRIELITO;040;01;PRESIDENTE;NO;;;61;BUEN ESTADO;61;0;6;61;NO;;NO;;;;NO;NO;NO;NO;NO;NO;NO;NO;
21;MAGDALENA;052;PLATO;02;02;IEDJUANAARIASDEBENAVIDES;001;01;PRESIDENTE;NO;;;224;BUEN ESTADO;224;0;6;224;NO;;NO;;;;NO;NO;NO;NO;NO;NO;SI;NO;
21;MAGDALENA;052;PLATO;02;02;IEDJUANAARIASDEBENAVIDES;002;01;PRESIDENTE;NO;;;279;BUEN ESTADO;279;0;5;279;NO;;NO;;;;NO;NO;NO;NO;NO;NO;NO;NO;
21;MAGDALENA;052;PLATO;02;02;IEDJUANAARIASDEBENAVIDES;003;01;PRESIDENTE;NO;;;252;BUEN ESTADO;252;0;6;252;NO;;NO;;;;NO;NO;NO;NO;NO;NO;SI;NO;
21;MAGDALENA;052;PLATO;02;02;IEDJUANAARIASDEBENAVIDES;004;01;PRESIDENTE;NO;;;186;BUEN ESTADO;186;0;6;186;NO;;NO;;;;NO;NO;NO;NO;NO;NO;SI;NO;
21;MAGDALENA;052;PLATO;02;02;IEDJUANAARIASDEBENAVIDES;005;01;PRESIDENTE;NO;;;199;BUEN ESTADO;199;0;5;199;NO;;NO;;;;NO;NO;NO;NO;NO;NO;NO;NO;
21;MAGDALENA;052;PLATO;02;02;IEDJUANAARIASDEBENAVIDES;006;01;PRESIDENTE;NO;;;254;BUEN ESTADO;254;0;5;254;NO;;NO;;;;NO;NO;NO;NO;NO;NO;SI;NO;
21;MAGDALENA;052;PLATO;02;02;IEDJUANAARIASDEBENAVIDES;007;01;PRESIDENTE;NO;;;239;BUEN ESTADO;239;0;5;239;NO;;NO;;;;NO;NO;NO;NO;NO;NO;SI;NO;
21;MAGDALENA;052;PLATO;02;02;IEDJUANAARIASDEBENAVIDES;008;01;PRESIDENTE;NO;;;208;BUEN ESTADO;208;0;5;208;NO;;NO;;;;NO;NO;NO;NO;NO;NO;SI;NO;
21;MAGDALENA;052;PLATO;02;02;IEDJUANAARIASDEBENAVIDES;009;01;PRESIDENTE;NO;;;196;BUEN ESTADO;196;0;6;196;NO;;NO;;;;NO;NO;NO;NO;NO;NO;SI;NO;
21;MAGDALENA;052;PLATO;02;02;IEDJUANAARIASDEBENAVIDES;010;01;PRESIDENTE;NO;;;215;BUEN ESTADO;215;0;6;215;NO;;NO;;;;NO;NO;NO;NO;NO;NO;SI;NO;
21;MAGDALENA;052;PLATO;02;02;IEDJUANAARIASDEBENAVIDES;011;01;PRESIDENTE;NO;;;152;BUEN ESTADO;152;0;5;152;NO;;NO;;;;NO;NO;NO;NO;NO;NO;SI;NO;
21;MAGDALENA;052;PLATO;02;02;IEDJUANAARIASDEBENAVIDES;012;01;PRESIDENTE;NO;;;127;BUEN ESTADO;127;0;5;127;NO;;NO;;;;NO;NO;NO;NO;NO;NO;NO;NO;
21;MAGDALENA;052;PLATO;02;02;IEDJUANAARIASDEBENAVIDES;013;01;PRESIDENTE;NO;;;149;BUEN ESTADO;149;0;6;149;NO;;NO;;;;NO;NO;NO;NO;NO;NO;SI;NO;
21;MAGDALENA;052;PLATO;02;02;IEDJUANAARIASDEBENAVIDES;014;01;PRESIDENTE;NO;;;140;BUEN ESTADO;140;0;5;140;NO;;NO;;;;NO;NO;NO;NO;NO;NO;SI;NO;
21;MAGDALENA;052;PLATO;02;02;IEDJUANAARIASDEBENAVIDES;015;01;PRESIDENTE;NO;;;133;BUEN ESTADO;133;0;4;133;NO;;NO;;;;NO;NO;NO;NO;NO;NO;SI;NO;
21;MAGDALENA;052;PLATO;02;02;IEDJUANAARIASDEBENAVIDES;016;01;PRESIDENTE;NO;;;138;BUEN ESTADO;138;0;5;138;NO;;NO;;;;NO;NO;NO;NO;NO;NO;NO;NO;
21;MAGDALENA;052;PLATO;02;02;IEDJUANAARIASDEBENAVIDES;017;01;PRESIDENTE;NO;;;146;BUEN ESTADO;146;0;6;146;NO;;NO;;;;NO;NO;NO;NO;NO;NO;SI;NO;
21;MAGDALENA;052;PLATO;02;02;IEDJUANAARIASDEBENAVIDES;018;01;PRESIDENTE;NO;;;139;BUEN ESTADO;139;0;5;139;NO;;NO;;;;NO;NO;NO;NO;NO;NO;NO;NO;
21;MAGDALENA;052;PLATO;02;02;IEDJUANAARIASDEBENAVIDES;019;01;PRESIDENTE;NO;;;146;BUEN ESTADO;146;0;6;146;NO;;NO;;;;NO;NO;NO;NO;NO;NO;NO;NO;
21;MAGDALENA;052;PLATO;02;02;IEDJUANAARIASDEBENAVIDES;020;01;PRESIDENTE;NO;;;143;BUEN ESTADO;143;0;5;143;NO;;NO;;;;NO;NO;NO;NO;NO;NO;SI;NO;
21;MAGDALENA;052;PLATO;02;02;IEDJUANAARIASDEBENAVIDES;021;01;PRESIDENTE;NO;;;133;BUEN ESTADO;133;0;6;133;NO;;NO;;;;NO;NO;NO;NO;NO;NO;SI;NO;
21;MAGDALENA;052;PLATO;02;02;IEDJUANAARIASDEBENAVIDES;022;01;PRESIDENTE;NO;;;140;BUEN ESTADO;140;0;5;140;NO;;NO;;;;NO;NO;NO;NO;NO;NO;NO;NO;
21;MAGDALENA;052;PLATO;02;02;IEDJUANAARIASDEBENAVIDES;023;01;PRESIDENTE;NO;;;45;BUEN ESTADO;45;0;5;45;NO;;NO;;;;NO;NO;NO;NO;NO;NO;NO;NO;
21;MAGDALENA;052;PLATO;90;01;IEDVICTORCAMARGOALVAREZ;001;01;PRESIDENTE;NO;;;139;BUEN ESTADO;139;0;6;139;NO;;NO;;;;NO;NO;NO;NO;NO;NO;SI;NO;
21;MAGDALENA;052;PLATO;90;01;IEDVICTORCAMARGOALVAREZ;002;01;PRESIDENTE;NO;;;225;BUEN ESTADO;225;0;5;225;NO;;NO;;;;NO;NO;NO;NO;NO;NO;NO;NO;
21;MAGDALENA;052;PLATO;90;01;IEDVICTORCAMARGOALVAREZ;003;01;PRESIDENTE;NO;;;154;BUEN ESTADO;154;0;5;154;NO;;NO;;;;NO;NO;NO;NO;NO;NO;SI;NO;
21;MAGDALENA;052;PLATO;90;01;IEDVICTORCAMARGOALVAREZ;004;01;PRESIDENTE;NO;;;132;BUEN ESTADO;132;0;5;132;NO;;NO;;;;NO;NO;NO;NO;NO;NO;NO;NO;
21;MAGDALENA;052;PLATO;90;01;IEDVICTORCAMARGOALVAREZ;005;01;PRESIDENTE;NO;;;178;BUEN ESTADO;178;0;6;178;NO;;NO;;;;NO;NO;NO;NO;NO;NO;SI;NO;
21;MAGDALENA;052;PLATO;90;01;IEDVICTORCAMARGOALVAREZ;006;01;PRESIDENTE;NO;;;198;BUEN ESTADO;198;0;5;198;NO;;NO;;;;NO;NO;NO;NO;NO;NO;SI;NO;
21;MAGDALENA;052;PLATO;90;01;IEDVICTORCAMARGOALVAREZ;007;01;PRESIDENTE;NO;;;155;BUEN ESTADO;155;0;6;155;NO;;NO;;;;NO;NO;NO;NO;NO;NO;NO;NO;
21;MAGDALENA;052;PLATO;90;01;IEDVICTORCAMARGOALVAREZ;008;01;PRESIDENTE;NO;;;56;BUEN ESTADO;56;0;6;56;NO;;NO;;;;NO;NO;NO;NO;NO;NO;NO;NO;
21;MAGDALENA;052;PLATO;99;01;APURE;001;01;PRESIDENTE;NO;;;183;BUEN ESTADO;183;0;6;183;NO;;NO;;;;NO;NO;NO;NO;NO;NO;NO;NO;
21;MAGDALENA;052;PLATO;99;01;APURE;002;01;PRESIDENTE;NO;;;183;BUEN ESTADO;183;0;5;183;NO;;NO;;;;NO;NO;NO;NO;NO;NO;SI;NO;
21;MAGDALENA;052;PLATO;99;01;APURE;003;01;PRESIDENTE;NO;;;185;BUEN ESTADO;185;0;6;185;NO;;NO;;;;NO;NO;NO;NO;NO;NO;NO;NO;
21;MAGDALENA;052;PLATO;99;01;APURE;004;01;PRESIDENTE;NO;;;168;BUEN ESTADO;168;0;6;168;NO;;NO;;;;NO;NO;NO;NO;NO;NO;NO;NO;
21;MAGDALENA;052;PLATO;99;01;APURE;005;01;PRESIDENTE;NO;;;99;BUEN ESTADO;99;0;6;99;NO;;NO;;;;NO;NO;NO;NO;NO;NO;NO;NO;
21;MAGDALENA;052;PLATO;99;02;CIENEGUETA;001;01;PRESIDENTE;NO;;;144;BUEN ESTADO;144;0;5;144;NO;;NO;;;;NO;NO;NO;NO;NO;NO;NO;NO;
21;MAGDALENA;052;PLATO;99;02;CIENEGUETA;002;01;PRESIDENTE;NO;;;125;BUEN ESTADO;125;0;6;125;NO;;NO;;;;NO;NO;NO;NO;NO;NO;NO;NO;
21;MAGDALENA;052;PLATO;99;03;CINCOYSEIS;001;01;PRESIDENTE;NO;;;130;BUEN ESTADO;130;0;6;130;NO;;NO;;;;NO;NO;NO;NO;NO;NO;NO;NO;
21;MAGDALENA;052;PLATO;99;04;ELCARMENDELMAGDALENA;001;01;PRESIDENTE;NO;;;146;BUEN ESTADO;146;0;5;146;NO;;NO;;;;NO;NO;NO;NO;NO;NO;SI;NO;
21;MAGDALENA;052;PLATO;99;04;ELCARMENDELMAGDALENA;002;01;PRESIDENTE;NO;;;135;BUEN ESTADO;135;0;4;135;NO;;NO;;;;NO;NO;NO;NO;NO;NO;NO;NO;
21;MAGDALENA;052;PLATO;99;04;ELCARMENDELMAGDALENA;003;01;PRESIDENTE;NO;;;62;BUEN ESTADO;62;0;6;62;NO;;NO;;;;NO;NO;NO;NO;NO;NO;NO;NO;
21;MAGDALENA;052;PLATO;99;05;BUENAVISTA;001;01;PRESIDENTE;NO;;;139;BUEN ESTADO;139;0;5;139;NO;;NO;;;;NO;NO;NO;NO;NO;NO;NO;NO;
21;MAGDALENA;052;PLATO;99;06;AGUASVIVAS;001;01;PRESIDENTE;NO;;;164;BUEN ESTADO;164;0;6;164;NO;;NO;;;;NO;NO;NO;NO;NO;NO;SI;NO;
21;MAGDALENA;052;PLATO;99;06;AGUASVIVAS;002;01;PRESIDENTE;NO;;;154;BUEN ESTADO;154;0;5;154;NO;;NO;;;;NO;NO;NO;NO;NO;NO;SI;NO;
21;MAGDALENA;052;PLATO;99;06;AGUASVIVAS;003;01;PRESIDENTE;NO;;;10;BUEN ESTADO;10;0;6;10;NO;;NO;;;;NO;NO;NO;NO;NO;NO;SI;NO;
21;MAGDALENA;052;PLATO;99;07;CERROGRANDE;001;01;PRESIDENTE;NO;;;159;BUEN ESTADO;159;0;5;159;NO;;NO;;;;NO;NO;NO;NO;NO;NO;NO;NO;
21;MAGDALENA;052;PLATO;99;10;BETZAIDA;001;01;PRESIDENTE;NO;;;62;BUEN ESTADO;62;0;5;62;NO;;NO;;;;NO;NO;NO;NO;NO;NO;NO;NO;
21;MAGDALENA;052;PLATO;99;12;DISCIPLINA;001;01;PRESIDENTE;NO;;;163;BUEN ESTADO;163;0;5;163;NO;;NO;;;;NO;NO;NO;NO;NO;NO;SI;NO;
21;MAGDALENA;052;PLATO;99;12;DISCIPLINA;002;01;PRESIDENTE;NO;;;83;BUEN ESTADO;83;0;5;83;NO;;NO;;;;NO;NO;NO;NO;NO;NO;NO;NO;
21;MAGDALENA;052;PLATO;99;14;ELVATICANO;001;01;PRESIDENTE;NO;;;137;BUEN ESTADO;137;0;6;137;NO;;NO;;;;NO;NO;NO;NO;NO;NO;SI;NO;
21;MAGDALENA;052;PLATO;99;15;LOSPOZOS;001;01;PRESIDENTE;NO;;;112;BUEN ESTADO;120;8;4;112;NO;;NO;;;;NO;NO;NO;NO;NO;NO;NO;NO;
21;MAGDALENA;052;PLATO;99;16;LASPLANADAS;001;01;PRESIDENTE;NO;;;55;BUEN ESTADO;55;0;3;55;NO;;NO;;;;NO;NO;NO;NO;NO;NO;NO;NO;
21;MAGDALENA;052;PLATO;99;17;SANANTONIODELRIO;001;01;PRESIDENTE;NO;;;131;BUEN ESTADO;131;0;5;131;NO;;NO;;;;NO;NO;NO;NO;NO;NO;SI;NO;
21;MAGDALENA;052;PLATO;99;17;SANANTONIODELRIO;002;01;PRESIDENTE;NO;;;79;BUEN ESTADO;79;0;4;79;NO;;NO;;;;NO;NO;NO;NO;NO;NO;NO;NO;
21;MAGDALENA;052;PLATO;99;19;SANJOSEDELPURGATORIO;001;01;PRESIDENTE;NO;;;181;BUEN ESTADO;181;0;3;181;NO;;NO;;;;NO;NO;NO;NO;NO;NO;NO;NO;
21;MAGDALENA;052;PLATO;99;19;SANJOSEDELPURGATORIO;002;01;PRESIDENTE;NO;;;162;BUEN ESTADO;162;0;6;162;NO;;NO;;;;NO;NO;NO;NO;NO;NO;SI;NO;
21;MAGDALENA;052;PLATO;99;19;SANJOSEDELPURGATORIO;003;01;PRESIDENTE;NO;;;154;BUEN ESTADO;154;0;4;154;NO;;NO;;;;NO;NO;NO;NO;NO;NO;SI;NO;
21;MAGDALENA;052;PLATO;99;19;SANJOSEDELPURGATORIO;004;01;PRESIDENTE;NO;;;10;BUEN ESTADO;10;0;6;10;NO;;NO;;;;NO;NO;NO;NO;NO;NO;NO;NO;
21;MAGDALENA;052;PLATO;99;21;ZARATE;001;01;PRESIDENTE;NO;;;170;BUEN ESTADO;170;0;6;170;NO;;NO;;;;NO;NO;NO;NO;NO;NO;SI;NO;
21;MAGDALENA;052;PLATO;99;21;ZARATE;002;01;PRESIDENTE;NO;;;140;BUEN ESTADO;140;0;6;140;NO;;NO;;;;NO;NO;NO;NO;NO;NO;SI;NO;
21;MAGDALENA;052;PLATO;99;21;ZARATE;003;01;PRESIDENTE;NO;;;49;BUEN ESTADO;49;0;5;49;NO;;NO;;;;NO;NO;NO;NO;NO;NO;NO;NO;
21;MAGDALENA;055;PUEBLOVIEJO;00;00;PUESTOCABECERAMUNICIPAL;001;01;PRESIDENTE;NO;;;179;BUEN ESTADO;179;0;6;179;NO;;NO;;;;NO;NO;NO;NO;NO;NO;SI;NO;
21;MAGDALENA;055;PUEBLOVIEJO;00;00;PUESTOCABECERAMUNICIPAL;002;01;PRESIDENTE;NO;;;186;BUEN ESTADO;186;0;5;186;NO;;NO;;;;NO;NO;NO;NO;NO;NO;SI;NO;
21;MAGDALENA;055;PUEBLOVIEJO;00;00;PUESTOCABECERAMUNICIPAL;003;01;PRESIDENTE;NO;;;156;BUEN ESTADO;156;0;6;156;NO;;NO;;;;NO;NO;NO;NO;NO;NO;NO;NO;
21;MAGDALENA;055;PUEBLOVIEJO;00;00;PUESTOCABECERAMUNICIPAL;004;01;PRESIDENTE;NO;;;124;BUEN ESTADO;124;0;5;124;NO;;NO;;;;NO;NO;NO;NO;NO;NO;NO;NO;
21;MAGDALENA;055;PUEBLOVIEJO;00;00;PUESTOCABECERAMUNICIPAL;005;01;PRESIDENTE;NO;;;195;BUEN ESTADO;195;0;6;195;NO;;NO;;;;NO;NO;NO;NO;NO;NO;SI;NO;
21;MAGDALENA;055;PUEBLOVIEJO;00;00;PUESTOCABECERAMUNICIPAL;006;01;PRESIDENTE;NO;;;148;BUEN ESTADO;148;0;6;148;NO;;NO;;;;NO;NO;NO;NO;NO;NO;SI;NO;
21;MAGDALENA;055;PUEBLOVIEJO;00;00;PUESTOCABECERAMUNICIPAL;007;01;PRESIDENTE;NO;;;139;BUEN ESTADO;140;1;6;139;NO;;NO;;;;NO;NO;NO;NO;NO;NO;SI;NO;
21;MAGDALENA;055;PUEBLOVIEJO;00;00;PUESTOCABECERAMUNICIPAL;008;01;PRESIDENTE;NO;;;139;BUEN ESTADO;139;0;6;139;NO;;NO;;;;NO;NO;NO;NO;NO;NO;SI;NO;
21;MAGDALENA;055;PUEBLOVIEJO;00;00;PUESTOCABECERAMUNICIPAL;009;01;PRESIDENTE;NO;;;136;BUEN ESTADO;136;0;5;136;NO;;NO;;;;NO;NO;NO;NO;NO;NO;NO;NO;
21;MAGDALENA;055;PUEBLOVIEJO;00;00;PUESTOCABECERAMUNICIPAL;010;01;PRESIDENTE;NO;;;112;BUEN ESTADO;112;0;5;112;NO;;NO;;;;NO;NO;NO;NO;NO;NO;NO;NO;
21;MAGDALENA;055;PUEBLOVIEJO;00;00;PUESTOCABECERAMUNICIPAL;011;01;PRESIDENTE;NO;;;102;BUEN ESTADO;102;0;5;102;NO;;NO;;;;NO;NO;NO;NO;NO;NO;NO;NO;
21;MAGDALENA;055;PUEBLOVIEJO;00;00;PUESTOCABECERAMUNICIPAL;012;01;PRESIDENTE;NO;;;86;BUEN ESTADO;86;0;5;86;NO;;NO;;;;NO;NO;NO;NO;NO;NO;NO;NO;
21;MAGDALENA;055;PUEBLOVIEJO;00;00;PUESTOCABECERAMUNICIPAL;013;01;PRESIDENTE;NO;;;101;BUEN ESTADO;101;0;5;101;NO;;NO;;;;NO;NO;NO;NO;NO;NO;NO;NO;
21;MAGDALENA;055;PUEBLOVIEJO;00;00;PUESTOCABECERAMUNICIPAL;014;01;PRESIDENTE;NO;;;86;BUEN ESTADO;86;0;5;86;NO;;NO;;;;NO;NO;NO;NO;NO;NO;NO;NO;
21;MAGDALENA;055;PUEBLOVIEJO;00;00;PUESTOCABECERAMUNICIPAL;015;01;PRESIDENTE;NO;;;88;BUEN ESTADO;88;0;6;88;NO;;NO;;;;NO;NO;NO;NO;NO;NO;NO;NO;
21;MAGDALENA;055;PUEBLOVIEJO;00;00;PUESTOCABECERAMUNICIPAL;016;01;PRESIDENTE;NO;;;83;BUEN ESTADO;82;1;5;83;NO;;NO;;;;NO;NO;NO;NO;NO;NO;NO;NO;
21;MAGDALENA;055;PUEBLOVIEJO;00;00;PUESTOCABECERAMUNICIPAL;017;01;PRESIDENTE;NO;;;86;BUEN ESTADO;86;0;5;86;NO;;NO;;;;NO;NO;NO;NO;NO;NO;SI;NO;
21;MAGDALENA;055;PUEBLOVIEJO;00;00;PUESTOCABECERAMUNICIPAL;018;01;PRESIDENTE;NO;;;101;BUEN ESTADO;101;0;5;101;NO;;NO;;;;NO;NO;NO;NO;NO;NO;SI;NO;
21;MAGDALENA;055;PUEBLOVIEJO;00;00;PUESTOCABECERAMUNICIPAL;019;01;PRESIDENTE;NO;;;98;BUEN ESTADO;98;0;5;98;NO;;NO;;;;NO;NO;NO;NO;NO;NO;NO;NO;
21;MAGDALENA;055;PUEBLOVIEJO;00;00;PUESTOCABECERAMUNICIPAL;020;01;PRESIDENTE;NO;;;105;BUEN ESTADO;105;0;5;105;NO;;NO;;;;NO;NO;NO;NO;NO;NO;NO;NO;
21;MAGDALENA;055;PUEBLOVIEJO;00;00;PUESTOCABECERAMUNICIPAL;021;01;PRESIDENTE;NO;;;111;BUEN ESTADO;111;0;6;111;NO;;NO;;;;NO;NO;NO;NO;NO;NO;NO;NO;
21;MAGDALENA;055;PUEBLOVIEJO;00;00;PUESTOCABECERAMUNICIPAL;022;01;PRESIDENTE;NO;;;90;BUEN ESTADO;90;0;5;90;NO;;NO;;;;NO;NO;NO;NO;NO;NO;SI;NO;
21;MAGDALENA;055;PUEBLOVIEJO;00;00;PUESTOCABECERAMUNICIPAL;023;01;PRESIDENTE;NO;;;107;BUEN ESTADO;107;0;5;107;NO;;NO;;;;NO;NO;NO;NO;NO;NO;SI;NO;
21;MAGDALENA;055;PUEBLOVIEJO;00;00;PUESTOCABECERAMUNICIPAL;024;01;PRESIDENTE;NO;;;87;BUEN ESTADO;87;0;5;87;NO;;NO;;;;NO;NO;NO;NO;NO;NO;SI;NO;
21;MAGDALENA;055;PUEBLOVIEJO;00;00;PUESTOCABECERAMUNICIPAL;025;01;PRESIDENTE;NO;;;78;BUEN ESTADO;78;0;5;78;NO;;NO;;;;NO;NO;NO;NO;NO;NO;NO;NO;
21;MAGDALENA;055;PUEBLOVIEJO;99;01;BOCASDEARACATACA;001;01;PRESIDENTE;NO;;;24;BUEN ESTADO;24;0;6;24;NO;;NO;;;;NO;NO;NO;NO;NO;NO;NO;NO;
21;MAGDALENA;055;PUEBLOVIEJO;99;01;BOCASDEARACATACA;002;01;PRESIDENTE;NO;;;8;BUEN ESTADO;8;0;6;8;NO;;NO;;;;NO;NO;NO;NO;NO;NO;NO;NO;
21;MAGDALENA;055;PUEBLOVIEJO;99;04;ISLADECATAQUITA;001;01;PRESIDENTE;NO;;;59;BUEN ESTADO;59;0;6;59;NO;;NO;;;;NO;NO;NO;NO;NO;NO;SI;NO;
21;MAGDALENA;055;PUEBLOVIEJO;99;05;ISLADELROSARIO;001;01;PRESIDENTE;NO;;;148;BUEN ESTADO;148;0;6;148;NO;;NO;;;;NO;NO;NO;NO;NO;NO;NO;NO;
21;MAGDALENA;055;PUEBLOVIEJO;99;05;ISLADELROSARIO;002;01;PRESIDENTE;NO;;;152;BUEN ESTADO;152;0;6;152;NO;;NO;;;;NO;NO;NO;NO;NO;NO;SI;NO;
21;MAGDALENA;055;PUEBLOVIEJO;99;05;ISLADELROSARIO;003;01;PRESIDENTE;NO;;;118;BUEN ESTADO;1183;0;6;118;NO;;NO;;;;NO;NO;NO;NO;NO;NO;NO;NO;
21;MAGDALENA;055;PUEBLOVIEJO;99;05;ISLADELROSARIO;004;01;PRESIDENTE;NO;;;169;BUEN ESTADO;169;0;6;169;NO;;NO;;;;NO;NO;NO;NO;NO;NO;SI;NO;
21;MAGDALENA;055;PUEBLOVIEJO;99;05;ISLADELROSARIO;005;01;PRESIDENTE;NO;;;150;BUEN ESTADO;150;0;6;150;NO;;NO;;;;NO;NO;NO;NO;NO;NO;NO;NO;
21;MAGDALENA;055;PUEBLOVIEJO;99;05;ISLADELROSARIO;006;01;PRESIDENTE;NO;;;114;BUEN ESTADO;114;0;6;114;NO;;NO;;;;NO;NO;NO;NO;NO;NO;NO;NO;
21;MAGDALENA;055;PUEBLOVIEJO;99;05;ISLADELROSARIO;007;01;PRESIDENTE;NO;;;97;BUEN ESTADO;97;0;6;97;NO;;NO;;;;NO;NO;NO;NO;NO;NO;SI;NO;
21;MAGDALENA;055;PUEBLOVIEJO;99;05;ISLADELROSARIO;008;01;PRESIDENTE;NO;;;92;BUEN ESTADO;92;0;6;92;NO;;NO;;;;NO;NO;NO;NO;NO;NO;NO;NO;
21;MAGDALENA;055;PUEBLOVIEJO;99;05;ISLADELROSARIO;009;01;PRESIDENTE;NO;;;111;BUEN ESTADO;111;0;6;111;NO;;NO;;;;NO;NO;NO;NO;NO;NO;SI;NO;
21;MAGDALENA;055;PUEBLOVIEJO;99;05;ISLADELROSARIO;010;01;PRESIDENTE;NO;;;118;BUEN ESTADO;118;0;6;118;NO;;NO;;;;NO;NO;NO;NO;NO;NO;SI;NO;
21;MAGDALENA;055;PUEBLOVIEJO;99;05;ISLADELROSARIO;011;01;PRESIDENTE;NO;;;20;BUEN ESTADO;20;0;6;20;NO;;NO;;;;NO;NO;NO;NO;NO;NO;NO;NO;
21;MAGDALENA;055;PUEBLOVIEJO;99;09;TASAJERAS;001;01;PRESIDENTE;NO;;;163;BUEN ESTADO;163;0;6;163;NO;;NO;;;;NO;NO;NO;NO;NO;NO;SI;NO;
21;MAGDALENA;055;PUEBLOVIEJO;99;09;TASAJERAS;002;01;PRESIDENTE;NO;;;208;BUEN ESTADO;208;0;6;208;NO;;NO;;;;NO;NO;NO;NO;NO;NO;SI;NO;
21;MAGDALENA;055;PUEBLOVIEJO;99;09;TASAJERAS;003;01;PRESIDENTE;NO;;;191;BUEN ESTADO;191;0;6;191;NO;;NO;;;;NO;NO;NO;NO;NO;NO;SI;NO;
21;MAGDALENA;055;PUEBLOVIEJO;99;09;TASAJERAS;004;01;PRESIDENTE;NO;;;185;BUEN ESTADO;185;0;6;185;NO;;NO;;;;NO;NO;NO;NO;NO;NO;SI;NO;
21;MAGDALENA;055;PUEBLOVIEJO;99;09;TASAJERAS;005;01;PRESIDENTE;NO;;;167;BUEN ESTADO;167;0;6;167;NO;;NO;;;;SI;NO;NO;NO;NO;NO;SI;NO;
21;MAGDALENA;055;PUEBLOVIEJO;99;09;TASAJERAS;006;01;PRESIDENTE;NO;;;194;BUEN ESTADO;194;0;6;194;NO;;NO;;;;NO;NO;NO;NO;NO;NO;SI;NO;
21;MAGDALENA;055;PUEBLOVIEJO;99;09;TASAJERAS;007;01;PRESIDENTE;NO;;;196;BUEN ESTADO;196;0;6;196;NO;;NO;;;;NO;NO;NO;NO;NO;NO;SI;NO;
21;MAGDALENA;055;PUEBLOVIEJO;99;09;TASAJERAS;008;01;PRESIDENTE;NO;;;149;BUEN ESTADO;148;0;6;149;NO;;NO;;;;NO;NO;NO;NO;NO;NO;SI;NO;
21;MAGDALENA;055;PUEBLOVIEJO;99;09;TASAJERAS;009;01;PRESIDENTE;NO;;;111;BUEN ESTADO;111;0;6;111;NO;;NO;;;;NO;NO;NO;NO;NO;NO;SI;NO;
21;MAGDALENA;055;PUEBLOVIEJO;99;09;TASAJERAS;010;01;PRESIDENTE;NO;;;101;BUEN ESTADO;101;0;6;101;NO;;NO;;;;NO;NO;NO;NO;NO;NO;NO;NO;
21;MAGDALENA;055;PUEBLOVIEJO;99;09;TASAJERAS;011;01;PRESIDENTE;NO;;;121;BUEN ESTADO;121;0;6;121;NO;;NO;;;;NO;NO;NO;NO;NO;NO;SI;NO;
21;MAGDALENA;055;PUEBLOVIEJO;99;09;TASAJERAS;012;01;PRESIDENTE;NO;;;119;BUEN ESTADO;119;0;6;119;NO;;NO;;;;NO;NO;NO;NO;NO;NO;NO;NO;
21;MAGDALENA;055;PUEBLOVIEJO;99;09;TASAJERAS;013;01;PRESIDENTE;NO;;;117;BUEN ESTADO;117;0;6;117;NO;;NO;;;;NO;NO;NO;NO;NO;NO;SI;NO;
21;MAGDALENA;055;PUEBLOVIEJO;99;09;TASAJERAS;014;01;PRESIDENTE;NO;;;110;BUEN ESTADO;110;0;6;110;NO;;NO;;;;NO;NO;NO;NO;NO;NO;SI;NO;
21;MAGDALENA;055;PUEBLOVIEJO;99;09;TASAJERAS;015;01;PRESIDENTE;NO;;;102;BUEN ESTADO;102;0;6;102;NO;;NO;;;;NO;NO;NO;NO;NO;NO;SI;NO;
21;MAGDALENA;055;PUEBLOVIEJO;99;09;TASAJERAS;016;01;PRESIDENTE;NO;;;117;BUEN ESTADO;117;0;6;117;NO;;NO;;;;NO;NO;NO;NO;NO;NO;SI;NO;
21;MAGDALENA;055;PUEBLOVIEJO;99;09;TASAJERAS;017;01;PRESIDENTE;NO;;;129;BUEN ESTADO;129;0;6;129;NO;;NO;;;;NO;NO;NO;NO;NO;NO;SI;NO;
21;MAGDALENA;055;PUEBLOVIEJO;99;09;TASAJERAS;018;01;PRESIDENTE;NO;;;82;BUEN ESTADO;82;0;6;82;NO;;NO;;;;NO;NO;NO;NO;NO;NO;SI;NO;
21;MAGDALENA;055;PUEBLOVIEJO;99;10;TIERRANUEVA;001;01;PRESIDENTE;NO;;;109;BUEN ESTADO;109;0;5;109;NO;;NO;;;;NO;NO;NO;NO;NO;NO;SI;NO;
21;MAGDALENA;055;PUEBLOVIEJO;99;15;NUEVAFRONTERA;001;01;PRESIDENTE;NO;;;173;BUEN ESTADO;173;0;6;173;NO;;NO;;;;NO;NO;NO;NO;NO;NO;SI;NO;
21;MAGDALENA;055;PUEBLOVIEJO;99;15;NUEVAFRONTERA;002;01;PRESIDENTE;NO;;;100;BUEN ESTADO;100;0;6;100;NO;;NO;;;;NO;NO;NO;NO;NO;NO;NO;NO;
21;MAGDALENA;055;PUEBLOVIEJO;99;20;PALMIRA;001;01;PRESIDENTE;NO;;;125;BUEN ESTADO;125;0;6;125;NO;;NO;;;;NO;NO;NO;NO;NO;NO;SI;NO;
21;MAGDALENA;055;PUEBLOVIEJO;99;20;PALMIRA;002;01;PRESIDENTE;NO;;;102;BUEN ESTADO;102;0;6;102;NO;;NO;;;;NO;NO;NO;NO;NO;NO;SI;NO;
21;MAGDALENA;055;PUEBLOVIEJO;99;20;PALMIRA;003;01;PRESIDENTE;NO;;;110;BUEN ESTADO;110;0;6;110;NO;;NO;;;;NO;NO;NO;NO;NO;NO;SI;NO;
21;MAGDALENA;055;PUEBLOVIEJO;99;20;PALMIRA;004;01;PRESIDENTE;NO;;;88;BUEN ESTADO;88;0;6;88;NO;;NO;;;;NO;NO;NO;NO;NO;NO;SI;NO;
21;MAGDALENA;055;PUEBLOVIEJO;99;20;PALMIRA;005;01;PRESIDENTE;NO;;;96;BUEN ESTADO;96;0;6;96;NO;;NO;;;;NO;NO;NO;NO;NO;NO;SI;NO;
21;MAGDALENA;055;PUEBLOVIEJO;99;20;PALMIRA;006;01;PRESIDENTE;NO;;;116;BUEN ESTADO;116;0;6;116;NO;;NO;;;;NO;NO;NO;NO;NO;NO;NO;NO;
21;MAGDALENA;055;PUEBLOVIEJO;99;20;PALMIRA;007;01;PRESIDENTE;NO;;;28;BUEN ESTADO;28;0;6;28;NO;;NO;;;;NO;NO;NO;NO;NO;NO;NO;NO;
21;MAGDALENA;055;PUEBLOVIEJO;99;40;SANJUANDEPALOSPRIETO;001;01;PRESIDENTE;NO;;;154;BUEN ESTADO;154;0;5;154;NO;;NO;;;;NO;NO;NO;NO;NO;NO;NO;NO;
21;MAGDALENA;055;PUEBLOVIEJO;99;40;SANJUANDEPALOSPRIETO;002;01;PRESIDENTE;NO;;;140;BUEN ESTADO;140;0;6;140;NO;;NO;;;;NO;NO;NO;NO;NO;NO;SI;NO;
21;MAGDALENA;058;REMOLINO;00;00;PUESTOCABECERAMUNICIPAL;001;01;PRESIDENTE;NO;;;209;BUEN ESTADO;209;0;3;209;NO;;NO;;;;NO;NO;NO;NO;NO;NO;SI;NO;
21;MAGDALENA;058;REMOLINO;00;00;PUESTOCABECERAMUNICIPAL;002;01;PRESIDENTE;NO;;;198;BUEN ESTADO;198;0;5;198;NO;;NO;;;;NO;NO;NO;NO;NO;NO;NO;NO;
21;MAGDALENA;058;REMOLINO;00;00;PUESTOCABECERAMUNICIPAL;003;01;PRESIDENTE;NO;;;193;BUEN ESTADO;193;0;5;193;NO;;NO;;;;NO;NO;NO;NO;NO;NO;SI;NO;
21;MAGDALENA;058;REMOLINO;00;00;PUESTOCABECERAMUNICIPAL;004;01;PRESIDENTE;NO;;;196;BUEN ESTADO;195;0;3;195;NO;;NO;;;;NO;NO;NO;NO;NO;NO;SI;NO;
21;MAGDALENA;058;REMOLINO;00;00;PUESTOCABECERAMUNICIPAL;005;01;PRESIDENTE;NO;;;198;BUEN ESTADO;198;0;2;198;NO;;NO;;;;NO;NO;NO;NO;NO;NO;SI;NO;
21;MAGDALENA;058;REMOLINO;00;00;PUESTOCABECERAMUNICIPAL;006;01;PRESIDENTE;NO;;;180;BUEN ESTADO;180;0;4;180;NO;;NO;;;;NO;NO;NO;NO;NO;NO;SI;NO;
21;MAGDALENA;058;REMOLINO;00;00;PUESTOCABECERAMUNICIPAL;007;01;PRESIDENTE;NO;;;159;BUEN ESTADO;159;0;6;159;NO;;NO;;;;NO;NO;NO;NO;NO;NO;SI;NO;
21;MAGDALENA;058;REMOLINO;00;00;PUESTOCABECERAMUNICIPAL;008;01;PRESIDENTE;NO;;;142;BUEN ESTADO;142;0;4;142;NO;;NO;;;;NO;NO;NO;NO;NO;NO;NO;NO;
21;MAGDALENA;058;REMOLINO;00;00;PUESTOCABECERAMUNICIPAL;009;01;PRESIDENTE;NO;;;118;BUEN ESTADO;118;0;4;118;NO;;NO;;;;NO;NO;NO;NO;NO;NO;NO;NO;
21;MAGDALENA;058;REMOLINO;00;00;PUESTOCABECERAMUNICIPAL;010;01;PRESIDENTE;NO;;;136;BUEN ESTADO;136;0;6;136;NO;;NO;;;;NO;NO;NO;NO;NO;NO;NO;NO;
21;MAGDALENA;058;REMOLINO;00;00;PUESTOCABECERAMUNICIPAL;011;01;PRESIDENTE;NO;;;132;BUEN ESTADO;132;0;6;132;NO;;NO;;;;NO;NO;NO;NO;NO;NO;SI;NO;
21;MAGDALENA;058;REMOLINO;00;00;PUESTOCABECERAMUNICIPAL;012;01;PRESIDENTE;NO;;;142;BUEN ESTADO;142;0;2;142;NO;;NO;;;;NO;NO;NO;NO;NO;NO;SI;NO;
21;MAGDALENA;058;REMOLINO;00;00;PUESTOCABECERAMUNICIPAL;013;01;PRESIDENTE;NO;;;143;BUEN ESTADO;143;0;3;143;NO;;NO;;;;NO;NO;NO;NO;NO;NO;NO;NO;
21;MAGDALENA;058;REMOLINO;00;00;PUESTOCABECERAMUNICIPAL;014;01;PRESIDENTE;NO;;;118;BUEN ESTADO;118;0;3;118;NO;;NO;;;;NO;NO;NO;NO;NO;NO;SI;NO;
21;MAGDALENA;058;REMOLINO;00;00;PUESTOCABECERAMUNICIPAL;015;01;PRESIDENTE;NO;;;134;BUEN ESTADO;134;0;5;134;NO;;NO;;;;NO;NO;NO;NO;NO;NO;NO;NO;
21;MAGDALENA;058;REMOLINO;00;00;PUESTOCABECERAMUNICIPAL;016;01;PRESIDENTE;NO;;;38;BUEN ESTADO;38;0;5;38;NO;;NO;;;;NO;NO;NO;NO;NO;NO;NO;NO;
21;MAGDALENA;058;REMOLINO;99;09;CORRALVIEJO;001;01;PRESIDENTE;NO;;;142;BUEN ESTADO;142;0;6;142;NO;;NO;;;;NO;NO;NO;NO;NO;NO;NO;NO;
21;MAGDALENA;058;REMOLINO;99;10;ELDIVIDIVI;001;01;PRESIDENTE;NO;;;157;BUEN ESTADO;157;0;6;157;NO;;NO;;;;NO;NO;NO;NO;NO;NO;NO;NO;
21;MAGDALENA;058;REMOLINO;99;11;MARTINETE;001;01;PRESIDENTE;NO;;;88;BUEN ESTADO;88;0;5;88;NO;;NO;;;;NO;NO;NO;NO;NO;NO;NO;NO;
21;MAGDALENA;058;REMOLINO;99;13;KIOSCOCOMUNALDESANTARITA;001;01;PRESIDENTE;NO;;;128;BUEN ESTADO;128;0;5;128;NO;;NO;;;;NO;NO;NO;NO;NO;NO;NO;NO;
21;MAGDALENA;058;REMOLINO;99;13;KIOSCOCOMUNALDESANTARITA;002;01;PRESIDENTE;NO;;;65;BUEN ESTADO;65;0;6;65;NO;;NO;;;;NO;NO;NO;NO;NO;NO;NO;NO;
21;MAGDALENA;058;REMOLINO;99;17;SANRAFAELDEBUENAVISTA;001;01;PRESIDENTE;NO;;;168;BUEN ESTADO;168;0;6;168;NO;;NO;;;;NO;NO;NO;NO;NO;NO;SI;NO;
21;MAGDALENA;058;REMOLINO;99;17;SANRAFAELDEBUENAVISTA;002;01;PRESIDENTE;NO;;;141;BUEN ESTADO;141;0;4;141;NO;;NO;;;;NO;NO;NO;NO;NO;NO;NO;NO;
21;MAGDALENA;058;REMOLINO;99;17;SANRAFAELDEBUENAVISTA;003;01;PRESIDENTE;NO;;;7;BUEN ESTADO;7;0;3;7;NO;;NO;;;;NO;NO;NO;NO;NO;NO;NO;NO;
21;MAGDALENA;058;REMOLINO;99;20;ELSALADO;001;01;PRESIDENTE;NO;;;67;BUEN ESTADO;67;0;6;67;NO;;NO;;;;NO;NO;NO;NO;NO;NO;NO;NO;
21;MAGDALENA;058;REMOLINO;99;30;SANJOSEDELASCASITAS;001;01;PRESIDENTE;NO;;;214;BUEN ESTADO;214;0;5;214;NO;;NO;;;;NO;NO;NO;NO;NO;NO;NO;NO;
21;MAGDALENA;060;SABANAS DE SAN ANGEL;00;00;PUESTOCABECERAMUNICIPAL;001;01;PRESIDENTE;NO;;;162;BUEN ESTADO;162;0;6;162;NO;;NO;;;;NO;NO;NO;NO;NO;NO;NO;NO;
21;MAGDALENA;060;SABANAS DE SAN ANGEL;00;00;PUESTOCABECERAMUNICIPAL;002;01;PRESIDENTE;NO;;;198;BUEN ESTADO;198;0;6;198;NO;;NO;;;;NO;NO;NO;NO;NO;NO;NO;NO;
21;MAGDALENA;060;SABANAS DE SAN ANGEL;00;00;PUESTOCABECERAMUNICIPAL;003;01;PRESIDENTE;NO;;;192;BUEN ESTADO;192;0;6;192;NO;;NO;;;;NO;NO;NO;NO;NO;NO;NO;NO;
21;MAGDALENA;060;SABANAS DE SAN ANGEL;00;00;PUESTOCABECERAMUNICIPAL;004;01;PRESIDENTE;NO;;;179;BUEN ESTADO;179;0;6;179;NO;;NO;;;;NO;NO;NO;NO;NO;NO;NO;NO;
21;MAGDALENA;060;SABANAS DE SAN ANGEL;00;00;PUESTOCABECERAMUNICIPAL;005;01;PRESIDENTE;NO;;;206;BUEN ESTADO;206;0;6;206;NO;;NO;;;;NO;NO;NO;NO;NO;NO;NO;NO;
21;MAGDALENA;060;SABANAS DE SAN ANGEL;00;00;PUESTOCABECERAMUNICIPAL;006;01;PRESIDENTE;NO;;;209;BUEN ESTADO;209;0;6;209;NO;;NO;;;;NO;NO;NO;NO;NO;NO;SI;NO;
21;MAGDALENA;060;SABANAS DE SAN ANGEL;00;00;PUESTOCABECERAMUNICIPAL;007;01;PRESIDENTE;NO;;;183;BUEN ESTADO;183;0;6;183;NO;;NO;;;;NO;NO;NO;NO;NO;NO;NO;NO;
21;MAGDALENA;060;SABANAS DE SAN ANGEL;00;00;PUESTOCABECERAMUNICIPAL;008;01;PRESIDENTE;NO;;;153;BUEN ESTADO;153;0;6;153;NO;;NO;;;;NO;NO;NO;NO;NO;NO;NO;NO;
21;MAGDALENA;060;SABANAS DE SAN ANGEL;00;00;PUESTOCABECERAMUNICIPAL;009;01;PRESIDENTE;NO;;;156;BUEN ESTADO;156;0;6;156;NO;;NO;;;;NO;NO;NO;NO;NO;NO;NO;NO;
21;MAGDALENA;060;SABANAS DE SAN ANGEL;00;00;PUESTOCABECERAMUNICIPAL;010;01;PRESIDENTE;NO;;;134;BUEN ESTADO;134;0;6;134;NO;;NO;;;;NO;NO;NO;NO;NO;NO;NO;NO;
21;MAGDALENA;060;SABANAS DE SAN ANGEL;00;00;PUESTOCABECERAMUNICIPAL;011;01;PRESIDENTE;NO;;;153;BUEN ESTADO;153;0;6;153;NO;;NO;;;;NO;NO;NO;NO;NO;NO;SI;NO;
21;MAGDALENA;060;SABANAS DE SAN ANGEL;00;00;PUESTOCABECERAMUNICIPAL;012;01;PRESIDENTE;NO;;;123;BUEN ESTADO;123;0;6;123;NO;;NO;;;;NO;NO;NO;NO;NO;NO;NO;NO;
21;MAGDALENA;060;SABANAS DE SAN ANGEL;00;00;PUESTOCABECERAMUNICIPAL;013;01;PRESIDENTE;NO;;;130;BUEN ESTADO;130;0;6;130;NO;;NO;;;;NO;NO;NO;NO;NO;NO;NO;NO;
21;MAGDALENA;060;SABANAS DE SAN ANGEL;00;00;PUESTOCABECERAMUNICIPAL;014;01;PRESIDENTE;NO;;;142;BUEN ESTADO;142;0;5;142;NO;;NO;;;;NO;NO;NO;NO;NO;NO;NO;NO;
21;MAGDALENA;060;SABANAS DE SAN ANGEL;00;00;PUESTOCABECERAMUNICIPAL;015;01;PRESIDENTE;NO;;;131;BUEN ESTADO;131;0;6;131;NO;;NO;;;;NO;NO;NO;NO;NO;NO;NO;NO;
21;MAGDALENA;060;SABANAS DE SAN ANGEL;00;00;PUESTOCABECERAMUNICIPAL;016;01;PRESIDENTE;NO;;;120;BUEN ESTADO;120;0;5;120;NO;;NO;;;;NO;NO;NO;NO;NO;NO;SI;NO;
21;MAGDALENA;060;SABANAS DE SAN ANGEL;99;10;CASADETABLAS;001;01;PRESIDENTE;NO;;;169;BUEN ESTADO;169;0;6;169;NO;;NO;;;;NO;NO;NO;NO;NO;NO;NO;NO;
21;MAGDALENA;060;SABANAS DE SAN ANGEL;99;10;CASADETABLAS;002;01;PRESIDENTE;NO;;;141;BUEN ESTADO;141;0;6;141;NO;;NO;;;;NO;NO;NO;NO;NO;NO;NO;NO;
21;MAGDALENA;060;SABANAS DE SAN ANGEL;99;11;ESTACIONVILLA;001;01;PRESIDENTE;NO;;;119;BUEN ESTADO;119;0;6;119;NO;;NO;;;;NO;NO;NO;NO;NO;NO;NO;NO;
21;MAGDALENA;060;SABANAS DE SAN ANGEL;99;11;ESTACIONVILLA;002;01;PRESIDENTE;NO;;;131;BUEN ESTADO;131;0;6;131;NO;;NO;;;;NO;NO;NO;NO;NO;NO;SI;NO;
21;MAGDALENA;060;SABANAS DE SAN ANGEL;99;11;ESTACIONVILLA;003;01;PRESIDENTE;NO;;;51;BUEN ESTADO;51;0;5;51;NO;;NO;;;;NO;NO;NO;NO;NO;NO;NO;NO;
21;MAGDALENA;060;SABANAS DE SAN ANGEL;99;15;ELMANANTIAL;001;01;PRESIDENTE;NO;;;134;BUEN ESTADO;134;0;5;134;NO;;NO;;;;NO;NO;NO;NO;NO;NO;NO;NO;
21;MAGDALENA;060;SABANAS DE SAN ANGEL;99;20;CESPEDES;001;01;PRESIDENTE;NO;;;159;BUEN ESTADO;159;0;6;159;NO;;NO;;;;NO;NO;NO;NO;NO;NO;NO;NO;
21;MAGDALENA;060;SABANAS DE SAN ANGEL;99;20;CESPEDES;002;01;PRESIDENTE;NO;;;20;BUEN ESTADO;20;0;6;20;NO;;NO;;;;NO;NO;NO;NO;NO;NO;NO;NO;
21;MAGDALENA;060;SABANAS DE SAN ANGEL;99;25;FLORESDEMARIA;001;01;PRESIDENTE;NO;;;143;BUEN ESTADO;143;0;6;143;NO;;NO;;;;NO;NO;NO;NO;NO;NO;NO;NO;
21;MAGDALENA;060;SABANAS DE SAN ANGEL;99;25;FLORESDEMARIA;002;01;PRESIDENTE;NO;;;26;BUEN ESTADO;26;0;5;26;NO;;NO;;;;NO;NO;NO;NO;NO;NO;NO;NO;
21;MAGDALENA;060;SABANAS DE SAN ANGEL;99;30;SANROQUE(LASMULAS);001;01;PRESIDENTE;NO;;;155;BUEN ESTADO;155;0;6;155;NO;;NO;;;;NO;NO;NO;NO;NO;NO;SI;NO;
21;MAGDALENA;060;SABANAS DE SAN ANGEL;99;30;SANROQUE(LASMULAS);002;01;PRESIDENTE;NO;;;132;BUEN ESTADO;132;0;6;132;NO;;NO;;;;NO;NO;NO;NO;NO;NO;NO;NO;
21;MAGDALENA;060;SABANAS DE SAN ANGEL;99;33;ALBERTOCABALLERO;001;01;PRESIDENTE;NO;;;170;BUEN ESTADO;170;0;6;170;NO;;NO;;;;NO;NO;NO;NO;NO;NO;NO;NO;
21;MAGDALENA;060;SABANAS DE SAN ANGEL;99;33;ALBERTOCABALLERO;002;01;PRESIDENTE;NO;;;172;BUEN ESTADO;172;0;6;172;NO;;NO;;;;NO;NO;NO;NO;NO;NO;NO;NO;
21;MAGDALENA;060;SABANAS DE SAN ANGEL;99;33;ALBERTOCABALLERO;003;01;PRESIDENTE;NO;;;197;BUEN ESTADO;197;0;6;197;NO;;NO;;;;NO;NO;NO;NO;NO;NO;NO;NO;
21;MAGDALENA;060;SABANAS DE SAN ANGEL;99;33;ALBERTOCABALLERO;004;01;PRESIDENTE;NO;;;143;BUEN ESTADO;143;0;6;143;NO;;NO;;;;NO;NO;NO;NO;NO;NO;NO;NO;
21;MAGDALENA;060;SABANAS DE SAN ANGEL;99;33;ALBERTOCABALLERO;005;01;PRESIDENTE;NO;;;122;BUEN ESTADO;122;0;6;122;NO;;NO;;;;NO;NO;NO;NO;NO;NO;SI;NO;
21;MAGDALENA;060;SABANAS DE SAN ANGEL;99;33;ALBERTOCABALLERO;006;01;PRESIDENTE;NO;;;115;BUEN ESTADO;115;0;6;115;NO;;NO;;;;NO;NO;NO;NO;NO;NO;NO;NO;
21;MAGDALENA;060;SABANAS DE SAN ANGEL;99;33;ALBERTOCABALLERO;007;01;PRESIDENTE;NO;;;33;BUEN ESTADO;33;0;6;33;NO;;NO;;;;NO;NO;NO;NO;NO;NO;NO;NO;
21;MAGDALENA;060;SABANAS DE SAN ANGEL;99;40;RESGUARDOINDIGENAISSAORISTUNA;001;01;PRESIDENTE;NO;;;164;BUEN ESTADO;164;0;6;164;NO;;NO;;;;NO;NO;NO;NO;NO;NO;NO;NO;
21;MAGDALENA;060;SABANAS DE SAN ANGEL;99;40;RESGUARDOINDIGENAISSAORISTUNA;002;01;PRESIDENTE;NO;;;21;BUEN ESTADO;21;0;6;21;NO;;NO;;;;NO;NO;NO;NO;NO;NO;NO;NO;
21;MAGDALENA;060;SABANAS DE SAN ANGEL;99;45;BRASIL1;001;01;PRESIDENTE;NO;;;180;BUEN ESTADO;180;0;6;180;NO;;NO;;;;NO;NO;NO;NO;NO;NO;NO;NO;
21;MAGDALENA;060;SABANAS DE SAN ANGEL;99;45;BRASIL1;002;01;PRESIDENTE;NO;;;25;BUEN ESTADO;25;0;6;25;NO;;NO;;;;NO;NO;NO;NO;NO;NO;NO;NO;
21;MAGDALENA;060;SABANAS DE SAN ANGEL;99;55;PUEBLITODELOSBARRIOS;001;01;PRESIDENTE;NO;;;130;BUEN ESTADO;130;0;6;130;NO;;NO;;;;NO;NO;NO;NO;NO;NO;NO;NO;
21;MAGDALENA;060;SABANAS DE SAN ANGEL;99;55;PUEBLITODELOSBARRIOS;002;01;PRESIDENTE;NO;;;112;BUEN ESTADO;112;0;6;112;NO;;NO;;;;NO;NO;NO;NO;NO;NO;NO;NO;
21;MAGDALENA;060;SABANAS DE SAN ANGEL;99;55;PUEBLITODELOSBARRIOS;003;01;PRESIDENTE;NO;;;25;BUEN ESTADO;25;0;6;25;NO;;NO;;;;NO;NO;NO;NO;NO;NO;NO;NO;
21;MAGDALENA;067;SALAMINA;00;00;PUESTOCABECERAMUNICIPAL;001;01;PRESIDENTE;NO;;;194;BUEN ESTADO;194;0;5;194;NO;;NO;;;;NO;NO;NO;NO;NO;NO;NO;NO;
21;MAGDALENA;067;SALAMINA;00;00;PUESTOCABECERAMUNICIPAL;002;01;PRESIDENTE;NO;;;198;BUEN ESTADO;198;0;6;198;NO;;NO;;;;NO;NO;NO;NO;NO;NO;SI;NO;
21;MAGDALENA;067;SALAMINA;00;00;PUESTOCABECERAMUNICIPAL;003;01;PRESIDENTE;NO;;;173;BUEN ESTADO;173;0;6;173;NO;;NO;;;;NO;NO;NO;NO;NO;NO;SI;NO;
21;MAGDALENA;067;SALAMINA;00;00;PUESTOCABECERAMUNICIPAL;004;01;PRESIDENTE;NO;;;222;BUEN ESTADO;222;0;6;222;NO;;NO;;;;NO;NO;NO;NO;NO;NO;SI;NO;
21;MAGDALENA;067;SALAMINA;00;00;PUESTOCABECERAMUNICIPAL;005;01;PRESIDENTE;NO;;;196;BUEN ESTADO;196;0;6;196;NO;;NO;;;;NO;NO;NO;NO;NO;NO;SI;NO;
21;MAGDALENA;067;SALAMINA;00;00;PUESTOCABECERAMUNICIPAL;006;01;PRESIDENTE;NO;;;178;BUEN ESTADO;178;0;6;178;NO;;NO;;;;NO;NO;NO;NO;NO;NO;NO;NO;
21;MAGDALENA;067;SALAMINA;00;00;PUESTOCABECERAMUNICIPAL;007;01;PRESIDENTE;NO;;;182;BUEN ESTADO;182;0;6;182;NO;;NO;;;;NO;NO;NO;NO;NO;NO;NO;NO;
21;MAGDALENA;067;SALAMINA;00;00;PUESTOCABECERAMUNICIPAL;008;01;PRESIDENTE;NO;;;195;BUEN ESTADO;195;0;6;195;NO;;NO;;;;NO;NO;NO;NO;NO;NO;NO;NO;
21;MAGDALENA;067;SALAMINA;00;00;PUESTOCABECERAMUNICIPAL;009;01;PRESIDENTE;NO;;;156;BUEN ESTADO;156;0;6;156;NO;;NO;;;;NO;NO;NO;NO;NO;NO;NO;NO;
21;MAGDALENA;067;SALAMINA;00;00;PUESTOCABECERAMUNICIPAL;010;01;PRESIDENTE;NO;;;123;BUEN ESTADO;123;0;6;123;NO;;NO;;;;NO;NO;NO;NO;NO;NO;NO;NO;
21;MAGDALENA;067;SALAMINA;00;00;PUESTOCABECERAMUNICIPAL;011;01;PRESIDENTE;NO;;;138;BUEN ESTADO;138;0;6;138;NO;;NO;;;;NO;NO;NO;NO;NO;NO;NO;NO;
21;MAGDALENA;067;SALAMINA;00;00;PUESTOCABECERAMUNICIPAL;012;01;PRESIDENTE;NO;;;135;BUEN ESTADO;135;0;6;135;NO;;NO;;;;NO;NO;NO;NO;NO;NO;NO;NO;
21;MAGDALENA;067;SALAMINA;00;00;PUESTOCABECERAMUNICIPAL;013;01;PRESIDENTE;NO;;;143;BUEN ESTADO;143;0;6;143;NO;;NO;;;;NO;NO;NO;NO;NO;NO;SI;NO;
21;MAGDALENA;067;SALAMINA;00;00;PUESTOCABECERAMUNICIPAL;014;01;PRESIDENTE;NO;;;153;BUEN ESTADO;153;0;6;153;NO;;NO;;;;NO;NO;NO;NO;NO;NO;SI;NO;
21;MAGDALENA;067;SALAMINA;00;00;PUESTOCABECERAMUNICIPAL;015;01;PRESIDENTE;NO;;;134;BUEN ESTADO;134;0;6;134;NO;;NO;;;;NO;NO;NO;NO;NO;NO;NO;NO;
21;MAGDALENA;067;SALAMINA;00;00;PUESTOCABECERAMUNICIPAL;016;01;PRESIDENTE;NO;;;143;BUEN ESTADO;143;0;6;143;NO;;NO;;;;NO;NO;NO;NO;NO;NO;NO;NO;
21;MAGDALENA;067;SALAMINA;00;00;PUESTOCABECERAMUNICIPAL;017;01;PRESIDENTE;NO;;;126;BUEN ESTADO;126;0;6;126;NO;;NO;;;;NO;NO;NO;NO;NO;NO;NO;NO;
21;MAGDALENA;067;SALAMINA;00;00;PUESTOCABECERAMUNICIPAL;018;01;PRESIDENTE;NO;;;43;BUEN ESTADO;43;0;6;43;NO;;NO;;;;NO;NO;NO;NO;NO;NO;NO;NO;
21;MAGDALENA;067;SALAMINA;99;01;GUAIMARO;001;01;PRESIDENTE;NO;;;207;BUEN ESTADO;207;0;6;207;NO;;NO;;;;NO;NO;NO;NO;NO;NO;SI;NO;
21;MAGDALENA;067;SALAMINA;99;01;GUAIMARO;002;01;PRESIDENTE;NO;;;201;BUEN ESTADO;201;0;6;201;NO;;NO;;;;NO;NO;NO;NO;NO;NO;SI;NO;
21;MAGDALENA;067;SALAMINA;99;01;GUAIMARO;003;01;PRESIDENTE;NO;;;175;BUEN ESTADO;175;0;6;175;NO;;NO;;;;NO;NO;NO;NO;NO;NO;NO;NO;
21;MAGDALENA;067;SALAMINA;99;01;GUAIMARO;004;01;PRESIDENTE;NO;;;141;BUEN ESTADO;141;0;6;141;NO;;NO;;;;NO;NO;NO;NO;NO;NO;NO;NO;
21;MAGDALENA;067;SALAMINA;99;01;GUAIMARO;005;01;PRESIDENTE;NO;;;115;BUEN ESTADO;115;0;6;115;NO;;NO;;;;NO;NO;NO;NO;NO;NO;NO;NO;
21;MAGDALENA;067;SALAMINA;99;01;GUAIMARO;006;01;PRESIDENTE;NO;;;138;BUEN ESTADO;138;0;6;138;NO;;NO;;;;NO;NO;NO;NO;NO;NO;NO;NO;
21;MAGDALENA;067;SALAMINA;99;01;GUAIMARO;007;01;PRESIDENTE;NO;;;88;BUEN ESTADO;88;0;6;88;NO;;NO;;;;NO;NO;NO;NO;NO;NO;NO;NO;
21;MAGDALENA;070;SAN SEBASTIAN DE BUENAVISTA;00;00;PUESTOCABECERAMUNICIPAL;001;01;PRESIDENTE;NO;;;189;BUEN ESTADO;189;0;6;189;NO;;NO;;;;NO;NO;NO;NO;NO;NO;NO;NO;
21;MAGDALENA;070;SAN SEBASTIAN DE BUENAVISTA;00;00;PUESTOCABECERAMUNICIPAL;002;01;PRESIDENTE;NO;;;220;BUEN ESTADO;220;0;6;220;NO;;NO;;;;NO;NO;NO;NO;NO;NO;NO;NO;
21;MAGDALENA;070;SAN SEBASTIAN DE BUENAVISTA;00;00;PUESTOCABECERAMUNICIPAL;003;01;PRESIDENTE;NO;;;212;BUEN ESTADO;212;0;6;212;NO;;NO;;;;NO;NO;NO;NO;NO;NO;NO;NO;
21;MAGDALENA;070;SAN SEBASTIAN DE BUENAVISTA;00;00;PUESTOCABECERAMUNICIPAL;004;01;PRESIDENTE;NO;;;162;BUEN ESTADO;162;0;6;162;NO;;NO;;;;NO;NO;NO;NO;NO;NO;NO;NO;
21;MAGDALENA;070;SAN SEBASTIAN DE BUENAVISTA;00;00;PUESTOCABECERAMUNICIPAL;005;01;PRESIDENTE;NO;;;145;BUEN ESTADO;145;0;6;145;NO;;NO;;;;NO;NO;NO;NO;NO;NO;NO;NO;
21;MAGDALENA;070;SAN SEBASTIAN DE BUENAVISTA;00;00;PUESTOCABECERAMUNICIPAL;006;01;PRESIDENTE;NO;;;181;BUEN ESTADO;181;0;6;181;NO;;NO;;;;NO;NO;NO;NO;NO;NO;SI;NO;
21;MAGDALENA;070;SAN SEBASTIAN DE BUENAVISTA;00;00;PUESTOCABECERAMUNICIPAL;007;01;PRESIDENTE;NO;;;227;BUEN ESTADO;227;0;6;227;NO;;NO;;;;NO;NO;NO;NO;NO;NO;NO;NO;
21;MAGDALENA;070;SAN SEBASTIAN DE BUENAVISTA;00;00;PUESTOCABECERAMUNICIPAL;008;01;PRESIDENTE;NO;;;195;BUEN ESTADO;195;0;6;195;NO;;NO;;;;NO;NO;NO;NO;NO;NO;NO;NO;
21;MAGDALENA;070;SAN SEBASTIAN DE BUENAVISTA;00;00;PUESTOCABECERAMUNICIPAL;009;01;PRESIDENTE;NO;;;173;BUEN ESTADO;173;0;6;173;NO;;NO;;;;NO;NO;NO;NO;NO;NO;NO;NO;
21;MAGDALENA;070;SAN SEBASTIAN DE BUENAVISTA;00;00;PUESTOCABECERAMUNICIPAL;010;01;PRESIDENTE;NO;;;188;BUEN ESTADO;188;0;6;188;NO;;NO;;;;NO;NO;NO;NO;NO;NO;SI;NO;
21;MAGDALENA;070;SAN SEBASTIAN DE BUENAVISTA;00;00;PUESTOCABECERAMUNICIPAL;011;01;PRESIDENTE;NO;;;117;BUEN ESTADO;117;0;6;117;NO;;NO;;;;NO;NO;NO;NO;NO;NO;SI;NO;
21;MAGDALENA;070;SAN SEBASTIAN DE BUENAVISTA;00;00;PUESTOCABECERAMUNICIPAL;012;01;PRESIDENTE;NO;;;121;BUEN ESTADO;121;0;6;121;NO;;NO;;;;NO;NO;NO;NO;NO;NO;NO;NO;
21;MAGDALENA;070;SAN SEBASTIAN DE BUENAVISTA;00;00;PUESTOCABECERAMUNICIPAL;013;01;PRESIDENTE;NO;;;127;BUEN ESTADO;127;0;6;127;NO;;NO;;;;NO;NO;NO;NO;NO;NO;NO;NO;
21;MAGDALENA;070;SAN SEBASTIAN DE BUENAVISTA;00;00;PUESTOCABECERAMUNICIPAL;014;01;PRESIDENTE;NO;;;109;BUEN ESTADO;109;0;6;109;NO;;NO;;;;NO;NO;NO;NO;NO;NO;SI;NO;
21;MAGDALENA;070;SAN SEBASTIAN DE BUENAVISTA;00;00;PUESTOCABECERAMUNICIPAL;015;01;PRESIDENTE;NO;;;97;BUEN ESTADO;97;0;6;97;NO;;NO;;;;NO;NO;NO;NO;NO;NO;NO;NO;
21;MAGDALENA;070;SAN SEBASTIAN DE BUENAVISTA;00;00;PUESTOCABECERAMUNICIPAL;016;01;PRESIDENTE;NO;;;96;BUEN ESTADO;96;0;6;96;NO;;NO;;;;NO;NO;NO;NO;NO;NO;NO;NO;
21;MAGDALENA;070;SAN SEBASTIAN DE BUENAVISTA;00;00;PUESTOCABECERAMUNICIPAL;017;01;PRESIDENTE;NO;;;124;BUEN ESTADO;124;0;6;124;NO;;NO;;;;NO;NO;NO;NO;NO;NO;SI;NO;
21;MAGDALENA;070;SAN SEBASTIAN DE BUENAVISTA;00;00;PUESTOCABECERAMUNICIPAL;018;01;PRESIDENTE;NO;;;136;BUEN ESTADO;136;0;6;136;NO;;NO;;;;NO;NO;NO;NO;NO;NO;NO;NO;
21;MAGDALENA;070;SAN SEBASTIAN DE BUENAVISTA;00;00;PUESTOCABECERAMUNICIPAL;019;01;PRESIDENTE;NO;;;88;BUEN ESTADO;88;0;6;88;NO;;NO;;;;NO;NO;NO;NO;NO;NO;NO;NO;
21;MAGDALENA;070;SAN SEBASTIAN DE BUENAVISTA;00;00;PUESTOCABECERAMUNICIPAL;020;01;PRESIDENTE;NO;;;121;BUEN ESTADO;121;0;6;121;NO;;NO;;;;NO;NO;NO;NO;NO;NO;NO;NO;
21;MAGDALENA;070;SAN SEBASTIAN DE BUENAVISTA;00;00;PUESTOCABECERAMUNICIPAL;021;01;PRESIDENTE;NO;;;92;BUEN ESTADO;92;0;6;92;NO;;NO;;;;NO;NO;NO;NO;NO;NO;NO;NO;
21;MAGDALENA;070;SAN SEBASTIAN DE BUENAVISTA;99;01;BUENAVISTA;001;01;PRESIDENTE;NO;;;200;BUEN ESTADO;200;0;5;200;NO;;NO;;;;NO;NO;NO;NO;NO;NO;NO;NO;
21;MAGDALENA;070;SAN SEBASTIAN DE BUENAVISTA;99;01;BUENAVISTA;002;01;PRESIDENTE;NO;;;106;BUEN ESTADO;106;0;6;106;NO;;NO;;;;NO;NO;NO;NO;NO;NO;NO;NO;
21;MAGDALENA;070;SAN SEBASTIAN DE BUENAVISTA;99;03;ELCOCO;001;01;PRESIDENTE;NO;;;202;BUEN ESTADO;202;0;6;202;NO;;NO;;;;NO;NO;NO;NO;NO;NO;NO;NO;
21;MAGDALENA;070;SAN SEBASTIAN DE BUENAVISTA;99;03;ELCOCO;002;01;PRESIDENTE;NO;;;87;BUEN ESTADO;87;0;6;87;NO;;NO;;;;NO;NO;NO;NO;NO;NO;NO;NO;
21;MAGDALENA;070;SAN SEBASTIAN DE BUENAVISTA;99;04;ELSEIS;001;01;PRESIDENTE;NO;;;209;BUEN ESTADO;209;0;6;209;NO;;NO;;;;NO;NO;NO;NO;NO;NO;NO;NO;
21;MAGDALENA;070;SAN SEBASTIAN DE BUENAVISTA;99;04;ELSEIS;002;01;PRESIDENTE;NO;;;112;BUEN ESTADO;112;0;6;112;NO;;NO;;;;NO;NO;NO;NO;NO;NO;SI;NO;
21;MAGDALENA;070;SAN SEBASTIAN DE BUENAVISTA;99;05;LAPACHA;001;01;PRESIDENTE;NO;;;193;BUEN ESTADO;193;0;6;193;NO;;NO;;;;NO;NO;NO;NO;NO;NO;SI;NO;
21;MAGDALENA;070;SAN SEBASTIAN DE BUENAVISTA;99;05;LAPACHA;002;01;PRESIDENTE;NO;;;193;BUEN ESTADO;193;0;6;193;NO;;NO;;;POR ERRO DEL CONTEO FINAL EN LA CASILLA CORRESPONDIENTE A LA SUMA TOTAL DE VOTOS SE ESCRIBIERON 5 CUENDO ERAN EN SU TOTALIDAD;NO;NO;NO;NO;NO;NO;NO;NO;
21;MAGDALENA;070;SAN SEBASTIAN DE BUENAVISTA;99;05;LAPACHA;003;01;PRESIDENTE;NO;;;129;BUEN ESTADO;129;0;6;129;NO;;NO;;;;NO;NO;NO;NO;NO;NO;NO;NO;
21;MAGDALENA;070;SAN SEBASTIAN DE BUENAVISTA;99;05;LAPACHA;004;01;PRESIDENTE;NO;;;41;BUEN ESTADO;41;0;6;41;NO;;NO;;;;NO;NO;NO;NO;NO;NO;NO;NO;
21;MAGDALENA;070;SAN SEBASTIAN DE BUENAVISTA;99;09;LASMARGARITAS;001;01;PRESIDENTE;NO;;;207;BUEN ESTADO;207;0;6;207;NO;;NO;;;;NO;NO;NO;NO;NO;NO;NO;NO;
21;MAGDALENA;070;SAN SEBASTIAN DE BUENAVISTA;99;09;LASMARGARITAS;002;01;PRESIDENTE;NO;;;163;BUEN ESTADO;163;0;6;163;NO;;NO;;;;NO;NO;NO;NO;NO;NO;NO;NO;
21;MAGDALENA;070;SAN SEBASTIAN DE BUENAVISTA;99;09;LASMARGARITAS;003;01;PRESIDENTE;NO;;;74;BUEN ESTADO;74;0;6;74;NO;;NO;;;;NO;NO;NO;NO;NO;NO;NO;NO;
21;MAGDALENA;070;SAN SEBASTIAN DE BUENAVISTA;99;11;MARIAANTONIA;001;01;PRESIDENTE;NO;;;143;BUEN ESTADO;143;0;6;143;NO;;NO;;;;NO;NO;NO;NO;NO;NO;SI;NO;
21;MAGDALENA;070;SAN SEBASTIAN DE BUENAVISTA;99;11;MARIAANTONIA;002;01;PRESIDENTE;NO;;;33;BUEN ESTADO;33;0;6;33;NO;;NO;;;;NO;NO;NO;NO;NO;NO;NO;NO;
21;MAGDALENA;070;SAN SEBASTIAN DE BUENAVISTA;99;13;LOSGALVIS;001;01;PRESIDENTE;NO;;;199;BUEN ESTADO;199;0;6;199;NO;;NO;;;;NO;NO;NO;NO;NO;NO;NO;NO;
21;MAGDALENA;070;SAN SEBASTIAN DE BUENAVISTA;99;13;LOSGALVIS;002;01;PRESIDENTE;NO;;;140;BUEN ESTADO;0;0;6;0;NO;;NO;;;;NO;NO;NO;NO;NO;NO;SI;NO;
21;MAGDALENA;070;SAN SEBASTIAN DE BUENAVISTA;99;13;LOSGALVIS;003;01;PRESIDENTE;NO;;;25;BUEN ESTADO;25;0;6;25;NO;;NO;;;;NO;NO;NO;NO;NO;NO;NO;NO;
21;MAGDALENA;070;SAN SEBASTIAN DE BUENAVISTA;99;14;SANRAFAEL(LANEGRA);001;01;PRESIDENTE;NO;;;195;BUEN ESTADO;195;0;6;195;NO;;NO;;;;NO;NO;NO;NO;NO;NO;NO;NO;
21;MAGDALENA;070;SAN SEBASTIAN DE BUENAVISTA;99;14;SANRAFAEL(LANEGRA);002;01;PRESIDENTE;NO;;;180;BUEN ESTADO;180;0;6;180;NO;;NO;;;;NO;NO;NO;NO;NO;NO;NO;NO;
21;MAGDALENA;070;SAN SEBASTIAN DE BUENAVISTA;99;14;SANRAFAEL(LANEGRA);003;01;PRESIDENTE;NO;;;146;BUEN ESTADO;146;0;6;146;NO;;NO;;;;NO;NO;NO;NO;NO;NO;NO;NO;
21;MAGDALENA;070;SAN SEBASTIAN DE BUENAVISTA;99;14;SANRAFAEL(LANEGRA);004;01;PRESIDENTE;NO;;;87;BUEN ESTADO;87;0;6;87;NO;;NO;;;;NO;NO;NO;NO;NO;NO;NO;NO;
21;MAGDALENA;070;SAN SEBASTIAN DE BUENAVISTA;99;15;SANTAROSA;001;01;PRESIDENTE;NO;;;139;BUEN ESTADO;139;0;6;139;NO;;NO;;;;NO;NO;NO;NO;NO;NO;NO;NO;
21;MAGDALENA;070;SAN SEBASTIAN DE BUENAVISTA;99;15;SANTAROSA;002;01;PRESIDENTE;NO;;;19;BUEN ESTADO;19;0;6;19;NO;;NO;;;;NO;NO;NO;NO;NO;NO;NO;NO;
21;MAGDALENA;070;SAN SEBASTIAN DE BUENAVISTA;99;16;SABANADEPERALEJO;001;01;PRESIDENTE;NO;;;191;BUEN ESTADO;191;0;6;191;NO;;NO;;;;NO;NO;NO;NO;NO;NO;NO;NO;
21;MAGDALENA;070;SAN SEBASTIAN DE BUENAVISTA;99;16;SABANADEPERALEJO;002;01;PRESIDENTE;NO;;;107;BUEN ESTADO;107;0;6;107;NO;;NO;;;;NO;NO;NO;NO;NO;NO;NO;NO;
21;MAGDALENA;070;SAN SEBASTIAN DE BUENAVISTA;99;17;TRONCOSO;001;01;PRESIDENTE;NO;;;193;BUEN ESTADO;193;0;6;193;NO;;NO;;;;NO;NO;NO;NO;NO;NO;NO;NO;
21;MAGDALENA;070;SAN SEBASTIAN DE BUENAVISTA;99;17;TRONCOSO;002;01;PRESIDENTE;NO;;;146;BUEN ESTADO;146;0;6;146;NO;;NO;;;;NO;NO;NO;NO;NO;NO;SI;NO;
21;MAGDALENA;070;SAN SEBASTIAN DE BUENAVISTA;99;17;TRONCOSO;003;01;PRESIDENTE;NO;;;34;BUEN ESTADO;34;0;6;34;NO;;NO;;;;NO;NO;NO;NO;NO;NO;NO;NO;
21;MAGDALENA;070;SAN SEBASTIAN DE BUENAVISTA;99;18;SANVALENTIN;001;01;PRESIDENTE;NO;;;216;BUEN ESTADO;216;0;6;216;NO;;NO;;;;NO;NO;NO;NO;NO;NO;SI;NO;
21;MAGDALENA;070;SAN SEBASTIAN DE BUENAVISTA;99;18;SANVALENTIN;002;01;PRESIDENTE;NO;;;131;BUEN ESTADO;131;0;6;131;NO;;NO;;;;NO;NO;NO;NO;NO;NO;SI;NO;
21;MAGDALENA;070;SAN SEBASTIAN DE BUENAVISTA;99;21;TRONCOSITO;001;01;PRESIDENTE;NO;;;207;BUEN ESTADO;207;0;5;207;NO;;NO;;;;NO;NO;NO;NO;NO;NO;NO;NO;
21;MAGDALENA;070;SAN SEBASTIAN DE BUENAVISTA;99;21;TRONCOSITO;002;01;PRESIDENTE;NO;;;164;BUEN ESTADO;164;0;5;164;NO;;NO;;;;NO;NO;NO;NO;NO;NO;NO;NO;
21;MAGDALENA;070;SAN SEBASTIAN DE BUENAVISTA;99;21;TRONCOSITO;003;01;PRESIDENTE;NO;;;69;BUEN ESTADO;69;0;6;69;NO;;NO;;;;NO;NO;NO;NO;NO;NO;NO;NO;
21;MAGDALENA;070;SAN SEBASTIAN DE BUENAVISTA;99;25;VENERO;001;01;PRESIDENTE;NO;;;177;BUEN ESTADO;177;0;6;177;NO;;NO;;;;NO;NO;NO;NO;NO;NO;SI;NO;
21;MAGDALENA;070;SAN SEBASTIAN DE BUENAVISTA;99;25;VENERO;002;01;PRESIDENTE;NO;;;127;BUEN ESTADO;127;0;6;127;NO;;NO;;;;NO;NO;NO;NO;NO;NO;SI;NO;
21;MAGDALENA;070;SAN SEBASTIAN DE BUENAVISTA;99;25;VENERO;003;01;PRESIDENTE;NO;;;27;BUEN ESTADO;27;0;6;27;NO;;NO;;;;NO;NO;NO;NO;NO;NO;NO;NO;
21;MAGDALENA;073;SAN ZENON;00;00;PUESTOCABECERAMUNICIPAL;001;01;PRESIDENTE;NO;;;218;BUEN ESTADO;218;0;6;218;NO;;NO;;;;NO;NO;NO;NO;NO;NO;SI;NO;
21;MAGDALENA;073;SAN ZENON;00;00;PUESTOCABECERAMUNICIPAL;002;01;PRESIDENTE;NO;;;226;BUEN ESTADO;226;0;5;226;NO;;NO;;;;NO;NO;NO;NO;NO;NO;NO;NO;
21;MAGDALENA;073;SAN ZENON;00;00;PUESTOCABECERAMUNICIPAL;003;01;PRESIDENTE;NO;;;158;BUEN ESTADO;158;0;6;158;NO;;NO;;;;NO;NO;NO;NO;NO;NO;SI;NO;
21;MAGDALENA;073;SAN ZENON;00;00;PUESTOCABECERAMUNICIPAL;004;01;PRESIDENTE;NO;;;127;BUEN ESTADO;126;0;6;127;NO;;NO;;;;NO;NO;NO;NO;NO;NO;NO;NO;
21;MAGDALENA;073;SAN ZENON;00;00;PUESTOCABECERAMUNICIPAL;005;01;PRESIDENTE;NO;;;113;BUEN ESTADO;113;0;6;113;NO;;NO;;;;NO;NO;NO;NO;NO;NO;NO;NO;
21;MAGDALENA;073;SAN ZENON;00;00;PUESTOCABECERAMUNICIPAL;006;01;PRESIDENTE;NO;;;66;BUEN ESTADO;66;0;6;66;NO;;NO;;;;NO;NO;NO;NO;NO;NO;NO;NO;
21;MAGDALENA;073;SAN ZENON;99;01;ANGOSTURA;001;01;PRESIDENTE;NO;;;130;BUEN ESTADO;130;0;6;130;NO;;NO;;;;NO;NO;NO;NO;NO;NO;NO;NO;
21;MAGDALENA;073;SAN ZENON;99;01;ANGOSTURA;002;01;PRESIDENTE;NO;;;58;BUEN ESTADO;58;0;6;58;NO;;NO;;;;NO;NO;NO;NO;NO;NO;NO;NO;
21;MAGDALENA;073;SAN ZENON;99;02;BERMEJAL;001;01;PRESIDENTE;NO;;;206;BUEN ESTADO;206;0;6;206;NO;;NO;;;;NO;NO;NO;NO;NO;NO;SI;NO;
21;MAGDALENA;073;SAN ZENON;99;02;BERMEJAL;002;01;PRESIDENTE;NO;;;174;BUEN ESTADO;174;0;6;174;NO;;NO;;;;NO;NO;NO;NO;NO;NO;NO;NO;
21;MAGDALENA;073;SAN ZENON;99;02;BERMEJAL;003;01;PRESIDENTE;NO;;;121;BUEN ESTADO;121;0;5;121;NO;;NO;;;;NO;NO;NO;NO;NO;NO;NO;NO;
21;MAGDALENA;073;SAN ZENON;99;03;JANEIRO;001;01;PRESIDENTE;NO;;;178;BUEN ESTADO;178;0;6;178;NO;;NO;;;;NO;NO;NO;NO;NO;NO;SI;NO;
21;MAGDALENA;073;SAN ZENON;99;03;JANEIRO;002;01;PRESIDENTE;NO;;;57;BUEN ESTADO;57;0;5;57;NO;;NO;;;;NO;NO;NO;NO;NO;NO;SI;NO;
21;MAGDALENA;073;SAN ZENON;99;04;ELHORNO;001;01;PRESIDENTE;NO;;;195;BUEN ESTADO;195;0;6;195;NO;;NO;;;;NO;NO;NO;NO;NO;NO;SI;NO;
21;MAGDALENA;073;SAN ZENON;99;04;ELHORNO;002;01;PRESIDENTE;NO;;;150;BUEN ESTADO;150;0;5;150;NO;;NO;;;;NO;NO;NO;NO;NO;NO;SI;NO;
21;MAGDALENA;073;SAN ZENON;99;04;ELHORNO;003;01;PRESIDENTE;NO;;;145;BUEN ESTADO;145;0;5;145;NO;;NO;;;;NO;NO;NO;NO;NO;NO;NO;NO;
21;MAGDALENA;073;SAN ZENON;99;05;LAMONTAÑA(LOSSACUDIDOS);001;01;PRESIDENTE;NO;;;151;BUEN ESTADO;151;0;6;151;NO;;NO;;;;NO;NO;NO;NO;NO;NO;SI;NO;
21;MAGDALENA;073;SAN ZENON;99;09;ELPALOMAR;001;01;PRESIDENTE;NO;;;202;BUEN ESTADO;202;0;4;202;NO;;NO;;;;NO;NO;NO;NO;NO;NO;NO;NO;
21;MAGDALENA;073;SAN ZENON;99;09;ELPALOMAR;002;01;PRESIDENTE;NO;;;52;BUEN ESTADO;52;0;6;52;NO;;NO;;;;NO;NO;NO;NO;NO;NO;NO;NO;
21;MAGDALENA;073;SAN ZENON;99;11;GUINEA;001;01;PRESIDENTE;NO;;;140;BUEN ESTADO;140;0;4;140;NO;;NO;;;;NO;NO;NO;NO;NO;NO;SI;NO;
21;MAGDALENA;073;SAN ZENON;99;11;GUINEA;002;01;PRESIDENTE;NO;;;49;BUEN ESTADO;49;0;5;49;NO;;NO;;;;NO;NO;NO;NO;NO;NO;NO;NO;
21;MAGDALENA;073;SAN ZENON;99;13;PEÑONCITO;001;01;PRESIDENTE;NO;;;201;BUEN ESTADO;201;0;6;201;NO;;NO;;;;NO;NO;NO;NO;NO;NO;SI;NO;
21;MAGDALENA;073;SAN ZENON;99;13;PEÑONCITO;002;01;PRESIDENTE;NO;;;205;BUEN ESTADO;205;0;6;205;NO;;NO;;;;NO;NO;NO;NO;NO;NO;SI;NO;
21;MAGDALENA;073;SAN ZENON;99;13;PEÑONCITO;003;01;PRESIDENTE;NO;;;188;BUEN ESTADO;188;0;6;188;NO;;NO;;;;NO;NO;NO;NO;NO;NO;NO;NO;
21;MAGDALENA;073;SAN ZENON;99;13;PEÑONCITO;004;01;PRESIDENTE;NO;;;168;BUEN ESTADO;168;0;6;168;NO;;NO;;;;NO;NO;NO;NO;NO;NO;SI;NO;
21;MAGDALENA;073;SAN ZENON;99;13;PEÑONCITO;005;01;PRESIDENTE;NO;;;161;BUEN ESTADO;161;0;6;161;NO;;NO;;;;NO;NO;NO;NO;NO;NO;NO;NO;
21;MAGDALENA;073;SAN ZENON;99;13;PEÑONCITO;006;01;PRESIDENTE;NO;;;34;BUEN ESTADO;34;0;6;34;NO;;NO;;;;NO;NO;NO;NO;NO;NO;NO;NO;
21;MAGDALENA;073;SAN ZENON;99;15;PUERTOARTURO;001;01;PRESIDENTE;NO;;;169;BUEN ESTADO;169;0;6;169;NO;;NO;;;;NO;NO;NO;NO;NO;NO;NO;NO;
21;MAGDALENA;073;SAN ZENON;99;15;PUERTOARTURO;002;01;PRESIDENTE;NO;;;12;BUEN ESTADO;12;0;6;12;NO;;NO;;;;NO;NO;NO;NO;NO;NO;NO;NO;
21;MAGDALENA;073;SAN ZENON;99;17;SANTATERESA;001;01;PRESIDENTE;NO;;;179;BUEN ESTADO;179;0;6;179;NO;;NO;;;;NO;NO;NO;NO;NO;NO;SI;NO;
21;MAGDALENA;073;SAN ZENON;99;17;SANTATERESA;002;01;PRESIDENTE;NO;;;157;BUEN ESTADO;157;0;5;157;NO;;NO;;;;NO;NO;NO;NO;NO;NO;SI;NO;
21;MAGDALENA;073;SAN ZENON;99;17;SANTATERESA;003;01;PRESIDENTE;NO;;;111;BUEN ESTADO;111;0;6;111;NO;;NO;;;;NO;NO;NO;NO;NO;NO;NO;NO;
21;MAGDALENA;076;SANTA ANA;00;00;PUESTOCABECERAMUNICIPAL;001;01;PRESIDENTE;NO;;;158;BUEN ESTADO;158;0;6;158;NO;;NO;;;;NO;NO;NO;NO;NO;NO;NO;NO;
21;MAGDALENA;076;SANTA ANA;00;00;PUESTOCABECERAMUNICIPAL;002;01;PRESIDENTE;NO;;;233;BUEN ESTADO;233;0;6;233;NO;;NO;;;;NO;NO;NO;NO;NO;NO;NO;NO;
21;MAGDALENA;076;SANTA ANA;00;00;PUESTOCABECERAMUNICIPAL;003;01;PRESIDENTE;NO;;;221;BUEN ESTADO;220;0;6;221;NO;;NO;;;;NO;NO;NO;NO;NO;NO;SI;NO;
21;MAGDALENA;076;SANTA ANA;00;00;PUESTOCABECERAMUNICIPAL;004;01;PRESIDENTE;NO;;;166;BUEN ESTADO;166;0;4;166;NO;;NO;;;;NO;NO;NO;NO;NO;NO;SI;NO;
21;MAGDALENA;076;SANTA ANA;00;00;PUESTOCABECERAMUNICIPAL;005;01;PRESIDENTE;NO;;;249;BUEN ESTADO;249;0;6;249;NO;;NO;;;;NO;NO;NO;NO;NO;NO;SI;NO;
21;MAGDALENA;076;SANTA ANA;00;00;PUESTOCABECERAMUNICIPAL;006;01;PRESIDENTE;NO;;;232;BUEN ESTADO;232;0;6;232;NO;;NO;;;;NO;NO;NO;NO;NO;NO;SI;NO;
21;MAGDALENA;076;SANTA ANA;00;00;PUESTOCABECERAMUNICIPAL;007;01;PRESIDENTE;NO;;;202;BUEN ESTADO;202;0;6;202;NO;;NO;;;;NO;NO;NO;NO;NO;NO;SI;NO;
21;MAGDALENA;076;SANTA ANA;00;00;PUESTOCABECERAMUNICIPAL;008;01;PRESIDENTE;NO;;;203;BUEN ESTADO;203;0;6;203;NO;;NO;;;;NO;NO;NO;NO;NO;NO;NO;NO;
21;MAGDALENA;076;SANTA ANA;00;00;PUESTOCABECERAMUNICIPAL;009;01;PRESIDENTE;NO;;;202;BUEN ESTADO;202;0;6;202;NO;;NO;;;;NO;NO;NO;NO;NO;NO;NO;NO;
21;MAGDALENA;076;SANTA ANA;00;00;PUESTOCABECERAMUNICIPAL;010;01;PRESIDENTE;NO;;;189;BUEN ESTADO;189;0;5;189;NO;;NO;;;;NO;NO;NO;NO;NO;NO;SI;NO;
21;MAGDALENA;076;SANTA ANA;00;00;PUESTOCABECERAMUNICIPAL;011;01;PRESIDENTE;NO;;;220;BUEN ESTADO;220;0;5;220;NO;;NO;;;;NO;NO;NO;NO;NO;NO;SI;NO;
21;MAGDALENA;076;SANTA ANA;00;00;PUESTOCABECERAMUNICIPAL;012;01;PRESIDENTE;NO;;;234;BUEN ESTADO;234;0;5;234;NO;;NO;;;;NO;NO;NO;NO;NO;NO;NO;NO;
21;MAGDALENA;076;SANTA ANA;00;00;PUESTOCABECERAMUNICIPAL;013;01;PRESIDENTE;NO;;;244;BUEN ESTADO;244;0;5;244;NO;;NO;;;;NO;NO;NO;NO;NO;NO;SI;NO;
21;MAGDALENA;076;SANTA ANA;00;00;PUESTOCABECERAMUNICIPAL;014;01;PRESIDENTE;NO;;;232;BUEN ESTADO;232;0;6;232;NO;;NO;;;;NO;NO;NO;NO;NO;NO;SI;NO;
21;MAGDALENA;076;SANTA ANA;00;00;PUESTOCABECERAMUNICIPAL;015;01;PRESIDENTE;NO;;;205;BUEN ESTADO;205;0;6;205;NO;;NO;;;;NO;NO;NO;NO;NO;NO;NO;NO;
21;MAGDALENA;076;SANTA ANA;00;00;PUESTOCABECERAMUNICIPAL;016;01;PRESIDENTE;NO;;;192;BUEN ESTADO;192;0;6;192;NO;;NO;;;;NO;NO;NO;NO;NO;NO;NO;NO;
21;MAGDALENA;076;SANTA ANA;00;00;PUESTOCABECERAMUNICIPAL;017;01;PRESIDENTE;NO;;;192;BUEN ESTADO;192;0;6;192;NO;;NO;;;;NO;NO;NO;NO;NO;NO;NO;NO;
21;MAGDALENA;076;SANTA ANA;00;00;PUESTOCABECERAMUNICIPAL;018;01;PRESIDENTE;NO;;;123;BUEN ESTADO;123;0;6;123;NO;;NO;;;;NO;NO;NO;NO;NO;NO;NO;NO;
21;MAGDALENA;076;SANTA ANA;00;00;PUESTOCABECERAMUNICIPAL;019;01;PRESIDENTE;NO;;;135;BUEN ESTADO;135;0;6;135;NO;;NO;;;;NO;NO;NO;NO;NO;NO;NO;NO;
21;MAGDALENA;076;SANTA ANA;00;00;PUESTOCABECERAMUNICIPAL;020;01;PRESIDENTE;NO;;;131;BUEN ESTADO;131;0;5;131;NO;;NO;;;;NO;NO;NO;NO;NO;NO;SI;NO;
21;MAGDALENA;076;SANTA ANA;00;00;PUESTOCABECERAMUNICIPAL;021;01;PRESIDENTE;NO;;;142;BUEN ESTADO;142;0;5;142;NO;;NO;;;;NO;NO;NO;NO;NO;NO;NO;NO;
21;MAGDALENA;076;SANTA ANA;00;00;PUESTOCABECERAMUNICIPAL;022;01;PRESIDENTE;NO;;;130;BUEN ESTADO;130;0;5;130;NO;;NO;;;;NO;NO;NO;NO;NO;NO;NO;NO;
21;MAGDALENA;076;SANTA ANA;00;00;PUESTOCABECERAMUNICIPAL;023;01;PRESIDENTE;NO;;;140;BUEN ESTADO;140;0;6;140;NO;;NO;;;;NO;NO;NO;NO;NO;NO;SI;NO;
21;MAGDALENA;076;SANTA ANA;00;00;PUESTOCABECERAMUNICIPAL;024;01;PRESIDENTE;NO;;;125;BUEN ESTADO;125;0;6;125;NO;;NO;;;;NO;NO;NO;NO;NO;NO;NO;NO;
21;MAGDALENA;076;SANTA ANA;00;00;PUESTOCABECERAMUNICIPAL;025;01;PRESIDENTE;NO;;;137;BUEN ESTADO;137;0;5;137;NO;;NO;;;;NO;NO;NO;NO;NO;NO;NO;NO;
21;MAGDALENA;076;SANTA ANA;00;00;PUESTOCABECERAMUNICIPAL;026;01;PRESIDENTE;NO;;;137;BUEN ESTADO;137;0;6;137;NO;;NO;;;;NO;NO;NO;NO;NO;NO;SI;NO;
21;MAGDALENA;076;SANTA ANA;00;00;PUESTOCABECERAMUNICIPAL;027;01;PRESIDENTE;NO;;;155;BUEN ESTADO;155;0;6;155;NO;;NO;;;;NO;NO;NO;NO;NO;NO;NO;NO;
21;MAGDALENA;076;SANTA ANA;00;00;PUESTOCABECERAMUNICIPAL;028;01;PRESIDENTE;NO;;;154;BUEN ESTADO;154;0;5;154;NO;;NO;;;;NO;NO;NO;NO;NO;NO;NO;NO;
21;MAGDALENA;076;SANTA ANA;00;00;PUESTOCABECERAMUNICIPAL;029;01;PRESIDENTE;NO;;;150;BUEN ESTADO;150;0;6;150;NO;;NO;;;;NO;NO;NO;NO;NO;NO;NO;NO;
21;MAGDALENA;076;SANTA ANA;00;00;PUESTOCABECERAMUNICIPAL;030;01;PRESIDENTE;NO;;;173;BUEN ESTADO;173;0;6;173;NO;;NO;;;;NO;NO;NO;NO;NO;NO;NO;NO;
21;MAGDALENA;076;SANTA ANA;00;00;PUESTOCABECERAMUNICIPAL;031;01;PRESIDENTE;NO;;;152;BUEN ESTADO;152;0;6;152;NO;;NO;;;;NO;NO;NO;NO;NO;NO;NO;NO;
21;MAGDALENA;076;SANTA ANA;00;00;PUESTOCABECERAMUNICIPAL;032;01;PRESIDENTE;NO;;;143;BUEN ESTADO;143;0;6;143;NO;;NO;;;;NO;NO;NO;NO;NO;NO;NO;NO;
21;MAGDALENA;076;SANTA ANA;00;00;PUESTOCABECERAMUNICIPAL;033;01;PRESIDENTE;NO;;;136;BUEN ESTADO;136;0;6;136;NO;;NO;;;;NO;NO;NO;NO;NO;NO;NO;NO;
21;MAGDALENA;076;SANTA ANA;00;00;PUESTOCABECERAMUNICIPAL;034;01;PRESIDENTE;NO;;;143;BUEN ESTADO;143;0;4;143;NO;;NO;;;;NO;NO;NO;NO;NO;NO;NO;NO;
21;MAGDALENA;076;SANTA ANA;00;00;PUESTOCABECERAMUNICIPAL;035;01;PRESIDENTE;NO;;;145;BUEN ESTADO;145;0;6;145;NO;;NO;;;;NO;NO;NO;NO;NO;NO;NO;NO;
21;MAGDALENA;076;SANTA ANA;00;00;PUESTOCABECERAMUNICIPAL;036;01;PRESIDENTE;NO;;;129;BUEN ESTADO;129;0;5;129;NO;;NO;;;;NO;NO;NO;NO;NO;NO;NO;NO;
21;MAGDALENA;076;SANTA ANA;00;00;PUESTOCABECERAMUNICIPAL;037;01;PRESIDENTE;NO;;;42;BUEN ESTADO;42;0;6;42;NO;;NO;;;;NO;NO;NO;NO;NO;NO;SI;NO;
21;MAGDALENA;076;SANTA ANA;99;05;BARROBLANCO;001;01;PRESIDENTE;NO;;;190;BUEN ESTADO;190;0;6;190;NO;;NO;;;;NO;NO;NO;NO;NO;NO;NO;NO;
21;MAGDALENA;076;SANTA ANA;99;05;BARROBLANCO;002;01;PRESIDENTE;NO;;;251;BUEN ESTADO;251;0;4;251;NO;;NO;;;;NO;NO;NO;NO;NO;NO;SI;NO;
21;MAGDALENA;076;SANTA ANA;99;05;BARROBLANCO;003;01;PRESIDENTE;NO;;;129;BUEN ESTADO;128;0;6;129;NO;;NO;;;;NO;NO;NO;NO;NO;NO;SI;NO;
21;MAGDALENA;076;SANTA ANA;99;05;BARROBLANCO;004;01;PRESIDENTE;NO;;;136;BUEN ESTADO;136;0;6;136;NO;;NO;;;;NO;NO;NO;NO;NO;NO;NO;NO;
21;MAGDALENA;076;SANTA ANA;99;05;BARROBLANCO;005;01;PRESIDENTE;NO;;;30;BUEN ESTADO;30;0;5;30;NO;;NO;;;;NO;NO;NO;NO;NO;NO;NO;NO;
21;MAGDALENA;076;SANTA ANA;99;10;GERMANIA;001;01;PRESIDENTE;NO;;;223;BUEN ESTADO;223;0;5;223;NO;;NO;;;;NO;NO;NO;NO;NO;NO;NO;NO;
21;MAGDALENA;076;SANTA ANA;99;10;GERMANIA;002;01;PRESIDENTE;NO;;;72;BUEN ESTADO;72;0;4;72;NO;;NO;;;;NO;NO;NO;NO;NO;NO;NO;NO;
21;MAGDALENA;076;SANTA ANA;99;11;JARABA;001;01;PRESIDENTE;NO;;;226;BUEN ESTADO;226;0;6;226;NO;;NO;;;;NO;NO;NO;NO;NO;NO;NO;NO;
21;MAGDALENA;076;SANTA ANA;99;11;JARABA;002;01;PRESIDENTE;NO;;;154;BUEN ESTADO;154;0;6;154;NO;;NO;;;;NO;NO;NO;NO;NO;NO;SI;NO;
21;MAGDALENA;076;SANTA ANA;99;11;JARABA;003;01;PRESIDENTE;NO;;;75;BUEN ESTADO;75;0;5;75;NO;;NO;;;;NO;NO;NO;NO;NO;NO;NO;NO;
21;MAGDALENA;076;SANTA ANA;99;25;SANFERNANDO;001;01;PRESIDENTE;NO;;;184;BUEN ESTADO;184;0;5;184;NO;;NO;;;;NO;NO;NO;NO;NO;NO;SI;NO;
21;MAGDALENA;076;SANTA ANA;99;25;SANFERNANDO;002;01;PRESIDENTE;NO;;;149;BUEN ESTADO;149;0;6;149;NO;;NO;;;;NO;NO;NO;NO;NO;NO;SI;NO;
21;MAGDALENA;076;SANTA ANA;99;25;SANFERNANDO;003;01;PRESIDENTE;NO;;;167;BUEN ESTADO;167;0;6;167;NO;;NO;;;;NO;NO;NO;NO;NO;NO;NO;NO;
21;MAGDALENA;076;SANTA ANA;99;25;SANFERNANDO;004;01;PRESIDENTE;NO;;;102;BUEN ESTADO;102;0;5;102;NO;;NO;;;;NO;NO;NO;NO;NO;NO;SI;NO;
21;MAGDALENA;076;SANTA ANA;99;25;SANFERNANDO;005;01;PRESIDENTE;NO;;;118;BUEN ESTADO;118;0;5;118;NO;;NO;;;;NO;NO;NO;NO;NO;NO;NO;NO;
21;MAGDALENA;076;SANTA ANA;99;25;SANFERNANDO;006;01;PRESIDENTE;NO;;;36;BUEN ESTADO;36;0;5;36;NO;;NO;;;;NO;NO;NO;NO;NO;NO;NO;NO;
21;MAGDALENA;076;SANTA ANA;99;30;PUERTOLIMON;001;01;PRESIDENTE;NO;;;90;BUEN ESTADO;90;0;6;90;NO;;NO;;;;NO;NO;NO;NO;NO;NO;NO;NO;
21;MAGDALENA;076;SANTA ANA;99;50;SANTAROSA;001;01;PRESIDENTE;NO;;;68;BUEN ESTADO;68;0;5;68;NO;;NO;;;;NO;NO;NO;NO;NO;NO;SI;NO;
21;MAGDALENA;078;SANTA BARBARA DE PINTO;00;00;PUESTOCABECERAMUNICIPAL;001;01;PRESIDENTE;NO;;;166;BUEN ESTADO;166;0;6;166;NO;;NO;;;;NO;NO;NO;NO;NO;NO;NO;NO;
21;MAGDALENA;078;SANTA BARBARA DE PINTO;00;00;PUESTOCABECERAMUNICIPAL;002;01;PRESIDENTE;NO;;;206;BUEN ESTADO;206;0;6;206;NO;;NO;;;;NO;NO;NO;NO;NO;NO;SI;NO;
21;MAGDALENA;078;SANTA BARBARA DE PINTO;00;00;PUESTOCABECERAMUNICIPAL;003;01;PRESIDENTE;NO;;;164;BUEN ESTADO;164;0;6;164;NO;;NO;;;;NO;NO;NO;NO;NO;NO;SI;NO;
21;MAGDALENA;078;SANTA BARBARA DE PINTO;00;00;PUESTOCABECERAMUNICIPAL;004;01;PRESIDENTE;NO;;;194;BUEN ESTADO;194;0;6;194;NO;;NO;;;;NO;NO;NO;NO;NO;NO;SI;NO;
21;MAGDALENA;078;SANTA BARBARA DE PINTO;00;00;PUESTOCABECERAMUNICIPAL;005;01;PRESIDENTE;NO;;;200;BUEN ESTADO;200;0;6;200;NO;;NO;;;;NO;NO;NO;NO;NO;NO;SI;NO;
21;MAGDALENA;078;SANTA BARBARA DE PINTO;00;00;PUESTOCABECERAMUNICIPAL;006;01;PRESIDENTE;NO;;;169;BUEN ESTADO;169;1;6;169;SI;SE DEJA CONSTANCIA QUE EL JURADO EN EL FORMULARIO E14 CONSIGNÓ UNA OBSERVACIÓN QUE DICE - SE ELIMINÓ UN VOTO DE LA URNA YA QUE EL VOTO NO ESTABA FIRMADO POR NINGUN MIEMBRO DE LOS JURADOS DE LA MESA -. AL TOTALIZAR LOS VOTOS EN EL FORMULARIO E14 SE CONSIGNÓ COMO RESULTADO 168, DADO QUE UNO DE LOS VOTOS FUE INCINERADO POR EL JURADO DE VOTACION;NO;;;;NO;NO;NO;NO;NO;NO;SI;NO;
21;MAGDALENA;078;SANTA BARBARA DE PINTO;00;00;PUESTOCABECERAMUNICIPAL;007;01;PRESIDENTE;NO;;;194;BUEN ESTADO;194;0;6;194;NO;;NO;;;;NO;NO;NO;NO;NO;NO;NO;NO;
21;MAGDALENA;078;SANTA BARBARA DE PINTO;00;00;PUESTOCABECERAMUNICIPAL;008;01;PRESIDENTE;NO;;;177;BUEN ESTADO;177;0;6;177;NO;;NO;;;;NO;NO;NO;NO;NO;NO;SI;NO;
21;MAGDALENA;078;SANTA BARBARA DE PINTO;00;00;PUESTOCABECERAMUNICIPAL;009;01;PRESIDENTE;NO;;;150;BUEN ESTADO;150;0;6;150;NO;;NO;;;;NO;NO;NO;NO;NO;NO;SI;NO;
21;MAGDALENA;078;SANTA BARBARA DE PINTO;00;00;PUESTOCABECERAMUNICIPAL;010;01;PRESIDENTE;NO;;;102;BUEN ESTADO;102;0;6;102;NO;;NO;;;;NO;NO;NO;NO;NO;NO;SI;NO;
21;MAGDALENA;078;SANTA BARBARA DE PINTO;00;00;PUESTOCABECERAMUNICIPAL;011;01;PRESIDENTE;NO;;;115;BUEN ESTADO;115;0;6;115;NO;;NO;;;;NO;NO;NO;NO;NO;NO;NO;NO;
21;MAGDALENA;078;SANTA BARBARA DE PINTO;00;00;PUESTOCABECERAMUNICIPAL;012;01;PRESIDENTE;NO;;;135;BUEN ESTADO;135;0;6;135;NO;;NO;;;;NO;NO;NO;NO;NO;NO;NO;NO;
21;MAGDALENA;078;SANTA BARBARA DE PINTO;00;00;PUESTOCABECERAMUNICIPAL;013;01;PRESIDENTE;NO;;;113;BUEN ESTADO;114;1;6;113;NO;;NO;;;;NO;NO;NO;NO;NO;NO;NO;NO;
21;MAGDALENA;078;SANTA BARBARA DE PINTO;00;00;PUESTOCABECERAMUNICIPAL;014;01;PRESIDENTE;NO;;;123;BUEN ESTADO;123;0;6;123;NO;;NO;;;;NO;NO;NO;NO;NO;NO;NO;NO;
21;MAGDALENA;078;SANTA BARBARA DE PINTO;00;00;PUESTOCABECERAMUNICIPAL;015;01;PRESIDENTE;NO;;;136;BUEN ESTADO;136;0;6;136;NO;;NO;;;;NO;NO;NO;NO;NO;NO;SI;NO;
21;MAGDALENA;078;SANTA BARBARA DE PINTO;00;00;PUESTOCABECERAMUNICIPAL;016;01;PRESIDENTE;NO;;;124;BUEN ESTADO;124;0;6;124;NO;;NO;;;;NO;NO;NO;NO;NO;NO;SI;NO;
21;MAGDALENA;078;SANTA BARBARA DE PINTO;00;00;PUESTOCABECERAMUNICIPAL;017;01;PRESIDENTE;NO;;;115;BUEN ESTADO;115;0;6;115;NO;;NO;;;;NO;NO;NO;NO;NO;NO;NO;NO;
21;MAGDALENA;078;SANTA BARBARA DE PINTO;00;00;PUESTOCABECERAMUNICIPAL;018;01;PRESIDENTE;NO;;;119;BUEN ESTADO;119;0;6;119;NO;;NO;;;;NO;NO;NO;NO;NO;NO;SI;NO;
21;MAGDALENA;078;SANTA BARBARA DE PINTO;00;00;PUESTOCABECERAMUNICIPAL;019;01;PRESIDENTE;NO;;;103;BUEN ESTADO;103;0;6;103;NO;;NO;;;;NO;NO;NO;NO;NO;NO;SI;NO;
21;MAGDALENA;078;SANTA BARBARA DE PINTO;99;05;CARRETAL;001;01;PRESIDENTE;NO;;;85;BUEN ESTADO;85;0;6;85;NO;;NO;;;;NO;NO;NO;NO;NO;NO;NO;NO;
21;MAGDALENA;078;SANTA BARBARA DE PINTO;99;10;CIENEGUETA;001;01;PRESIDENTE;NO;;;172;BUEN ESTADO;172;0;6;172;NO;;NO;;;;NO;NO;NO;NO;NO;NO;NO;NO;
21;MAGDALENA;078;SANTA BARBARA DE PINTO;99;15;CUNDINAMARCA;001;01;PRESIDENTE;NO;;;195;BUEN ESTADO;195;0;6;195;NO;;NO;;;;NO;NO;NO;NO;NO;NO;SI;NO;
21;MAGDALENA;078;SANTA BARBARA DE PINTO;99;15;CUNDINAMARCA;002;01;PRESIDENTE;NO;;;101;BUEN ESTADO;101;0;6;101;NO;;NO;;;;NO;NO;NO;NO;NO;NO;SI;NO;
21;MAGDALENA;078;SANTA BARBARA DE PINTO;99;30;MONTELIRIO;001;01;PRESIDENTE;NO;;;75;BUEN ESTADO;75;0;6;75;NO;;NO;;;;NO;NO;NO;NO;NO;NO;SI;NO;
21;MAGDALENA;078;SANTA BARBARA DE PINTO;99;41;SANPEDRO;001;01;PRESIDENTE;NO;;;202;BUEN ESTADO;202;0;6;202;NO;;NO;;;;NO;NO;NO;NO;NO;NO;NO;NO;
21;MAGDALENA;078;SANTA BARBARA DE PINTO;99;41;SANPEDRO;002;01;PRESIDENTE;NO;;;156;BUEN ESTADO;156;0;6;156;NO;;NO;;;;NO;NO;NO;NO;NO;NO;NO;NO;
21;MAGDALENA;078;SANTA BARBARA DE PINTO;99;41;SANPEDRO;003;01;PRESIDENTE;NO;;;39;BUEN ESTADO;39;0;6;39;NO;;NO;;;;NO;NO;NO;NO;NO;NO;NO;NO;
21;MAGDALENA;078;SANTA BARBARA DE PINTO;99;80;VELADERO;001;01;PRESIDENTE;NO;;;145;BUEN ESTADO;145;0;6;145;NO;;NO;;;;NO;NO;NO;NO;NO;NO;NO;NO;
21;MAGDALENA;078;SANTA BARBARA DE PINTO;99;80;VELADERO;002;01;PRESIDENTE;NO;;;79;BUEN ESTADO;79;0;6;79;NO;;NO;;;;NO;NO;NO;NO;NO;NO;NO;NO;
21;MAGDALENA;079;SITIONUEVO;00;00;PUESTOCABECERAMUNICIPAL;001;01;PRESIDENTE;NO;;;104;BUEN ESTADO;104;0;6;104;NO;;NO;;;;NO;NO;NO;NO;NO;NO;SI;NO;
21;MAGDALENA;079;SITIONUEVO;00;00;PUESTOCABECERAMUNICIPAL;002;01;PRESIDENTE;NO;;;176;BUEN ESTADO;176;0;5;176;NO;;NO;;;;NO;NO;NO;NO;NO;NO;NO;NO;
21;MAGDALENA;079;SITIONUEVO;00;00;PUESTOCABECERAMUNICIPAL;003;01;PRESIDENTE;NO;;;124;BUEN ESTADO;124;0;6;124;NO;;NO;;;;NO;NO;NO;NO;NO;NO;SI;NO;
21;MAGDALENA;079;SITIONUEVO;00;00;PUESTOCABECERAMUNICIPAL;004;01;PRESIDENTE;NO;;;118;BUEN ESTADO;118;0;6;118;NO;;NO;;;;NO;NO;NO;NO;NO;NO;SI;NO;
21;MAGDALENA;079;SITIONUEVO;00;00;PUESTOCABECERAMUNICIPAL;005;01;PRESIDENTE;NO;;;200;BUEN ESTADO;200;0;6;200;NO;;NO;;;;NO;NO;NO;NO;NO;NO;NO;NO;
21;MAGDALENA;079;SITIONUEVO;00;00;PUESTOCABECERAMUNICIPAL;006;01;PRESIDENTE;NO;;;205;BUEN ESTADO;205;0;4;205;NO;;NO;;;;NO;NO;NO;NO;NO;NO;NO;NO;
21;MAGDALENA;079;SITIONUEVO;00;00;PUESTOCABECERAMUNICIPAL;007;01;PRESIDENTE;NO;;;174;BUEN ESTADO;174;0;6;174;NO;;NO;;;;NO;NO;NO;NO;NO;NO;SI;NO;
21;MAGDALENA;079;SITIONUEVO;00;00;PUESTOCABECERAMUNICIPAL;008;01;PRESIDENTE;NO;;;156;BUEN ESTADO;156;0;5;156;NO;;NO;;;;NO;NO;NO;NO;NO;NO;NO;NO;
21;MAGDALENA;079;SITIONUEVO;00;00;PUESTOCABECERAMUNICIPAL;009;01;PRESIDENTE;NO;;;172;BUEN ESTADO;172;0;3;172;NO;;NO;;;;NO;NO;NO;NO;NO;NO;SI;NO;
21;MAGDALENA;079;SITIONUEVO;00;00;PUESTOCABECERAMUNICIPAL;010;01;PRESIDENTE;NO;;;162;BUEN ESTADO;162;0;6;162;NO;;NO;;;;NO;NO;NO;NO;NO;NO;NO;NO;
21;MAGDALENA;079;SITIONUEVO;00;00;PUESTOCABECERAMUNICIPAL;011;01;PRESIDENTE;NO;;;141;BUEN ESTADO;141;0;6;141;NO;;NO;;;;NO;NO;NO;NO;NO;NO;SI;NO;
21;MAGDALENA;079;SITIONUEVO;00;00;PUESTOCABECERAMUNICIPAL;012;01;PRESIDENTE;NO;;;187;BUEN ESTADO;187;0;4;187;NO;;NO;;;;NO;NO;NO;NO;NO;NO;NO;NO;
21;MAGDALENA;079;SITIONUEVO;00;00;PUESTOCABECERAMUNICIPAL;013;01;PRESIDENTE;NO;;;202;BUEN ESTADO;202;0;5;202;NO;;NO;;;;NO;NO;NO;NO;NO;NO;NO;NO;
21;MAGDALENA;079;SITIONUEVO;00;00;PUESTOCABECERAMUNICIPAL;014;01;PRESIDENTE;NO;;;199;BUEN ESTADO;199;0;6;199;NO;;NO;;;;NO;NO;NO;NO;NO;NO;NO;NO;
21;MAGDALENA;079;SITIONUEVO;00;00;PUESTOCABECERAMUNICIPAL;015;01;PRESIDENTE;NO;;;159;BUEN ESTADO;159;0;6;159;NO;;NO;;;;NO;NO;NO;NO;NO;NO;NO;NO;
21;MAGDALENA;079;SITIONUEVO;00;00;PUESTOCABECERAMUNICIPAL;016;01;PRESIDENTE;NO;;;170;BUEN ESTADO;170;0;6;170;NO;;NO;;;;NO;NO;NO;NO;NO;NO;NO;NO;
21;MAGDALENA;079;SITIONUEVO;00;00;PUESTOCABECERAMUNICIPAL;017;01;PRESIDENTE;NO;;;148;BUEN ESTADO;148;0;6;148;NO;;NO;;;;NO;NO;NO;NO;NO;NO;NO;NO;
21;MAGDALENA;079;SITIONUEVO;00;00;PUESTOCABECERAMUNICIPAL;018;01;PRESIDENTE;NO;;;132;BUEN ESTADO;132;0;6;132;NO;;NO;;;;NO;NO;NO;NO;NO;NO;NO;NO;
21;MAGDALENA;079;SITIONUEVO;00;00;PUESTOCABECERAMUNICIPAL;019;01;PRESIDENTE;NO;;;110;BUEN ESTADO;110;0;5;110;NO;;NO;;;;NO;NO;NO;NO;NO;NO;NO;NO;
21;MAGDALENA;079;SITIONUEVO;00;00;PUESTOCABECERAMUNICIPAL;020;01;PRESIDENTE;NO;;;113;BUEN ESTADO;113;0;5;113;NO;;NO;;;;NO;NO;NO;NO;NO;NO;NO;NO;
21;MAGDALENA;079;SITIONUEVO;00;00;PUESTOCABECERAMUNICIPAL;021;01;PRESIDENTE;NO;;;110;BUEN ESTADO;110;0;6;110;NO;;NO;;;;NO;NO;NO;NO;NO;NO;NO;NO;
21;MAGDALENA;079;SITIONUEVO;00;00;PUESTOCABECERAMUNICIPAL;022;01;PRESIDENTE;NO;;;115;BUEN ESTADO;115;0;6;115;NO;;NO;;;;NO;NO;NO;NO;NO;NO;NO;NO;
21;MAGDALENA;079;SITIONUEVO;00;00;PUESTOCABECERAMUNICIPAL;023;01;PRESIDENTE;NO;;;97;BUEN ESTADO;97;0;5;97;NO;;NO;;;;NO;NO;NO;NO;NO;NO;SI;NO;
21;MAGDALENA;079;SITIONUEVO;00;00;PUESTOCABECERAMUNICIPAL;024;01;PRESIDENTE;NO;;;115;BUEN ESTADO;115;0;6;115;NO;;NO;;;;NO;NO;NO;NO;NO;NO;NO;NO;
21;MAGDALENA;079;SITIONUEVO;00;00;PUESTOCABECERAMUNICIPAL;025;01;PRESIDENTE;NO;;;86;BUEN ESTADO;86;0;6;86;NO;;NO;;;;NO;NO;NO;NO;NO;NO;NO;NO;
21;MAGDALENA;079;SITIONUEVO;00;00;PUESTOCABECERAMUNICIPAL;026;01;PRESIDENTE;NO;;;112;BUEN ESTADO;112;0;5;112;NO;;NO;;;;NO;NO;NO;NO;NO;NO;NO;NO;
21;MAGDALENA;079;SITIONUEVO;00;00;PUESTOCABECERAMUNICIPAL;027;01;PRESIDENTE;NO;;;122;BUEN ESTADO;122;0;6;122;NO;;NO;;;;NO;NO;NO;NO;NO;NO;NO;NO;
21;MAGDALENA;079;SITIONUEVO;00;00;PUESTOCABECERAMUNICIPAL;028;01;PRESIDENTE;NO;;;124;BUEN ESTADO;124;0;6;124;NO;;NO;;;;NO;NO;NO;NO;NO;NO;NO;NO;
21;MAGDALENA;079;SITIONUEVO;00;00;PUESTOCABECERAMUNICIPAL;029;01;PRESIDENTE;NO;;;108;BUEN ESTADO;108;0;6;108;NO;;NO;;;;NO;NO;NO;NO;NO;NO;NO;NO;
21;MAGDALENA;079;SITIONUEVO;00;00;PUESTOCABECERAMUNICIPAL;030;01;PRESIDENTE;NO;;;97;BUEN ESTADO;97;0;5;97;NO;;NO;;;;NO;NO;NO;NO;NO;NO;NO;NO;
21;MAGDALENA;079;SITIONUEVO;00;00;PUESTOCABECERAMUNICIPAL;031;01;PRESIDENTE;NO;;;128;BUEN ESTADO;128;0;6;128;NO;;NO;;;;NO;NO;NO;NO;NO;NO;NO;NO;
21;MAGDALENA;079;SITIONUEVO;00;00;PUESTOCABECERAMUNICIPAL;032;01;PRESIDENTE;NO;;;131;BUEN ESTADO;131;0;4;131;NO;;NO;;;;NO;NO;NO;NO;NO;NO;NO;NO;
21;MAGDALENA;079;SITIONUEVO;00;00;PUESTOCABECERAMUNICIPAL;033;01;PRESIDENTE;NO;;;108;BUEN ESTADO;108;0;5;108;NO;;SI;SIN INFORMACION;0000;;NO;NO;NO;NO;NO;NO;NO;NO;
21;MAGDALENA;079;SITIONUEVO;00;00;PUESTOCABECERAMUNICIPAL;034;01;PRESIDENTE;NO;;;117;BUEN ESTADO;117;0;4;117;NO;;NO;;;;NO;NO;NO;NO;NO;NO;NO;NO;
21;MAGDALENA;079;SITIONUEVO;00;00;PUESTOCABECERAMUNICIPAL;035;01;PRESIDENTE;NO;;;113;BUEN ESTADO;113;0;6;113;NO;;NO;;;;NO;NO;NO;NO;NO;NO;NO;NO;
21;MAGDALENA;079;SITIONUEVO;00;00;PUESTOCABECERAMUNICIPAL;036;01;PRESIDENTE;NO;;;107;BUEN ESTADO;107;0;6;107;NO;;NO;;;;NO;NO;NO;NO;NO;NO;SI;NO;
21;MAGDALENA;079;SITIONUEVO;00;00;PUESTOCABECERAMUNICIPAL;037;01;PRESIDENTE;NO;;;127;BUEN ESTADO;127;0;6;127;NO;;NO;;;;NO;NO;NO;NO;NO;NO;NO;NO;
21;MAGDALENA;079;SITIONUEVO;00;00;PUESTOCABECERAMUNICIPAL;038;01;PRESIDENTE;NO;;;64;BUEN ESTADO;64;0;6;64;NO;;NO;;;;NO;NO;NO;NO;NO;NO;NO;NO;
21;MAGDALENA;079;SITIONUEVO;99;01;BUENAVISTA;001;01;PRESIDENTE;NO;;;98;BUEN ESTADO;98;0;5;98;NO;;NO;;;;NO;NO;NO;NO;NO;NO;SI;NO;
21;MAGDALENA;079;SITIONUEVO;99;01;BUENAVISTA;002;01;PRESIDENTE;NO;;;86;BUEN ESTADO;86;0;4;86;NO;;NO;;;;NO;NO;NO;NO;NO;NO;NO;NO;
21;MAGDALENA;079;SITIONUEVO;99;01;BUENAVISTA;003;01;PRESIDENTE;NO;;;21;BUEN ESTADO;21;0;5;21;NO;;NO;;;;NO;NO;NO;NO;NO;NO;NO;NO;
21;MAGDALENA;079;SITIONUEVO;99;05;NUEVAVENECIA(ELMORRO);001;01;PRESIDENTE;NO;;;131;BUEN ESTADO;131;0;5;131;NO;;NO;;;;NO;NO;NO;NO;NO;NO;SI;NO;
21;MAGDALENA;079;SITIONUEVO;99;05;NUEVAVENECIA(ELMORRO);002;01;PRESIDENTE;NO;;;69;BUEN ESTADO;69;0;4;69;NO;;NO;;;;NO;NO;NO;NO;NO;NO;NO;NO;
21;MAGDALENA;079;SITIONUEVO;99;05;NUEVAVENECIA(ELMORRO);003;01;PRESIDENTE;NO;;;48;BUEN ESTADO;48;0;3;48;NO;;NO;;;;NO;NO;NO;NO;NO;NO;SI;NO;
21;MAGDALENA;079;SITIONUEVO;99;05;NUEVAVENECIA(ELMORRO);004;01;PRESIDENTE;NO;;;51;BUEN ESTADO;51;0;3;51;NO;;NO;;;EL E-14 DE CLAVEROS NO FUE INTRODUCIDO EN LA BOLSA;NO;NO;NO;NO;NO;NO;NO;NO;
21;MAGDALENA;079;SITIONUEVO;99;05;NUEVAVENECIA(ELMORRO);005;01;PRESIDENTE;NO;;;49;BUEN ESTADO;49;0;4;49;NO;;NO;;;;NO;NO;NO;NO;NO;NO;SI;NO;
21;MAGDALENA;079;SITIONUEVO;99;09;PALERMO;001;01;PRESIDENTE;NO;;;115;BUEN ESTADO;115;0;4;115;NO;;NO;;;;NO;NO;NO;NO;NO;NO;NO;NO;
21;MAGDALENA;079;SITIONUEVO;99;09;PALERMO;002;01;PRESIDENTE;NO;;;123;BUEN ESTADO;123;0;6;123;NO;;NO;;;;NO;NO;NO;NO;NO;NO;SI;NO;
21;MAGDALENA;079;SITIONUEVO;99;09;PALERMO;003;01;PRESIDENTE;NO;;;124;BUEN ESTADO;124;0;6;124;NO;;NO;;;;NO;NO;NO;NO;NO;NO;NO;NO;
21;MAGDALENA;079;SITIONUEVO;99;09;PALERMO;004;01;PRESIDENTE;NO;;;121;BUEN ESTADO;121;0;5;121;NO;;NO;;;;NO;NO;NO;NO;NO;NO;SI;NO;
21;MAGDALENA;079;SITIONUEVO;99;09;PALERMO;005;01;PRESIDENTE;NO;;;136;BUEN ESTADO;136;0;4;136;NO;;NO;;;;NO;NO;NO;NO;NO;NO;SI;NO;
21;MAGDALENA;079;SITIONUEVO;99;09;PALERMO;006;01;PRESIDENTE;NO;;;126;BUEN ESTADO;126;0;6;126;NO;;NO;;;;NO;NO;NO;NO;NO;NO;SI;NO;
21;MAGDALENA;079;SITIONUEVO;99;09;PALERMO;007;01;PRESIDENTE;NO;;;129;BUEN ESTADO;129;0;6;129;NO;;NO;;;;NO;NO;NO;NO;NO;NO;NO;NO;
21;MAGDALENA;079;SITIONUEVO;99;09;PALERMO;008;01;PRESIDENTE;NO;;;130;BUEN ESTADO;130;0;4;130;NO;;NO;;;;NO;NO;NO;NO;NO;NO;SI;NO;
21;MAGDALENA;079;SITIONUEVO;99;09;PALERMO;009;01;PRESIDENTE;NO;;;90;BUEN ESTADO;90;0;6;90;NO;;NO;;;;NO;NO;NO;NO;NO;NO;SI;NO;
21;MAGDALENA;079;SITIONUEVO;99;09;PALERMO;010;01;PRESIDENTE;NO;;;104;BUEN ESTADO;104;0;5;104;NO;;NO;;;;NO;NO;NO;NO;NO;NO;NO;NO;
21;MAGDALENA;079;SITIONUEVO;99;09;PALERMO;011;01;PRESIDENTE;NO;;;91;BUEN ESTADO;91;0;6;91;NO;;NO;;;;NO;NO;NO;NO;NO;NO;NO;NO;
21;MAGDALENA;079;SITIONUEVO;99;09;PALERMO;012;01;PRESIDENTE;NO;;;85;BUEN ESTADO;85;0;5;85;NO;;NO;;;;NO;NO;NO;NO;NO;NO;NO;NO;
21;MAGDALENA;079;SITIONUEVO;99;09;PALERMO;013;01;PRESIDENTE;NO;;;64;BUEN ESTADO;64;0;5;64;NO;;NO;;;;NO;NO;NO;NO;NO;NO;SI;NO;
21;MAGDALENA;079;SITIONUEVO;99;09;PALERMO;014;01;PRESIDENTE;NO;;;104;BUEN ESTADO;104;0;5;104;NO;;NO;;;;NO;NO;NO;NO;NO;NO;SI;NO;
21;MAGDALENA;079;SITIONUEVO;99;09;PALERMO;015;01;PRESIDENTE;NO;;;114;BUEN ESTADO;114;0;4;114;NO;;NO;;;;NO;NO;NO;NO;NO;NO;NO;NO;
21;MAGDALENA;079;SITIONUEVO;99;09;PALERMO;016;01;PRESIDENTE;NO;;;18;BUEN ESTADO;18;0;5;18;NO;;NO;;;;NO;NO;NO;NO;NO;NO;NO;NO;
21;MAGDALENA;079;SITIONUEVO;99;15;SANANTONIO;001;01;PRESIDENTE;NO;;;96;BUEN ESTADO;96;0;4;96;NO;;NO;;;;NO;NO;NO;NO;NO;NO;NO;NO;
21;MAGDALENA;079;SITIONUEVO;99;15;SANANTONIO;002;01;PRESIDENTE;NO;;;75;BUEN ESTADO;75;0;4;75;NO;;NO;;;;NO;NO;NO;NO;NO;NO;SI;NO;
21;MAGDALENA;079;SITIONUEVO;99;15;SANANTONIO;003;01;PRESIDENTE;NO;;;19;BUEN ESTADO;19;0;6;19;NO;;NO;;;;NO;NO;NO;NO;NO;NO;NO;NO;
21;MAGDALENA;085;TENERIFE;00;00;PUESTOCABECERAMUNICIPAL;001;01;PRESIDENTE;NO;;;214;BUEN ESTADO;214;0;6;214;NO;;NO;;;;NO;NO;NO;NO;NO;NO;NO;NO;
21;MAGDALENA;085;TENERIFE;00;00;PUESTOCABECERAMUNICIPAL;002;01;PRESIDENTE;NO;;;211;BUEN ESTADO;211;0;6;211;NO;;NO;;;;NO;NO;NO;NO;NO;NO;SI;NO;
21;MAGDALENA;085;TENERIFE;00;00;PUESTOCABECERAMUNICIPAL;003;01;PRESIDENTE;NO;;;165;BUEN ESTADO;165;0;6;165;NO;;NO;;;;NO;NO;NO;NO;NO;NO;NO;NO;
21;MAGDALENA;085;TENERIFE;00;00;PUESTOCABECERAMUNICIPAL;004;01;PRESIDENTE;NO;;;125;BUEN ESTADO;125;0;6;125;NO;;NO;;;;NO;NO;NO;NO;NO;NO;NO;NO;
21;MAGDALENA;085;TENERIFE;00;00;PUESTOCABECERAMUNICIPAL;005;01;PRESIDENTE;NO;;;176;BUEN ESTADO;176;0;6;176;NO;;NO;;;;NO;NO;NO;NO;NO;NO;SI;NO;
21;MAGDALENA;085;TENERIFE;00;00;PUESTOCABECERAMUNICIPAL;006;01;PRESIDENTE;NO;;;166;BUEN ESTADO;166;0;6;166;NO;;NO;;;;NO;NO;NO;NO;NO;NO;NO;NO;
21;MAGDALENA;085;TENERIFE;00;00;PUESTOCABECERAMUNICIPAL;007;01;PRESIDENTE;NO;;;193;BUEN ESTADO;193;0;6;193;NO;;NO;;;;NO;NO;NO;NO;NO;NO;SI;NO;
21;MAGDALENA;085;TENERIFE;00;00;PUESTOCABECERAMUNICIPAL;008;01;PRESIDENTE;NO;;;167;BUEN ESTADO;167;0;6;167;NO;;NO;;;;NO;NO;NO;NO;NO;NO;SI;NO;
21;MAGDALENA;085;TENERIFE;00;00;PUESTOCABECERAMUNICIPAL;009;01;PRESIDENTE;NO;;;164;BUEN ESTADO;164;0;6;164;NO;;NO;;;;NO;NO;NO;NO;NO;NO;SI;NO;
21;MAGDALENA;085;TENERIFE;00;00;PUESTOCABECERAMUNICIPAL;010;01;PRESIDENTE;NO;;;154;BUEN ESTADO;154;0;6;154;NO;;NO;;;;NO;NO;NO;NO;NO;NO;SI;NO;
21;MAGDALENA;085;TENERIFE;00;00;PUESTOCABECERAMUNICIPAL;011;01;PRESIDENTE;NO;;;111;BUEN ESTADO;111;0;6;111;NO;;NO;;;;NO;NO;NO;NO;NO;NO;SI;NO;
21;MAGDALENA;085;TENERIFE;00;00;PUESTOCABECERAMUNICIPAL;012;01;PRESIDENTE;NO;;;111;BUEN ESTADO;111;0;5;111;NO;;NO;;;;NO;NO;NO;NO;NO;NO;SI;NO;
21;MAGDALENA;085;TENERIFE;00;00;PUESTOCABECERAMUNICIPAL;013;01;PRESIDENTE;NO;;;101;BUEN ESTADO;101;0;6;101;NO;;NO;;;;NO;NO;NO;NO;NO;NO;NO;NO;
21;MAGDALENA;085;TENERIFE;00;00;PUESTOCABECERAMUNICIPAL;014;01;PRESIDENTE;NO;;;123;BUEN ESTADO;123;0;6;123;NO;;NO;;;;NO;NO;NO;NO;NO;NO;NO;NO;
21;MAGDALENA;085;TENERIFE;00;00;PUESTOCABECERAMUNICIPAL;015;01;PRESIDENTE;NO;;;110;BUEN ESTADO;110;0;6;110;NO;;NO;;;;NO;NO;NO;NO;NO;NO;NO;NO;
21;MAGDALENA;085;TENERIFE;00;00;PUESTOCABECERAMUNICIPAL;016;01;PRESIDENTE;NO;;;126;BUEN ESTADO;126;0;6;126;NO;;NO;;;;NO;NO;NO;NO;NO;NO;SI;NO;
21;MAGDALENA;085;TENERIFE;00;00;PUESTOCABECERAMUNICIPAL;017;01;PRESIDENTE;NO;;;126;BUEN ESTADO;126;0;6;126;NO;;NO;;;;NO;NO;NO;NO;NO;NO;NO;NO;
21;MAGDALENA;085;TENERIFE;00;00;PUESTOCABECERAMUNICIPAL;018;01;PRESIDENTE;NO;;;120;BUEN ESTADO;120;0;6;120;NO;;NO;;;;NO;NO;NO;NO;NO;NO;NO;NO;
21;MAGDALENA;085;TENERIFE;00;00;PUESTOCABECERAMUNICIPAL;019;01;PRESIDENTE;NO;;;113;BUEN ESTADO;113;0;6;113;NO;;NO;;;;NO;NO;NO;NO;NO;NO;NO;NO;
21;MAGDALENA;085;TENERIFE;00;00;PUESTOCABECERAMUNICIPAL;020;01;PRESIDENTE;NO;;;124;BUEN ESTADO;124;0;6;124;NO;;NO;;;;NO;NO;NO;NO;NO;NO;SI;NO;
21;MAGDALENA;085;TENERIFE;00;00;PUESTOCABECERAMUNICIPAL;021;01;PRESIDENTE;NO;;;37;BUEN ESTADO;37;0;6;37;NO;;NO;;;;NO;NO;NO;NO;NO;NO;NO;NO;
21;MAGDALENA;085;TENERIFE;99;04;ELCONSUELO;001;01;PRESIDENTE;NO;;;138;BUEN ESTADO;138;0;6;138;NO;;NO;;;;NO;NO;NO;NO;NO;NO;SI;NO;
21;MAGDALENA;085;TENERIFE;99;05;ELJUNCAL;001;01;PRESIDENTE;NO;;;55;BUEN ESTADO;55;0;6;55;NO;;NO;;;;NO;NO;NO;NO;NO;NO;NO;NO;
21;MAGDALENA;085;TENERIFE;99;07;MANUELBARRIOS;001;01;PRESIDENTE;NO;;;33;BUEN ESTADO;33;0;5;33;NO;;NO;;;;NO;NO;NO;NO;NO;NO;NO;NO;
21;MAGDALENA;085;TENERIFE;99;13;REALDELOBISPO;001;01;PRESIDENTE;NO;;;151;BUEN ESTADO;151;0;6;151;NO;;NO;;;;NO;NO;NO;NO;NO;NO;SI;NO;
21;MAGDALENA;085;TENERIFE;99;13;REALDELOBISPO;002;01;PRESIDENTE;NO;;;133;BUEN ESTADO;133;0;6;133;NO;;NO;;;;NO;NO;NO;NO;NO;NO;SI;NO;
21;MAGDALENA;085;TENERIFE;99;13;REALDELOBISPO;003;01;PRESIDENTE;NO;;;82;BUEN ESTADO;82;0;5;82;NO;;NO;;;;NO;NO;NO;NO;NO;NO;SI;NO;
21;MAGDALENA;085;TENERIFE;99;13;REALDELOBISPO;004;01;PRESIDENTE;NO;;;46;BUEN ESTADO;46;0;6;46;NO;;NO;;;;NO;NO;NO;NO;NO;NO;NO;NO;
21;MAGDALENA;085;TENERIFE;99;16;SANANTONIO;001;01;PRESIDENTE;NO;;;32;BUEN ESTADO;32;0;6;32;NO;;NO;;;;NO;NO;NO;NO;NO;NO;NO;NO;
21;MAGDALENA;085;TENERIFE;99;17;SANLUIS;001;01;PRESIDENTE;NO;;;217;BUEN ESTADO;217;0;6;217;NO;;NO;;;;NO;NO;NO;NO;NO;NO;SI;NO;
21;MAGDALENA;085;TENERIFE;99;17;SANLUIS;002;01;PRESIDENTE;NO;;;191;BUEN ESTADO;191;0;6;191;NO;;NO;;;;NO;NO;NO;NO;NO;NO;SI;NO;
21;MAGDALENA;085;TENERIFE;99;17;SANLUIS;003;01;PRESIDENTE;NO;;;167;BUEN ESTADO;167;0;6;167;NO;;NO;;;;NO;NO;NO;NO;NO;NO;SI;NO;
21;MAGDALENA;085;TENERIFE;99;17;SANLUIS;004;01;PRESIDENTE;NO;;;122;BUEN ESTADO;122;0;6;122;NO;;NO;;;;NO;NO;NO;NO;NO;NO;NO;NO;
21;MAGDALENA;085;TENERIFE;99;17;SANLUIS;005;01;PRESIDENTE;NO;;;151;BUEN ESTADO;151;0;6;151;NO;;NO;;;;NO;NO;NO;NO;NO;NO;NO;NO;
21;MAGDALENA;085;TENERIFE;99;17;SANLUIS;006;01;PRESIDENTE;NO;;;116;BUEN ESTADO;116;0;6;116;NO;;NO;;;;NO;NO;NO;NO;NO;NO;SI;NO;
21;MAGDALENA;085;TENERIFE;99;17;SANLUIS;007;01;PRESIDENTE;NO;;;25;BUEN ESTADO;25;0;6;25;NO;;NO;;;;NO;NO;NO;NO;NO;NO;NO;NO;
21;MAGDALENA;085;TENERIFE;99;70;SANTAINES;001;01;PRESIDENTE;NO;;;158;BUEN ESTADO;158;0;6;158;NO;;NO;;;;NO;NO;NO;NO;NO;NO;NO;NO;
21;MAGDALENA;085;TENERIFE;99;70;SANTAINES;002;01;PRESIDENTE;NO;;;149;BUEN ESTADO;149;0;6;149;NO;;NO;;;;NO;NO;NO;NO;NO;NO;SI;NO;
21;MAGDALENA;085;TENERIFE;99;70;SANTAINES;003;01;PRESIDENTE;NO;;;111;BUEN ESTADO;111;0;6;111;NO;;NO;;;;NO;NO;NO;NO;NO;NO;SI;NO;
21;MAGDALENA;085;TENERIFE;99;85;VERDUN;001;01;PRESIDENTE;NO;;;13;BUEN ESTADO;13;0;5;13;NO;;NO;;;;NO;NO;NO;NO;NO;NO;NO;NO;
21;MAGDALENA;090;ZAPAYAN;00;00;PUESTOCABECERAMUNICIPAL;001;01;PRESIDENTE;NO;;;180;BUEN ESTADO;179;1;5;180;NO;;NO;;;;NO;NO;NO;NO;NO;NO;NO;NO;
21;MAGDALENA;090;ZAPAYAN;00;00;PUESTOCABECERAMUNICIPAL;002;01;PRESIDENTE;NO;;;201;BUEN ESTADO;201;0;5;201;NO;;NO;;;;NO;NO;NO;NO;NO;NO;NO;NO;
21;MAGDALENA;090;ZAPAYAN;00;00;PUESTOCABECERAMUNICIPAL;003;01;PRESIDENTE;NO;;;172;BUEN ESTADO;172;0;5;172;NO;;NO;;;;NO;NO;NO;NO;NO;NO;SI;NO;
21;MAGDALENA;090;ZAPAYAN;00;00;PUESTOCABECERAMUNICIPAL;004;01;PRESIDENTE;NO;;;161;BUEN ESTADO;161;0;5;161;NO;;NO;;;;NO;NO;NO;NO;NO;NO;NO;NO;
21;MAGDALENA;090;ZAPAYAN;00;00;PUESTOCABECERAMUNICIPAL;005;01;PRESIDENTE;NO;;;141;BUEN ESTADO;141;0;5;141;NO;;NO;;;;NO;NO;NO;NO;NO;NO;NO;NO;
21;MAGDALENA;090;ZAPAYAN;00;00;PUESTOCABECERAMUNICIPAL;006;01;PRESIDENTE;NO;;;111;BUEN ESTADO;111;0;5;111;NO;;NO;;;;NO;NO;NO;NO;NO;NO;NO;NO;
21;MAGDALENA;090;ZAPAYAN;00;00;PUESTOCABECERAMUNICIPAL;007;01;PRESIDENTE;NO;;;115;BUEN ESTADO;115;0;5;115;NO;;NO;;;;NO;NO;NO;NO;NO;NO;SI;NO;
21;MAGDALENA;090;ZAPAYAN;00;00;PUESTOCABECERAMUNICIPAL;008;01;PRESIDENTE;NO;;;109;BUEN ESTADO;109;0;5;109;NO;;NO;;;;NO;NO;NO;NO;NO;NO;NO;NO;
21;MAGDALENA;090;ZAPAYAN;00;00;PUESTOCABECERAMUNICIPAL;009;01;PRESIDENTE;NO;;;100;BUEN ESTADO;100;0;5;100;NO;;NO;;;;NO;NO;NO;NO;NO;NO;NO;NO;
21;MAGDALENA;090;ZAPAYAN;00;00;PUESTOCABECERAMUNICIPAL;010;01;PRESIDENTE;NO;;;98;BUEN ESTADO;98;0;5;98;NO;;NO;;;;NO;NO;NO;NO;NO;NO;NO;NO;
21;MAGDALENA;090;ZAPAYAN;00;00;PUESTOCABECERAMUNICIPAL;011;01;PRESIDENTE;NO;;;55;BUEN ESTADO;55;0;5;55;NO;;NO;;;;NO;NO;NO;NO;NO;NO;NO;NO;
21;MAGDALENA;090;ZAPAYAN;99;05;ELBONGO;001;01;PRESIDENTE;NO;;;92;BUEN ESTADO;92;0;4;92;NO;;NO;;;;NO;NO;NO;NO;NO;NO;NO;NO;
21;MAGDALENA;090;ZAPAYAN;99;10;CAÑODEAGUAS;001;01;PRESIDENTE;NO;;;186;BUEN ESTADO;186;0;5;186;NO;;NO;;;;NO;NO;NO;NO;NO;NO;SI;NO;
21;MAGDALENA;090;ZAPAYAN;99;10;CAÑODEAGUAS;002;01;PRESIDENTE;NO;;;168;BUEN ESTADO;168;0;3;168;NO;;NO;;;;NO;NO;NO;NO;NO;NO;SI;NO;
21;MAGDALENA;090;ZAPAYAN;99;10;CAÑODEAGUAS;003;01;PRESIDENTE;NO;;;158;BUEN ESTADO;158;0;4;158;NO;;NO;;;;NO;NO;NO;NO;NO;NO;SI;NO;
21;MAGDALENA;090;ZAPAYAN;99;10;CAÑODEAGUAS;004;01;PRESIDENTE;NO;;;44;BUEN ESTADO;44;0;5;44;NO;;NO;;;;NO;NO;NO;NO;NO;NO;NO;NO;
21;MAGDALENA;090;ZAPAYAN;99;15;CAPUCHO;001;01;PRESIDENTE;NO;;;166;BUEN ESTADO;167;1;3;166;NO;;NO;;;;NO;NO;NO;NO;NO;NO;NO;NO;
21;MAGDALENA;090;ZAPAYAN;99;15;CAPUCHO;002;01;PRESIDENTE;NO;;;131;BUEN ESTADO;131;0;4;131;NO;;NO;;;;NO;NO;NO;NO;NO;NO;NO;NO;
21;MAGDALENA;090;ZAPAYAN;99;15;CAPUCHO;003;01;PRESIDENTE;NO;;;9;BUEN ESTADO;9;0;5;9;NO;;NO;;;;NO;NO;NO;NO;NO;NO;NO;NO;
21;MAGDALENA;090;ZAPAYAN;99;18;CERRITOS;001;01;PRESIDENTE;NO;;;177;BUEN ESTADO;177;0;5;177;NO;;NO;;;;NO;NO;NO;NO;NO;NO;NO;NO;
21;MAGDALENA;090;ZAPAYAN;99;18;CERRITOS;002;01;PRESIDENTE;NO;;;51;BUEN ESTADO;51;0;5;51;NO;;NO;;;;NO;NO;NO;NO;NO;NO;NO;NO;
21;MAGDALENA;090;ZAPAYAN;99;20;PIEDRASDEMOLER;001;01;PRESIDENTE;NO;;;184;BUEN ESTADO;184;0;5;184;NO;;NO;;;;NO;NO;NO;NO;NO;NO;NO;NO;
21;MAGDALENA;090;ZAPAYAN;99;20;PIEDRASDEMOLER;002;01;PRESIDENTE;NO;;;169;BUEN ESTADO;169;0;5;169;NO;;NO;;;;NO;NO;NO;NO;NO;NO;NO;NO;
21;MAGDALENA;090;ZAPAYAN;99;20;PIEDRASDEMOLER;003;01;PRESIDENTE;NO;;;149;BUEN ESTADO;149;0;5;149;NO;;NO;;;;NO;NO;NO;NO;NO;NO;NO;NO;
21;MAGDALENA;090;ZAPAYAN;99;20;PIEDRASDEMOLER;004;01;PRESIDENTE;NO;;;125;BUEN ESTADO;125;0;4;125;NO;;NO;;;;NO;NO;NO;NO;NO;NO;NO;NO;
21;MAGDALENA;090;ZAPAYAN;99;20;PIEDRASDEMOLER;005;01;PRESIDENTE;NO;;;129;BUEN ESTADO;128;0;4;129;NO;;NO;;;;NO;NO;NO;NO;NO;NO;NO;NO;
21;MAGDALENA;090;ZAPAYAN;99;20;PIEDRASDEMOLER;006;01;PRESIDENTE;NO;;;60;BUEN ESTADO;59;0;5;60;NO;;NO;;;;NO;NO;NO;NO;NO;NO;SI;NO;
21;MAGDALENA;090;ZAPAYAN;99;25;PIEDRASPINTADAS;001;01;PRESIDENTE;NO;;;185;BUEN ESTADO;185;0;5;185;NO;;NO;;;;NO;NO;NO;NO;NO;NO;NO;NO;
21;MAGDALENA;090;ZAPAYAN;99;25;PIEDRASPINTADAS;002;01;PRESIDENTE;NO;;;141;BUEN ESTADO;141;0;5;141;NO;;NO;;;;NO;NO;NO;NO;NO;NO;NO;NO;
21;MAGDALENA;090;ZAPAYAN;99;25;PIEDRASPINTADAS;003;01;PRESIDENTE;NO;;;152;BUEN ESTADO;152;0;5;152;NO;;NO;;;;NO;NO;NO;NO;NO;NO;SI;NO;
21;MAGDALENA;090;ZAPAYAN;99;25;PIEDRASPINTADAS;004;01;PRESIDENTE;NO;;;23;BUEN ESTADO;23;0;5;23;NO;;NO;;;;NO;NO;NO;NO;NO;NO;NO;NO;
21;MAGDALENA;095;ZONA BANANERA (SEVILLA);00;01;IEDJOSEBENITOVIVESDEANDREIS;001;01;PRESIDENTE;NO;;;123;BUEN ESTADO;12;0;6;123;NO;;NO;;;;NO;NO;NO;NO;NO;NO;SI;NO;
21;MAGDALENA;095;ZONA BANANERA (SEVILLA);00;01;IEDJOSEBENITOVIVESDEANDREIS;002;01;PRESIDENTE;NO;;;208;BUEN ESTADO;208;1;6;207;NO;;NO;;;;NO;NO;NO;NO;NO;NO;SI;NO;
21;MAGDALENA;095;ZONA BANANERA (SEVILLA);00;01;IEDJOSEBENITOVIVESDEANDREIS;003;01;PRESIDENTE;NO;;;155;BUEN ESTADO;155;0;6;155;NO;;NO;;;;NO;NO;NO;NO;NO;NO;NO;NO;
21;MAGDALENA;095;ZONA BANANERA (SEVILLA);00;01;IEDJOSEBENITOVIVESDEANDREIS;004;01;PRESIDENTE;NO;;;118;BUEN ESTADO;118;0;6;118;NO;;NO;;;;NO;NO;NO;NO;NO;NO;SI;NO;
21;MAGDALENA;095;ZONA BANANERA (SEVILLA);00;01;IEDJOSEBENITOVIVESDEANDREIS;005;01;PRESIDENTE;NO;;;166;BUEN ESTADO;166;0;6;166;NO;;NO;;;;NO;NO;NO;NO;NO;NO;SI;NO;
21;MAGDALENA;095;ZONA BANANERA (SEVILLA);00;01;IEDJOSEBENITOVIVESDEANDREIS;006;01;PRESIDENTE;NO;;;152;BUEN ESTADO;152;0;5;152;NO;;NO;;;;NO;NO;NO;NO;NO;NO;SI;NO;
21;MAGDALENA;095;ZONA BANANERA (SEVILLA);00;01;IEDJOSEBENITOVIVESDEANDREIS;007;01;PRESIDENTE;NO;;;96;BUEN ESTADO;96;0;6;96;NO;;NO;;;;NO;NO;NO;NO;NO;NO;SI;NO;
21;MAGDALENA;095;ZONA BANANERA (SEVILLA);00;01;IEDJOSEBENITOVIVESDEANDREIS;008;01;PRESIDENTE;NO;;;138;BUEN ESTADO;138;0;6;138;NO;;NO;;;;NO;NO;NO;NO;NO;NO;SI;NO;
21;MAGDALENA;095;ZONA BANANERA (SEVILLA);00;01;IEDJOSEBENITOVIVESDEANDREIS;009;01;PRESIDENTE;NO;;;90;BUEN ESTADO;90;0;6;90;NO;;NO;;;;NO;NO;NO;NO;NO;NO;SI;NO;
21;MAGDALENA;095;ZONA BANANERA (SEVILLA);00;01;IEDJOSEBENITOVIVESDEANDREIS;010;01;PRESIDENTE;NO;;;110;BUEN ESTADO;110;0;6;110;NO;;NO;;;;NO;NO;NO;NO;NO;NO;NO;NO;
21;MAGDALENA;095;ZONA BANANERA (SEVILLA);00;01;IEDJOSEBENITOVIVESDEANDREIS;011;01;PRESIDENTE;NO;;;100;BUEN ESTADO;100;0;6;100;NO;;NO;;;;NO;NO;NO;NO;NO;NO;SI;NO;
21;MAGDALENA;095;ZONA BANANERA (SEVILLA);00;01;IEDJOSEBENITOVIVESDEANDREIS;012;01;PRESIDENTE;NO;;;110;BUEN ESTADO;110;0;6;110;NO;;NO;;;;NO;NO;NO;NO;NO;NO;NO;NO;
21;MAGDALENA;095;ZONA BANANERA (SEVILLA);00;01;IEDJOSEBENITOVIVESDEANDREIS;013;01;PRESIDENTE;NO;;;103;BUEN ESTADO;103;0;6;103;NO;;NO;;;;NO;NO;NO;NO;NO;NO;SI;NO;
21;MAGDALENA;095;ZONA BANANERA (SEVILLA);00;01;IEDJOSEBENITOVIVESDEANDREIS;014;01;PRESIDENTE;NO;;;85;BUEN ESTADO;85;0;6;85;NO;;NO;;;;NO;NO;NO;NO;NO;NO;NO;NO;
21;MAGDALENA;095;ZONA BANANERA (SEVILLA);00;01;IEDJOSEBENITOVIVESDEANDREIS;015;01;PRESIDENTE;NO;;;89;BUEN ESTADO;89;0;6;89;NO;;NO;;;;NO;NO;NO;NO;NO;NO;SI;NO;
21;MAGDALENA;095;ZONA BANANERA (SEVILLA);00;01;IEDJOSEBENITOVIVESDEANDREIS;016;01;PRESIDENTE;NO;;;80;BUEN ESTADO;80;0;6;80;NO;;NO;;;;NO;NO;NO;NO;NO;NO;SI;NO;
21;MAGDALENA;095;ZONA BANANERA (SEVILLA);00;01;IEDJOSEBENITOVIVESDEANDREIS;017;01;PRESIDENTE;NO;;;84;BUEN ESTADO;84;0;6;84;NO;;NO;;;;NO;NO;NO;NO;NO;NO;NO;NO;
21;MAGDALENA;095;ZONA BANANERA (SEVILLA);00;01;IEDJOSEBENITOVIVESDEANDREIS;018;01;PRESIDENTE;NO;;;94;BUEN ESTADO;94;0;6;94;NO;;NO;;;;NO;NO;NO;NO;NO;NO;SI;NO;
21;MAGDALENA;095;ZONA BANANERA (SEVILLA);00;01;IEDJOSEBENITOVIVESDEANDREIS;019;01;PRESIDENTE;NO;;;102;BUEN ESTADO;102;0;6;102;NO;;NO;;;;NO;NO;NO;NO;NO;NO;SI;NO;
21;MAGDALENA;095;ZONA BANANERA (SEVILLA);00;01;IEDJOSEBENITOVIVESDEANDREIS;020;01;PRESIDENTE;NO;;;88;BUEN ESTADO;88;0;6;88;NO;;NO;;;;NO;NO;NO;NO;NO;NO;NO;NO;
21;MAGDALENA;095;ZONA BANANERA (SEVILLA);00;01;IEDJOSEBENITOVIVESDEANDREIS;021;01;PRESIDENTE;NO;;;105;BUEN ESTADO;105;0;6;105;NO;;NO;;;;NO;NO;NO;NO;NO;NO;NO;NO;
21;MAGDALENA;095;ZONA BANANERA (SEVILLA);00;01;IEDJOSEBENITOVIVESDEANDREIS;022;01;PRESIDENTE;NO;;;133;BUEN ESTADO;133;0;6;133;NO;;NO;;;;NO;NO;NO;NO;NO;NO;SI;NO;
21;MAGDALENA;095;ZONA BANANERA (SEVILLA);00;01;IEDJOSEBENITOVIVESDEANDREIS;023;01;PRESIDENTE;NO;;;111;BUEN ESTADO;111;0;6;111;NO;;NO;;;;NO;NO;NO;NO;NO;NO;NO;NO;
21;MAGDALENA;095;ZONA BANANERA (SEVILLA);00;01;IEDJOSEBENITOVIVESDEANDREIS;024;01;PRESIDENTE;NO;;;96;BUEN ESTADO;96;0;6;96;NO;;NO;;;;NO;NO;NO;NO;NO;NO;NO;NO;
21;MAGDALENA;095;ZONA BANANERA (SEVILLA);00;01;IEDJOSEBENITOVIVESDEANDREIS;025;01;PRESIDENTE;NO;;;76;BUEN ESTADO;76;0;6;76;NO;;NO;;;;NO;NO;NO;NO;NO;NO;SI;NO;
21;MAGDALENA;095;ZONA BANANERA (SEVILLA);00;02;IEDJOSEBENITOVDEASDESCRDEVARON;001;01;PRESIDENTE;NO;;;114;BUEN ESTADO;114;0;6;114;NO;;NO;;;;NO;NO;NO;NO;NO;NO;SI;NO;
21;MAGDALENA;095;ZONA BANANERA (SEVILLA);99;15;CANDELARIA;001;01;PRESIDENTE;NO;;;217;BUEN ESTADO;217;0;6;217;NO;;NO;;;;NO;NO;NO;NO;NO;NO;NO;NO;
21;MAGDALENA;095;ZONA BANANERA (SEVILLA);99;15;CANDELARIA;002;01;PRESIDENTE;NO;;;131;BUEN ESTADO;131;0;5;131;NO;;NO;;;;NO;NO;NO;NO;NO;NO;NO;NO;
21;MAGDALENA;095;ZONA BANANERA (SEVILLA);99;15;CANDELARIA;003;01;PRESIDENTE;NO;;;78;BUEN ESTADO;78;0;6;78;NO;;NO;;;;NO;NO;NO;NO;NO;NO;SI;NO;
21;MAGDALENA;095;ZONA BANANERA (SEVILLA);99;20;LAGRANVIA;001;01;PRESIDENTE;NO;;;171;BUEN ESTADO;171;0;6;171;NO;;NO;;;;NO;NO;NO;NO;NO;NO;NO;NO;
21;MAGDALENA;095;ZONA BANANERA (SEVILLA);99;20;LAGRANVIA;002;01;PRESIDENTE;NO;;;165;BUEN ESTADO;165;0;6;165;NO;;NO;;;;NO;NO;NO;NO;NO;NO;NO;NO;
21;MAGDALENA;095;ZONA BANANERA (SEVILLA);99;20;LAGRANVIA;003;01;PRESIDENTE;NO;;;186;BUEN ESTADO;186;0;6;186;NO;;NO;;;;NO;NO;NO;NO;NO;NO;SI;NO;
21;MAGDALENA;095;ZONA BANANERA (SEVILLA);99;20;LAGRANVIA;004;01;PRESIDENTE;NO;;;137;BUEN ESTADO;137;0;6;137;NO;;NO;;;;NO;NO;NO;NO;NO;NO;SI;NO;
21;MAGDALENA;095;ZONA BANANERA (SEVILLA);99;20;LAGRANVIA;005;01;PRESIDENTE;NO;;;127;BUEN ESTADO;127;0;6;127;NO;;NO;;;;NO;NO;NO;NO;NO;NO;NO;NO;
21;MAGDALENA;095;ZONA BANANERA (SEVILLA);99;20;LAGRANVIA;006;01;PRESIDENTE;NO;;;137;BUEN ESTADO;137;0;6;137;NO;;NO;;;;NO;NO;NO;NO;NO;NO;NO;NO;
21;MAGDALENA;095;ZONA BANANERA (SEVILLA);99;20;LAGRANVIA;007;01;PRESIDENTE;NO;;;119;BUEN ESTADO;119;0;6;119;NO;;NO;;;;NO;NO;NO;NO;NO;NO;SI;NO;
21;MAGDALENA;095;ZONA BANANERA (SEVILLA);99;23;GUACAMAYAL;001;01;PRESIDENTE;NO;;;187;BUEN ESTADO;187;0;6;187;NO;;NO;;;;NO;NO;NO;NO;NO;NO;NO;NO;
21;MAGDALENA;095;ZONA BANANERA (SEVILLA);99;23;GUACAMAYAL;002;01;PRESIDENTE;NO;;;209;BUEN ESTADO;208;0;6;209;NO;;NO;;;;NO;NO;NO;NO;NO;NO;NO;NO;
21;MAGDALENA;095;ZONA BANANERA (SEVILLA);99;23;GUACAMAYAL;003;01;PRESIDENTE;NO;;;183;BUEN ESTADO;183;0;6;183;NO;;NO;;;;NO;NO;NO;NO;NO;NO;NO;NO;
21;MAGDALENA;095;ZONA BANANERA (SEVILLA);99;23;GUACAMAYAL;004;01;PRESIDENTE;NO;;;166;BUEN ESTADO;166;0;6;166;NO;;NO;;;;NO;NO;NO;NO;NO;NO;SI;NO;
21;MAGDALENA;095;ZONA BANANERA (SEVILLA);99;23;GUACAMAYAL;005;01;PRESIDENTE;NO;;;185;BUEN ESTADO;185;1;6;186;NO;;NO;;;;NO;NO;NO;NO;NO;NO;NO;NO;
21;MAGDALENA;095;ZONA BANANERA (SEVILLA);99;23;GUACAMAYAL;006;01;PRESIDENTE;NO;;;157;BUEN ESTADO;157;0;6;157;NO;;NO;;;;NO;NO;NO;NO;NO;NO;SI;NO;
21;MAGDALENA;095;ZONA BANANERA (SEVILLA);99;23;GUACAMAYAL;007;01;PRESIDENTE;NO;;;206;BUEN ESTADO;206;0;6;206;NO;;NO;;;;NO;NO;NO;NO;NO;NO;SI;NO;
21;MAGDALENA;095;ZONA BANANERA (SEVILLA);99;23;GUACAMAYAL;008;01;PRESIDENTE;NO;;;198;BUEN ESTADO;198;0;6;198;NO;;NO;;;;NO;NO;NO;NO;NO;NO;SI;NO;
21;MAGDALENA;095;ZONA BANANERA (SEVILLA);99;23;GUACAMAYAL;009;01;PRESIDENTE;NO;;;180;BUEN ESTADO;180;0;6;180;NO;;NO;;;;NO;NO;NO;NO;NO;NO;SI;NO;
21;MAGDALENA;095;ZONA BANANERA (SEVILLA);99;23;GUACAMAYAL;010;01;PRESIDENTE;NO;;;181;BUEN ESTADO;181;0;6;181;NO;;NO;;;;NO;NO;NO;NO;NO;NO;NO;NO;
21;MAGDALENA;095;ZONA BANANERA (SEVILLA);99;23;GUACAMAYAL;011;01;PRESIDENTE;NO;;;190;BUEN ESTADO;190;0;6;190;NO;;NO;;;;NO;NO;NO;NO;NO;NO;NO;NO;
21;MAGDALENA;095;ZONA BANANERA (SEVILLA);99;23;GUACAMAYAL;012;01;PRESIDENTE;NO;;;92;BUEN ESTADO;92;0;6;92;NO;;NO;;;;NO;NO;NO;NO;NO;NO;SI;NO;
21;MAGDALENA;095;ZONA BANANERA (SEVILLA);99;23;GUACAMAYAL;013;01;PRESIDENTE;NO;;;114;BUEN ESTADO;114;0;6;114;NO;;NO;;;;NO;NO;NO;NO;NO;NO;SI;NO;
21;MAGDALENA;095;ZONA BANANERA (SEVILLA);99;23;GUACAMAYAL;014;01;PRESIDENTE;NO;;;135;BUEN ESTADO;135;0;6;135;NO;;NO;;;;NO;NO;NO;NO;NO;NO;NO;NO;
21;MAGDALENA;095;ZONA BANANERA (SEVILLA);99;23;GUACAMAYAL;015;01;PRESIDENTE;NO;;;119;BUEN ESTADO;119;0;6;119;NO;;NO;;;;NO;NO;NO;NO;NO;NO;NO;NO;
21;MAGDALENA;095;ZONA BANANERA (SEVILLA);99;23;GUACAMAYAL;016;01;PRESIDENTE;NO;;;128;BUEN ESTADO;128;0;6;128;NO;;NO;;;;NO;NO;NO;NO;NO;NO;NO;NO;
21;MAGDALENA;095;ZONA BANANERA (SEVILLA);99;23;GUACAMAYAL;017;01;PRESIDENTE;NO;;;114;BUEN ESTADO;114;0;6;114;NO;;NO;;;;NO;NO;NO;NO;NO;NO;NO;NO;
21;MAGDALENA;095;ZONA BANANERA (SEVILLA);99;23;GUACAMAYAL;018;01;PRESIDENTE;NO;;;131;BUEN ESTADO;131;0;6;131;NO;;NO;;;;NO;NO;NO;NO;NO;NO;SI;NO;
21;MAGDALENA;095;ZONA BANANERA (SEVILLA);99;23;GUACAMAYAL;019;01;PRESIDENTE;NO;;;157;BUEN ESTADO;157;0;6;157;NO;;NO;;;;NO;NO;NO;NO;NO;NO;SI;NO;
21;MAGDALENA;095;ZONA BANANERA (SEVILLA);99;23;GUACAMAYAL;020;01;PRESIDENTE;NO;;;121;BUEN ESTADO;121;0;6;121;NO;;NO;;;;NO;NO;NO;NO;NO;NO;SI;NO;
21;MAGDALENA;095;ZONA BANANERA (SEVILLA);99;23;GUACAMAYAL;021;01;PRESIDENTE;NO;;;129;BUEN ESTADO;129;0;6;129;NO;;NO;;;;NO;NO;NO;NO;NO;NO;NO;NO;
21;MAGDALENA;095;ZONA BANANERA (SEVILLA);99;23;GUACAMAYAL;022;01;PRESIDENTE;NO;;;49;BUEN ESTADO;49;0;6;49;NO;;NO;;;;NO;NO;NO;NO;NO;NO;SI;NO;
21;MAGDALENA;095;ZONA BANANERA (SEVILLA);99;24;IEDMACONDO;001;01;PRESIDENTE;NO;;;147;BUEN ESTADO;147;0;6;147;NO;;NO;;;;NO;NO;NO;NO;NO;NO;NO;NO;
21;MAGDALENA;095;ZONA BANANERA (SEVILLA);99;25;GUAMACHITO;001;01;PRESIDENTE;NO;;;137;BUEN ESTADO;137;0;6;137;NO;;NO;;;;NO;NO;NO;NO;NO;NO;SI;NO;
21;MAGDALENA;095;ZONA BANANERA (SEVILLA);99;25;GUAMACHITO;002;01;PRESIDENTE;NO;;;148;BUEN ESTADO;148;0;5;148;NO;;NO;;;;NO;NO;NO;NO;NO;NO;SI;NO;
21;MAGDALENA;095;ZONA BANANERA (SEVILLA);99;25;GUAMACHITO;003;01;PRESIDENTE;NO;;;116;BUEN ESTADO;116;0;4;116;NO;;NO;;;;NO;NO;NO;NO;NO;NO;SI;NO;
21;MAGDALENA;095;ZONA BANANERA (SEVILLA);99;25;GUAMACHITO;004;01;PRESIDENTE;NO;;;24;BUEN ESTADO;24;0;5;24;NO;;NO;;;;NO;NO;NO;NO;NO;NO;SI;NO;
21;MAGDALENA;095;ZONA BANANERA (SEVILLA);99;26;JULIOZAWADY;001;01;PRESIDENTE;NO;;;213;BUEN ESTADO;213;0;6;213;NO;;NO;;;;NO;NO;NO;NO;NO;NO;SI;NO;
21;MAGDALENA;095;ZONA BANANERA (SEVILLA);99;26;JULIOZAWADY;002;01;PRESIDENTE;NO;;;164;BUEN ESTADO;164;0;6;164;NO;;NO;;;;NO;NO;NO;NO;NO;NO;SI;NO;
21;MAGDALENA;095;ZONA BANANERA (SEVILLA);99;26;JULIOZAWADY;003;01;PRESIDENTE;NO;;;127;BUEN ESTADO;127;1;6;127;NO;;NO;;;;NO;NO;NO;NO;NO;NO;SI;NO;
21;MAGDALENA;095;ZONA BANANERA (SEVILLA);99;26;JULIOZAWADY;004;01;PRESIDENTE;NO;;;95;BUEN ESTADO;95;0;6;95;NO;;NO;;;;NO;NO;NO;NO;NO;NO;SI;NO;
21;MAGDALENA;095;ZONA BANANERA (SEVILLA);99;26;JULIOZAWADY;005;01;PRESIDENTE;NO;;;34;BUEN ESTADO;34;0;6;34;NO;;NO;;;;NO;NO;NO;NO;NO;NO;SI;NO;
21;MAGDALENA;095;ZONA BANANERA (SEVILLA);99;28;ORIHUECA;001;01;PRESIDENTE;NO;;;140;BUEN ESTADO;140;0;6;140;NO;;NO;;;;NO;NO;NO;NO;NO;NO;SI;NO;
21;MAGDALENA;095;ZONA BANANERA (SEVILLA);99;28;ORIHUECA;002;01;PRESIDENTE;NO;;;200;BUEN ESTADO;200;0;6;200;NO;;NO;;;;NO;NO;NO;NO;NO;NO;NO;NO;
21;MAGDALENA;095;ZONA BANANERA (SEVILLA);99;28;ORIHUECA;003;01;PRESIDENTE;NO;;;204;BUEN ESTADO;204;0;6;204;NO;;NO;;;;NO;NO;NO;NO;NO;NO;SI;NO;
21;MAGDALENA;095;ZONA BANANERA (SEVILLA);99;28;ORIHUECA;004;01;PRESIDENTE;NO;;;228;BUEN ESTADO;228;0;6;228;NO;;NO;;;;NO;NO;NO;NO;NO;NO;NO;NO;
21;MAGDALENA;095;ZONA BANANERA (SEVILLA);99;28;ORIHUECA;005;01;PRESIDENTE;NO;;;167;BUEN ESTADO;167;0;6;167;NO;;NO;;;;NO;NO;NO;NO;NO;NO;SI;NO;
21;MAGDALENA;095;ZONA BANANERA (SEVILLA);99;28;ORIHUECA;006;01;PRESIDENTE;NO;;;126;BUEN ESTADO;126;0;6;126;NO;;NO;;;;NO;NO;NO;NO;NO;NO;SI;NO;
21;MAGDALENA;095;ZONA BANANERA (SEVILLA);99;28;ORIHUECA;007;01;PRESIDENTE;NO;;;183;BUEN ESTADO;183;0;6;183;NO;;NO;;;;NO;NO;NO;NO;NO;NO;SI;NO;
21;MAGDALENA;095;ZONA BANANERA (SEVILLA);99;28;ORIHUECA;008;01;PRESIDENTE;NO;;;223;BUEN ESTADO;223;0;6;223;NO;;NO;;;;NO;NO;NO;NO;NO;NO;SI;NO;
21;MAGDALENA;095;ZONA BANANERA (SEVILLA);99;28;ORIHUECA;009;01;PRESIDENTE;NO;;;190;BUEN ESTADO;190;0;6;190;NO;;NO;;;;NO;NO;NO;NO;NO;NO;SI;NO;
21;MAGDALENA;095;ZONA BANANERA (SEVILLA);99;28;ORIHUECA;010;01;PRESIDENTE;NO;;;170;BUEN ESTADO;170;0;6;170;NO;;NO;;;;NO;NO;NO;NO;NO;NO;SI;NO;
21;MAGDALENA;095;ZONA BANANERA (SEVILLA);99;28;ORIHUECA;011;01;PRESIDENTE;NO;;;167;BUEN ESTADO;167;0;6;167;NO;;NO;;;;NO;NO;NO;NO;NO;NO;SI;NO;
21;MAGDALENA;095;ZONA BANANERA (SEVILLA);99;28;ORIHUECA;012;01;PRESIDENTE;NO;;;181;BUEN ESTADO;181;0;6;181;NO;;NO;;;;NO;NO;NO;NO;NO;NO;NO;NO;
21;MAGDALENA;095;ZONA BANANERA (SEVILLA);99;28;ORIHUECA;013;01;PRESIDENTE;NO;;;100;BUEN ESTADO;100;0;6;100;NO;;NO;;;;NO;NO;NO;NO;NO;NO;NO;NO;
21;MAGDALENA;095;ZONA BANANERA (SEVILLA);99;28;ORIHUECA;014;01;PRESIDENTE;NO;;;96;BUEN ESTADO;96;0;6;96;NO;;NO;;;;NO;NO;NO;NO;NO;NO;NO;NO;
21;MAGDALENA;095;ZONA BANANERA (SEVILLA);99;28;ORIHUECA;015;01;PRESIDENTE;NO;;;162;BUEN ESTADO;162;0;6;162;NO;;NO;;;;NO;NO;NO;NO;NO;NO;SI;NO;
21;MAGDALENA;095;ZONA BANANERA (SEVILLA);99;28;ORIHUECA;016;01;PRESIDENTE;NO;;;131;BUEN ESTADO;132;1;6;131;NO;;NO;;;;NO;NO;NO;NO;NO;NO;NO;NO;
21;MAGDALENA;095;ZONA BANANERA (SEVILLA);99;28;ORIHUECA;017;01;PRESIDENTE;NO;;;125;BUEN ESTADO;125;0;6;125;NO;;NO;;;;NO;NO;NO;NO;NO;NO;NO;NO;
21;MAGDALENA;095;ZONA BANANERA (SEVILLA);99;28;ORIHUECA;018;01;PRESIDENTE;NO;;;120;BUEN ESTADO;120;0;6;120;NO;;NO;;;;NO;NO;NO;NO;NO;NO;SI;NO;
21;MAGDALENA;095;ZONA BANANERA (SEVILLA);99;28;ORIHUECA;019;01;PRESIDENTE;NO;;;112;BUEN ESTADO;112;0;6;111;NO;;NO;;;;NO;NO;NO;NO;NO;NO;SI;NO;
21;MAGDALENA;095;ZONA BANANERA (SEVILLA);99;28;ORIHUECA;020;01;PRESIDENTE;NO;;;104;BUEN ESTADO;104;0;6;104;NO;;NO;;;;NO;NO;NO;NO;NO;NO;SI;NO;
21;MAGDALENA;095;ZONA BANANERA (SEVILLA);99;28;ORIHUECA;021;01;PRESIDENTE;NO;;;116;BUEN ESTADO;116;0;6;116;NO;;NO;;;;NO;NO;NO;NO;NO;NO;NO;NO;
21;MAGDALENA;095;ZONA BANANERA (SEVILLA);99;28;ORIHUECA;022;01;PRESIDENTE;NO;;;131;BUEN ESTADO;131;0;6;131;NO;;NO;;;;NO;NO;NO;NO;NO;NO;SI;NO;
21;MAGDALENA;095;ZONA BANANERA (SEVILLA);99;28;ORIHUECA;023;01;PRESIDENTE;NO;;;131;BUEN ESTADO;131;0;6;131;NO;;NO;;;;NO;NO;NO;NO;NO;NO;NO;NO;
21;MAGDALENA;095;ZONA BANANERA (SEVILLA);99;28;ORIHUECA;024;01;PRESIDENTE;NO;;;116;BUEN ESTADO;116;0;6;116;NO;;NO;;;;NO;NO;NO;NO;NO;NO;NO;NO;
21;MAGDALENA;095;ZONA BANANERA (SEVILLA);99;28;ORIHUECA;025;01;PRESIDENTE;NO;;;124;BUEN ESTADO;124;0;6;124;NO;;NO;;;;NO;NO;NO;NO;NO;NO;NO;NO;
21;MAGDALENA;095;ZONA BANANERA (SEVILLA);99;28;ORIHUECA;026;01;PRESIDENTE;NO;;;143;BUEN ESTADO;143;0;6;143;NO;;NO;;;;NO;NO;NO;NO;NO;NO;NO;NO;
21;MAGDALENA;095;ZONA BANANERA (SEVILLA);99;28;ORIHUECA;027;01;PRESIDENTE;NO;;;19;BUEN ESTADO;19;0;6;19;NO;;NO;;;;NO;NO;NO;NO;NO;NO;NO;NO;
21;MAGDALENA;095;ZONA BANANERA (SEVILLA);99;30;PALOMAR;001;01;PRESIDENTE;NO;;;136;BUEN ESTADO;136;0;6;136;NO;;NO;;;;NO;NO;NO;NO;NO;NO;SI;NO;
21;MAGDALENA;095;ZONA BANANERA (SEVILLA);99;30;PALOMAR;002;01;PRESIDENTE;NO;;;130;BUEN ESTADO;130;0;6;130;NO;;NO;;;;NO;NO;NO;NO;NO;NO;SI;NO;
21;MAGDALENA;095;ZONA BANANERA (SEVILLA);99;30;PALOMAR;003;01;PRESIDENTE;NO;;;121;BUEN ESTADO;121;0;6;121;NO;;NO;;;;NO;NO;NO;NO;NO;NO;SI;NO;
21;MAGDALENA;095;ZONA BANANERA (SEVILLA);99;38;IEDEPTALARMANDOESTRADAFLORESS;001;01;PRESIDENTE;NO;;;129;BUEN ESTADO;129;0;6;129;NO;;NO;;;;NO;NO;NO;NO;NO;NO;NO;NO;
21;MAGDALENA;095;ZONA BANANERA (SEVILLA);99;38;IEDEPTALARMANDOESTRADAFLORESS;002;01;PRESIDENTE;NO;;;156;BUEN ESTADO;156;0;6;156;NO;;NO;;;;NO;NO;NO;NO;NO;NO;SI;NO;
21;MAGDALENA;095;ZONA BANANERA (SEVILLA);99;38;IEDEPTALARMANDOESTRADAFLORESS;003;01;PRESIDENTE;NO;;;175;BUEN ESTADO;175;0;6;175;NO;;NO;;;;NO;NO;NO;NO;NO;NO;SI;NO;
21;MAGDALENA;095;ZONA BANANERA (SEVILLA);99;38;IEDEPTALARMANDOESTRADAFLORESS;004;01;PRESIDENTE;NO;;;200;BUEN ESTADO;200;0;5;200;NO;;NO;;;;NO;NO;NO;NO;NO;NO;SI;NO;
21;MAGDALENA;095;ZONA BANANERA (SEVILLA);99;38;IEDEPTALARMANDOESTRADAFLORESS;005;01;PRESIDENTE;NO;;;157;BUEN ESTADO;157;0;5;157;NO;;NO;;;;NO;NO;NO;NO;NO;NO;NO;NO;
21;MAGDALENA;095;ZONA BANANERA (SEVILLA);99;38;IEDEPTALARMANDOESTRADAFLORESS;006;01;PRESIDENTE;NO;;;138;BUEN ESTADO;138;0;5;138;NO;;NO;;;;NO;NO;NO;NO;NO;NO;SI;NO;
21;MAGDALENA;095;ZONA BANANERA (SEVILLA);99;38;IEDEPTALARMANDOESTRADAFLORESS;007;01;PRESIDENTE;NO;;;185;BUEN ESTADO;185;0;5;185;NO;;NO;;;;NO;NO;NO;NO;NO;NO;SI;NO;
21;MAGDALENA;095;ZONA BANANERA (SEVILLA);99;38;IEDEPTALARMANDOESTRADAFLORESS;008;01;PRESIDENTE;NO;;;170;BUEN ESTADO;170;0;6;170;NO;;NO;;;;NO;NO;NO;NO;NO;NO;SI;NO;
21;MAGDALENA;095;ZONA BANANERA (SEVILLA);99;38;IEDEPTALARMANDOESTRADAFLORESS;009;01;PRESIDENTE;NO;;;148;BUEN ESTADO;148;0;6;148;NO;;NO;;;;NO;NO;NO;NO;NO;NO;SI;NO;
21;MAGDALENA;095;ZONA BANANERA (SEVILLA);99;38;IEDEPTALARMANDOESTRADAFLORESS;010;01;PRESIDENTE;NO;;;161;BUEN ESTADO;161;0;6;161;NO;;NO;;;;NO;NO;NO;NO;NO;NO;SI;NO;
21;MAGDALENA;095;ZONA BANANERA (SEVILLA);99;38;IEDEPTALARMANDOESTRADAFLORESS;011;01;PRESIDENTE;NO;;;139;BUEN ESTADO;139;0;4;139;NO;;NO;;;;NO;NO;NO;NO;NO;NO;NO;NO;
21;MAGDALENA;095;ZONA BANANERA (SEVILLA);99;38;IEDEPTALARMANDOESTRADAFLORESS;012;01;PRESIDENTE;NO;;;113;BUEN ESTADO;113;0;6;113;NO;;NO;;;;NO;NO;NO;NO;NO;NO;NO;NO;
21;MAGDALENA;095;ZONA BANANERA (SEVILLA);99;38;IEDEPTALARMANDOESTRADAFLORESS;013;01;PRESIDENTE;NO;;;139;BUEN ESTADO;139;0;6;139;NO;;NO;;;;NO;NO;NO;NO;NO;NO;NO;NO;
21;MAGDALENA;095;ZONA BANANERA (SEVILLA);99;38;IEDEPTALARMANDOESTRADAFLORESS;014;01;PRESIDENTE;NO;;;147;BUEN ESTADO;147;0;6;147;NO;;NO;;;;NO;NO;NO;NO;NO;NO;SI;NO;
21;MAGDALENA;095;ZONA BANANERA (SEVILLA);99;38;IEDEPTALARMANDOESTRADAFLORESS;015;01;PRESIDENTE;NO;;;107;BUEN ESTADO;107;0;5;107;NO;;NO;;;;NO;NO;NO;NO;NO;NO;SI;NO;
21;MAGDALENA;095;ZONA BANANERA (SEVILLA);99;38;IEDEPTALARMANDOESTRADAFLORESS;016;01;PRESIDENTE;NO;;;97;BUEN ESTADO;97;0;5;97;NO;;NO;;;;NO;NO;NO;NO;NO;NO;NO;NO;
21;MAGDALENA;095;ZONA BANANERA (SEVILLA);99;38;IEDEPTALARMANDOESTRADAFLORESS;017;01;PRESIDENTE;NO;;;119;BUEN ESTADO;119;0;6;119;NO;;NO;;;;NO;NO;NO;NO;NO;NO;NO;NO;
21;MAGDALENA;095;ZONA BANANERA (SEVILLA);99;38;IEDEPTALARMANDOESTRADAFLORESS;018;01;PRESIDENTE;NO;;;131;BUEN ESTADO;131;0;5;131;NO;;NO;;;;NO;NO;NO;NO;NO;NO;NO;NO;
21;MAGDALENA;095;ZONA BANANERA (SEVILLA);99;38;IEDEPTALARMANDOESTRADAFLORESS;019;01;PRESIDENTE;NO;;;129;BUEN ESTADO;129;0;5;129;NO;;NO;;;;NO;NO;NO;NO;NO;NO;SI;NO;
21;MAGDALENA;095;ZONA BANANERA (SEVILLA);99;38;IEDEPTALARMANDOESTRADAFLORESS;020;01;PRESIDENTE;NO;;;148;BUEN ESTADO;148;0;6;148;NO;;NO;;;;NO;NO;NO;NO;NO;NO;SI;NO;
21;MAGDALENA;095;ZONA BANANERA (SEVILLA);99;39;SANJOSEDEKENNEDY;001;01;PRESIDENTE;NO;;;169;BUEN ESTADO;169;0;4;169;NO;;NO;;;;NO;NO;NO;NO;NO;NO;SI;NO;
21;MAGDALENA;095;ZONA BANANERA (SEVILLA);99;39;SANJOSEDEKENNEDY;002;01;PRESIDENTE;NO;;;102;BUEN ESTADO;102;0;5;102;NO;;NO;;;;NO;NO;NO;NO;NO;NO;SI;NO;
21;MAGDALENA;095;ZONA BANANERA (SEVILLA);99;39;SANJOSEDEKENNEDY;003;01;PRESIDENTE;NO;;;95;BUEN ESTADO;95;0;5;95;NO;;NO;;;;NO;NO;NO;NO;NO;NO;SI;NO;
21;MAGDALENA;095;ZONA BANANERA (SEVILLA);99;40;SANTAROSALIA;001;01;PRESIDENTE;NO;;;184;BUEN ESTADO;184;0;6;184;NO;;NO;;;;NO;NO;NO;NO;NO;NO;NO;NO;
21;MAGDALENA;095;ZONA BANANERA (SEVILLA);99;40;SANTAROSALIA;002;01;PRESIDENTE;NO;;;162;BUEN ESTADO;162;0;5;162;NO;;NO;;;;NO;NO;NO;NO;NO;NO;SI;NO;
21;MAGDALENA;095;ZONA BANANERA (SEVILLA);99;40;SANTAROSALIA;003;01;PRESIDENTE;NO;;;108;BUEN ESTADO;108;0;6;108;NO;;NO;;;;NO;NO;NO;NO;NO;NO;NO;NO;
21;MAGDALENA;095;ZONA BANANERA (SEVILLA);99;40;SANTAROSALIA;004;01;PRESIDENTE;NO;;;129;BUEN ESTADO;129;0;6;129;NO;;NO;;;;NO;NO;NO;NO;NO;NO;SI;NO;
21;MAGDALENA;095;ZONA BANANERA (SEVILLA);99;40;SANTAROSALIA;005;01;PRESIDENTE;NO;;;16;BUEN ESTADO;16;0;5;16;NO;;NO;;;;NO;NO;NO;NO;NO;NO;NO;NO;
21;MAGDALENA;095;ZONA BANANERA (SEVILLA);99;42;SOPLADOR;001;01;PRESIDENTE;NO;;;159;BUEN ESTADO;159;0;6;159;NO;;NO;;;;NO;NO;NO;NO;NO;NO;SI;NO;
21;MAGDALENA;095;ZONA BANANERA (SEVILLA);99;42;SOPLADOR;002;01;PRESIDENTE;NO;;;151;BUEN ESTADO;151;0;6;151;NO;;NO;;;;NO;NO;NO;NO;NO;NO;SI;NO;
21;MAGDALENA;095;ZONA BANANERA (SEVILLA);99;42;SOPLADOR;003;01;PRESIDENTE;NO;;;157;BUEN ESTADO;157;0;5;157;NO;;NO;;;;NO;NO;NO;NO;NO;NO;NO;NO;
21;MAGDALENA;095;ZONA BANANERA (SEVILLA);99;42;SOPLADOR;004;01;PRESIDENTE;NO;;;117;BUEN ESTADO;117;0;6;117;NO;;NO;;;;NO;NO;NO;NO;NO;NO;NO;NO;
21;MAGDALENA;095;ZONA BANANERA (SEVILLA);99;42;SOPLADOR;005;01;PRESIDENTE;NO;;;101;BUEN ESTADO;101;0;6;101;NO;;NO;;;;NO;NO;NO;NO;NO;NO;SI;NO;
21;MAGDALENA;095;ZONA BANANERA (SEVILLA);99;42;SOPLADOR;006;01;PRESIDENTE;NO;;;98;BUEN ESTADO;98;0;6;98;NO;;NO;;;;NO;NO;NO;NO;NO;NO;SI;NO;
21;MAGDALENA;095;ZONA BANANERA (SEVILLA);99;49;TUCURINCA;001;01;PRESIDENTE;NO;;;168;BUEN ESTADO;168;0;6;168;NO;;NO;;;;NO;NO;NO;NO;NO;NO;SI;NO;
21;MAGDALENA;095;ZONA BANANERA (SEVILLA);99;49;TUCURINCA;002;01;PRESIDENTE;NO;;;199;BUEN ESTADO;199;0;6;199;NO;;NO;;;;NO;NO;NO;NO;NO;NO;SI;NO;
21;MAGDALENA;095;ZONA BANANERA (SEVILLA);99;49;TUCURINCA;003;01;PRESIDENTE;NO;;;178;BUEN ESTADO;178;0;6;178;NO;;NO;;;;NO;NO;NO;NO;NO;NO;SI;NO;
21;MAGDALENA;095;ZONA BANANERA (SEVILLA);99;49;TUCURINCA;004;01;PRESIDENTE;NO;;;152;BUEN ESTADO;152;0;6;152;NO;;NO;;;;NO;NO;NO;NO;NO;NO;SI;NO;
21;MAGDALENA;095;ZONA BANANERA (SEVILLA);99;49;TUCURINCA;005;01;PRESIDENTE;NO;;;164;BUEN ESTADO;164;0;6;164;NO;;NO;;;;NO;NO;NO;NO;NO;NO;SI;NO;
21;MAGDALENA;095;ZONA BANANERA (SEVILLA);99;49;TUCURINCA;006;01;PRESIDENTE;NO;;;166;BUEN ESTADO;166;0;6;166;NO;;NO;;;;NO;NO;NO;NO;NO;NO;SI;NO;
21;MAGDALENA;095;ZONA BANANERA (SEVILLA);99;49;TUCURINCA;007;01;PRESIDENTE;NO;;;133;BUEN ESTADO;133;0;6;133;NO;;NO;;;;NO;NO;NO;NO;NO;NO;SI;NO;
21;MAGDALENA;095;ZONA BANANERA (SEVILLA);99;49;TUCURINCA;008;01;PRESIDENTE;NO;;;167;BUEN ESTADO;167;0;6;167;NO;;NO;;;;NO;NO;NO;NO;NO;NO;SI;NO;
21;MAGDALENA;095;ZONA BANANERA (SEVILLA);99;49;TUCURINCA;009;01;PRESIDENTE;NO;;;146;BUEN ESTADO;146;0;6;146;NO;;NO;;;;NO;NO;NO;NO;NO;NO;SI;NO;
21;MAGDALENA;095;ZONA BANANERA (SEVILLA);99;49;TUCURINCA;010;01;PRESIDENTE;NO;;;118;BUEN ESTADO;118;0;6;118;NO;;NO;;;;NO;NO;NO;NO;NO;NO;SI;NO;
21;MAGDALENA;095;ZONA BANANERA (SEVILLA);99;49;TUCURINCA;011;01;PRESIDENTE;NO;;;96;BUEN ESTADO;96;0;6;96;NO;;NO;;;;NO;NO;NO;NO;NO;NO;SI;NO;
21;MAGDALENA;095;ZONA BANANERA (SEVILLA);99;55;CARITAL;001;01;PRESIDENTE;NO;;;194;BUEN ESTADO;194;0;5;194;NO;;NO;;;;NO;NO;NO;NO;NO;NO;SI;NO;
21;MAGDALENA;095;ZONA BANANERA (SEVILLA);99;55;CARITAL;002;01;PRESIDENTE;NO;;;17;BUEN ESTADO;17;0;6;17;NO;;NO;;;;NO;NO;NO;NO;NO;NO;SI;NO;
21;MAGDALENA;095;ZONA BANANERA (SEVILLA);99;75;VARELA;001;01;PRESIDENTE;NO;;;147;BUEN ESTADO;147;0;6;147;NO;;NO;;;;NO;NO;NO;NO;NO;NO;NO;NO;
21;MAGDALENA;095;ZONA BANANERA (SEVILLA);99;75;VARELA;002;01;PRESIDENTE;NO;;;148;BUEN ESTADO;148;0;6;148;NO;;NO;;;;NO;NO;NO;NO;NO;NO;NO;NO;
21;MAGDALENA;095;ZONA BANANERA (SEVILLA);99;75;VARELA;003;01;PRESIDENTE;NO;;;162;BUEN ESTADO;162;0;6;162;NO;;NO;;;;NO;NO;NO;NO;NO;NO;NO;NO;
21;MAGDALENA;095;ZONA BANANERA (SEVILLA);99;75;VARELA;004;01;PRESIDENTE;NO;;;103;BUEN ESTADO;103;0;6;103;NO;;NO;;;;NO;NO;NO;NO;NO;NO;NO;NO;
21;MAGDALENA;095;ZONA BANANERA (SEVILLA);99;75;VARELA;005;01;PRESIDENTE;NO;;;101;BUEN ESTADO;101;0;6;101;NO;;NO;;;;NO;NO;NO;NO;NO;NO;NO;NO;
21;MAGDALENA;095;ZONA BANANERA (SEVILLA);99;75;VARELA;006;01;PRESIDENTE;NO;;;88;BUEN ESTADO;88;0;6;88;NO;;NO;;;;NO;NO;NO;NO;NO;NO;SI;NO;
21;MAGDALENA;095;ZONA BANANERA (SEVILLA);99;75;VARELA;007;01;PRESIDENTE;NO;;;87;BUEN ESTADO;87;0;6;87;NO;;NO;;;;NO;NO;NO;NO;NO;NO;SI;NO;
21;MAGDALENA;095;ZONA BANANERA (SEVILLA);99;75;VARELA;008;01;PRESIDENTE;NO;;;28;BUEN ESTADO;28;0;6;28;NO;;NO;;;;NO;NO;NO;NO;NO;NO;NO;NO;
